Accession	BioProjects	BioSample accession	Completeness	Gene count	Geographic Location	Geographic Region	Geographic State	Host Common Name	Host Infraspecific Names Breed	Host Infraspecific Names Cultivar	Host Infraspecific Names Ecotype	Host Infraspecific Names Isolate	Host Infraspecific Names Sex	Host Infraspecific Names Strain	Host Name	Host Pangolin Classification	Host Taxonomic ID	Is Annotated	Is Complete	Is Lab Host	Is Vaccine Strain	Isolate Collection date	Isolate Lineage	Isolate Lineage source	Lab Host	Length	Mature peptide count	Molecule type	Nucleotide completeness	Protein count	Purpose of Sampling	Release date	Segment	Source database	SRA Accessions	Submitter Affiliation	Submitter Country	Submitter Names	Update date	Virus Common Name	Virus Infraspecific Names Breed	Virus Infraspecific Names Cultivar	Virus Infraspecific Names Ecotype	Virus Infraspecific Names Isolate	Virus Infraspecific Names Sex	Virus Infraspecific Names Strain	Virus Name	Virus Pangolin Classification	Virus Taxonomic ID
A36617.1			PARTIAL																							23						1997-03-05T00:00:00Z		GenBank				Tenorio,M.A.	1997-03-05T00:00:00Z								Human alphaherpesvirus 3		10335
A36622.1			PARTIAL																							23						1997-03-05T00:00:00Z		GenBank				Tenorio,M.A.	1997-03-05T00:00:00Z								Human alphaherpesvirus 3		10335
A36627.1			PARTIAL																							21						1997-03-05T00:00:00Z		GenBank				Tenorio,M.A.	1997-03-05T00:00:00Z								Human alphaherpesvirus 3		10335
A36632.1			PARTIAL																							29						1997-03-05T00:00:00Z		GenBank				Tenorio,M.A.	1997-03-05T00:00:00Z								Human alphaherpesvirus 3		10335
A36637.1			PARTIAL																							20						1997-03-05T00:00:00Z		GenBank				Tenorio,M.A.	1997-03-05T00:00:00Z								Human alphaherpesvirus 3		10335
A39331.1			PARTIAL																							4011						1997-03-05T00:00:00Z		GenBank				Jacobs,P.,Massaer,M.,Haumont,M.,Bollen,A.	1997-03-05T00:00:00Z								Human alphaherpesvirus 3		10335
A39333.1			PARTIAL																							19						1997-03-05T00:00:00Z		GenBank				Jacobs,P.,Massaer,M.,Haumont,M.,Bollen,A.	1997-03-05T00:00:00Z								Human alphaherpesvirus 3		10335
A39334.1			PARTIAL																							17						1997-03-05T00:00:00Z		GenBank				Jacobs,P.,Massaer,M.,Haumont,M.,Bollen,A.	1997-03-05T00:00:00Z								Human alphaherpesvirus 3		10335
A94868.1			PARTIAL																				ELLEN			618						2000-01-26T00:00:00Z		GenBank				Glicklhorn,D.,Eickmann,M.D.	2000-01-26T00:00:00Z								Human alphaherpesvirus 3		10335
A94869.1			PARTIAL																				ELLEN			31						2000-01-26T00:00:00Z		GenBank				Glicklhorn,D.,Eickmann,M.D.	2000-01-26T00:00:00Z								Human alphaherpesvirus 3		10335
A94870.1			PARTIAL																							34						2000-01-26T00:00:00Z		GenBank				Glicklhorn,D.,Eickmann,M.D.	2000-01-26T00:00:00Z								Human alphaherpesvirus 3		10335
A94871.1			PARTIAL																							36						2000-01-26T00:00:00Z		GenBank				Glicklhorn,D.,Eickmann,M.D.	2000-01-26T00:00:00Z								Human alphaherpesvirus 3		10335
A94872.1			PARTIAL																				ELLEN			36						2000-01-26T00:00:00Z		GenBank				Glicklhorn,D.,Eickmann,M.D.	2000-01-26T00:00:00Z								Human alphaherpesvirus 3		10335
A94873.1			PARTIAL																				ELLEN			36						2000-01-26T00:00:00Z		GenBank				Glicklhorn,D.,Eickmann,M.D.	2000-01-26T00:00:00Z								Human alphaherpesvirus 3		10335
A94874.1			PARTIAL																				ELLEN			35						2000-01-26T00:00:00Z		GenBank				Glicklhorn,D.,Eickmann,M.D.	2000-01-26T00:00:00Z								Human alphaherpesvirus 3		10335
A94875.1			PARTIAL																				ELLEN			39						2000-01-26T00:00:00Z		GenBank				Glicklhorn,D.,Eickmann,M.D.	2000-01-26T00:00:00Z								Human alphaherpesvirus 3		10335
A94876.1			PARTIAL																				ELLEN			33						2000-01-26T00:00:00Z		GenBank				Glicklhorn,D.,Eickmann,M.D.	2000-01-26T00:00:00Z								Human alphaherpesvirus 3		10335
A94878.1			PARTIAL																				ELLEN			705						2000-01-26T00:00:00Z		GenBank				Giesendorf,B.D.,Eickmann,M.D.	2000-01-26T00:00:00Z								Human alphaherpesvirus 3		10335
A94879.1			PARTIAL																				ELLEN			37						2000-01-26T00:00:00Z		GenBank				Giesendorf,B.D.,Eickmann,M.D.	2000-01-26T00:00:00Z								Human alphaherpesvirus 3		10335
A94880.1			PARTIAL																				ELLEN			38						2000-01-26T00:00:00Z		GenBank				Giesendorf,B.D.,Eickmann,M.D.	2000-01-26T00:00:00Z								Human alphaherpesvirus 3		10335
A94881.1			PARTIAL																				ELLEN			34						2000-01-26T00:00:00Z		GenBank				Giesendorf,B.D.,Eickmann,M.D.	2000-01-26T00:00:00Z								Human alphaherpesvirus 3		10335
A94882.1			PARTIAL																				ELLEN			38						2000-01-26T00:00:00Z		GenBank				Giesendorf,B.D.,Eickmann,M.D.	2000-01-26T00:00:00Z								Human alphaherpesvirus 3		10335
A94883.1			PARTIAL																				ELLEN			27						2000-01-26T00:00:00Z		GenBank				Giesendorf,B.D.,Eickmann,M.D.	2000-01-26T00:00:00Z								Human alphaherpesvirus 3		10335
A94884.1			PARTIAL																				ELLEN			38						2000-01-26T00:00:00Z		GenBank				Giesendorf,B.D.,Eickmann,M.D.	2000-01-26T00:00:00Z								Human alphaherpesvirus 3		10335
AB009251.2			PARTIAL	1														true					YSR			513				1		1997-12-05T00:00:00Z		GenBank		Department of Microbiology; 4-5 Nishikagura, Asahikawa, Hokkaido 078-8510	Japan	Lacey,S.F.,Suzutani,T.,Powell,K.L.,Purifoy,D.J.,Honess,R.W.	2009-06-17T00:00:00Z								Human alphaherpesvirus 3		10335
AB009252.2			PARTIAL	1														true					9883			1026				1		1997-12-05T00:00:00Z		GenBank		Department of Microbiology; 4-5 Nishikagura, Asahikawa, Hokkaido 078-8510	Japan	Lacey,S.F.,Suzutani,T.,Powell,K.L.,Purifoy,D.J.,Honess,R.W.	2009-06-17T00:00:00Z								Human alphaherpesvirus 3		10335
AB009253.2			PARTIAL	1														true					YS			1026				1		1997-12-05T00:00:00Z		GenBank		Department of Microbiology; 4-5 Nishikagura, Asahikawa, Hokkaido 078-8510	Japan	Lacey,S.F.,Suzutani,T.,Powell,K.L.,Purifoy,D.J.,Honess,R.W.	2009-06-17T00:00:00Z								Human alphaherpesvirus 3		10335
AB059828.1			PARTIAL	1	Japan: Osaka	Asia									Homo sapiens		9606	true		true			Kawaguchi parent		Homo sapiens embryonic fibroblast	3585				1		2001-04-14T00:00:00Z		GenBank		Department of Virology; 2630 Sugitani, Toyama, Toyama 930-0194	Japan	Kamiyama,T.,Kurokawa,M.,Shiraki,K.	2009-02-14T00:00:00Z								Human alphaherpesvirus 3		10335
AB059829.1			PARTIAL	1	Japan: Osaka	Asia									Homo sapiens		9606	true		true			Kawaguchi A6		Homo sapiens embryonic fibroblast	3585				1		2001-04-14T00:00:00Z		GenBank		Department of Virology; 2630 Sugitani, Toyama, Toyama 930-0194	Japan	Kamiyama,T.,Kurokawa,M.,Shiraki,K.	2009-02-14T00:00:00Z								Human alphaherpesvirus 3		10335
AB059830.1			PARTIAL	1	Japan: Osaka	Asia									Homo sapiens		9606	true		true			Kawaguchi A1		Homo sapiens embryonic fibroblast	3585				1		2001-04-14T00:00:00Z		GenBank		Department of Virology; 2630 Sugitani, Toyama, Toyama 930-0194	Japan	Kamiyama,T.,Kurokawa,M.,Shiraki,K.	2009-02-14T00:00:00Z								Human alphaherpesvirus 3		10335
AB059831.1			PARTIAL	1	Japan: Osaka	Asia									Homo sapiens		9606	true		true			Kawaguchi A2		Homo sapiens embryonic fibroblast	3585				1		2001-04-14T00:00:00Z		GenBank		Department of Virology; 2630 Sugitani, Toyama, Toyama 930-0194	Japan	Kamiyama,T.,Kurokawa,M.,Shiraki,K.	2009-02-14T00:00:00Z								Human alphaherpesvirus 3		10335
AB097932.1			COMPLETE	1														true					Oka			125078				1		2002-12-13T00:00:00Z		GenBank		the research foundation for microbial diseases of Osaka university, research division; 2-9-41 Yahata-cho, Kanonji-city, Kagawa 768-0062	Japan	Gomi,Y.,Sunamachi,H.,Mori,Y.,Nagaike,K.,Takahashi,M.,Yamanishi,K.	2009-08-14T00:00:00Z								Human alphaherpesvirus 3		10335
AB097933.1			COMPLETE	1														true					Oka			125125				1		2002-12-13T00:00:00Z		GenBank		the research foundation for microbial diseases of Osaka university, research division; 2-9-41 Yahata-cho, Kanonji-city, Kagawa 768-0062	Japan	Gomi,Y.,Sunamachi,H.,Mori,Y.,Nagaike,K.,Takahashi,M.,Yamanishi,K.	2009-08-14T00:00:00Z								Human alphaherpesvirus 3		10335
AB497598.1			PARTIAL	1	Japan	Asia												true								4161				1		2009-04-18T00:00:00Z		GenBank		Research Group; Yahata, 2-9-48, Kanonji, Kagawa 7680061	Japan	Otsuka,T.,Gomi,Y.,Inoue,N.,Uchiyama,M.	2009-10-02T00:00:00Z								Human alphaherpesvirus 3		10335
AF162437.1			PARTIAL	1														true					WStr			1026				1		1999-08-15T00:00:00Z		GenBank		Domaine Rockefeller, Lab Virology	France	Morfin,F.,Thouvenot,D.,De Turenne-Tessier,M.,Lina,B.,Aymard,M.,Ooka,T.	2000-07-10T00:00:00Z								Human alphaherpesvirus 3		10335
AF162438.1			PARTIAL	1														true					LYON6625			1024						1999-08-15T00:00:00Z		GenBank		Domaine Rockefeller, Lab Virology	France	Morfin,F.,Thouvenot,D.,De Turenne-Tessier,M.,Lina,B.,Aymard,M.,Ooka,T.	2000-07-10T00:00:00Z								Human alphaherpesvirus 3		10335
AF162439.1			PARTIAL	1														true					WMad			1027						1999-08-15T00:00:00Z		GenBank		Domaine Rockefeller, Lab Virology	France	Morfin,F.,Thouvenot,D.,De Turenne-Tessier,M.,Lina,B.,Aymard,M.,Ooka,T.	2000-07-10T00:00:00Z								Human alphaherpesvirus 3		10335
AF162440.1			PARTIAL	1														true					SW689			1026				1		1999-08-15T00:00:00Z		GenBank		Domaine Rockefeller, Lab Virology	France	Morfin,F.,Thouvenot,D.,De Turenne-Tessier,M.,Lina,B.,Aymard,M.,Ooka,T.	2000-07-10T00:00:00Z								Human alphaherpesvirus 3		10335
AF206304.1			PARTIAL	20														true								34718				20		2000-04-02T00:00:00Z		GenBank		FDA/CBER, Division of Viral Products	USA	Argaw,T.,Cohen,J.I.,Klutch,M.,Lekstrom,K.,Yoshikawa,T.,Asano,Y.,Krause,P.R.	2000-04-02T00:00:00Z								Human alphaherpesvirus 3		10335
AF272391.1			PARTIAL	1														true					Ellen			725				1		2000-11-05T00:00:00Z		GenBank		Columbia University, Pediatrics	USA	Kemble,G.W.,Annunziato,P.,Lungu,O.,Winter,R.E.,Cha,T.A.,Silverstein,S.J.,Spaete,R.R.,Zhang,J.H.	2016-07-14T00:00:00Z								Human alphaherpesvirus 3		10335
AF272392.1			PARTIAL	1														true					Oka-SK			1013				1		2000-11-05T00:00:00Z		GenBank		Columbia University, Pediatrics	USA	Kemble,G.W.,Annunziato,P.,Lungu,O.,Winter,R.E.,Cha,T.A.,Silverstein,S.J.,Spaete,R.R.,Zhang,J.H.	2000-11-15T00:00:00Z								Human alphaherpesvirus 3		10335
AH002362.2			PARTIAL																							2103						1990-03-15T00:00:00Z		GenBank				Davison,A.J.	2016-08-25T00:00:00Z								Human alphaherpesvirus 3		10335
AH009994.2			PARTIAL	9														true					VZV-Ellen			18149				9		2000-11-21T00:00:00Z		GenBank		University of Iowa, Department of Microbiology	USA	Grose,C.,Faga,B.	2016-06-10T00:00:00Z								Human alphaherpesvirus 3		10335
AH010213.2			PARTIAL	9														true					VZV-VSD			17928				9		2001-01-16T00:00:00Z		GenBank		University of Iowa, Department of Microbiology	USA	Faga,B.,Maury,W.,Bruckner,D.A.,Grose,C.	2016-06-10T00:00:00Z								Human alphaherpesvirus 3		10335
AH010254.2			PARTIAL	7														true					VZV-Iceland			15866				7		2001-02-03T00:00:00Z		GenBank		University of Iowa, Department of Microbiology	USA	Faga,B.,Maury,W.,Bruckner,D.A.,Grose,C.	2016-06-10T00:00:00Z								Human alphaherpesvirus 3		10335
AH010255.2			PARTIAL	9														true					VZV-VIA			18147				9		2001-02-03T00:00:00Z		GenBank		University of Iowa, Department of Microbiology	USA	Grose,C.,Faga,B.	2016-06-10T00:00:00Z								Human alphaherpesvirus 3		10335
AH010537.2			PARTIAL	13														true					VZV-32			25216				13		2001-03-15T00:00:00Z		GenBank		University of Iowa, Department of Microbiology	USA	Faga,B.,Maury,W.,Bruckner,D.A.,Grose,C.,Cole,N.L.,Faga,B.P.	2016-06-10T00:00:00Z								Human herpesvirus 3 VZV-32		154633
AH010548.2			PARTIAL	9														true					VZV-Oka			18156				9		2001-03-21T00:00:00Z		GenBank		University of Iowa, Department of Microbiology	USA	Faga,B.,Maury,W.,Bruckner,D.A.,Grose,C.	2016-06-10T00:00:00Z								Human alphaherpesvirus 3		10335
AH010549.2			PARTIAL	9														true					VZV-LAX2			18223				9		2001-03-21T00:00:00Z		GenBank		University of Iowa, Department of Microbiology	USA	Faga,B.,Maury,W.,Bruckner,D.A.,Grose,C.	2016-06-10T00:00:00Z								Human alphaherpesvirus 3		10335
AH010550.2			PARTIAL	8														true					VZV-80-2			16469				8		2001-03-21T00:00:00Z		GenBank		University of Iowa, Department of Microbiology	USA	Faga,B.,Maury,W.,Bruckner,D.A.,Grose,C.,Maresova,L.,Pasieka,T.,Wagenaar,T.,Jackson,W.	2016-06-10T00:00:00Z								Human alphaherpesvirus 3		10335
AH010551.2			PARTIAL	9														true					VZV-LAX1			18196				9		2001-03-21T00:00:00Z		GenBank		University of Iowa, Department of Microbiology	USA	Faga,B.,Maury,W.,Bruckner,D.A.,Grose,C.	2016-06-10T00:00:00Z								Human alphaherpesvirus 3		10335
AJ871403.1			COMPLETE	71	Germany:Erlangen	Europe												true					HJO			124928				72		2005-12-17T00:00:00Z		GenBank		Fickenscher H., Department of Virology, University of Heidelberg Medical School, Im Neuenheimer Feld 324, D-69120	Germany	Fickenscher,H.	2006-01-11T00:00:00Z								Human alphaherpesvirus 3		10335
AX164127.1			PARTIAL	1														true								1530				1		2001-06-22T00:00:00Z		GenBank				Stein-Gerlach,M.,Mett,H.,Marschall,M.,Stamminger,T.	2001-06-22T00:00:00Z								Human alphaherpesvirus 3		10335
AX429406.1			PARTIAL																							148						2002-06-21T00:00:00Z		GenBank				Reynolds,T.R.	2002-06-21T00:00:00Z								Human alphaherpesvirus 3		10335
AX587051.1			PARTIAL																							15						2003-01-10T00:00:00Z		GenBank				Roetger,A.	2003-01-10T00:00:00Z								Human alphaherpesvirus 3		10335
AY114172.2			PARTIAL	1														true								234				1		2002-07-10T00:00:00Z		GenBank		Chulalongkorn University, Pediatric	Thailand	Sakulwira,K.,Vanapongtipagorn,P.,Theamboonlers,A.,Poovorawan,Y.	2016-07-25T00:00:00Z								Human alphaherpesvirus 3		10335
AY253673.1			PARTIAL	1														true					376VZV			2607				1		2003-05-12T00:00:00Z		GenBank		University of Iowa, Department of Pediatrics	USA	Wagenaar,T.R.,Chow,V.T.,Buranathai,C.,Thawatsupha,P.,Grose,C.	2016-07-25T00:00:00Z								Human alphaherpesvirus 3		10335
AY253674.1			PARTIAL	1														true					376VZV			1872				1		2003-05-12T00:00:00Z		GenBank		University of Iowa, Department of Pediatrics	USA	Wagenaar,T.R.,Chow,V.T.,Buranathai,C.,Thawatsupha,P.,Grose,C.	2016-07-25T00:00:00Z								Human alphaherpesvirus 3		10335
AY253675.1			PARTIAL	1														true					376VZV			2526				1		2003-05-12T00:00:00Z		GenBank		University of Iowa, Department of Pediatrics	USA	Wagenaar,T.R.,Chow,V.T.,Buranathai,C.,Thawatsupha,P.,Grose,C.	2016-07-25T00:00:00Z								Human alphaherpesvirus 3		10335
AY253676.1			PARTIAL	1														true					376VZV			1065				1		2003-05-12T00:00:00Z		GenBank		University of Iowa, Department of Pediatrics	USA	Wagenaar,T.R.,Chow,V.T.,Buranathai,C.,Thawatsupha,P.,Grose,C.	2016-07-25T00:00:00Z								Human alphaherpesvirus 3		10335
AY253677.1			PARTIAL	40														true					376VZV			906						2003-05-12T00:00:00Z		GenBank		University of Iowa, Department of Pediatrics	USA	Wagenaar,T.R.,Chow,V.T.,Buranathai,C.,Thawatsupha,P.,Grose,C.	2016-07-25T00:00:00Z								Human alphaherpesvirus 3		10335
AY253678.1			PARTIAL	1														true					376VZV			3933				1		2003-05-12T00:00:00Z		GenBank		University of Iowa, Department of Pediatrics	USA	Wagenaar,T.R.,Chow,V.T.,Buranathai,C.,Thawatsupha,P.,Grose,C.	2016-07-25T00:00:00Z								Human alphaherpesvirus 3		10335
AY253679.1			PARTIAL	1														true					529VZV			2607				1		2003-05-12T00:00:00Z		GenBank		University of Iowa, Department of Pediatrics	USA	Wagenaar,T.R.,Chow,V.T.,Buranathai,C.,Thawatsupha,P.,Grose,C.	2016-07-25T00:00:00Z								Human alphaherpesvirus 3		10335
AY253680.1			PARTIAL	1														true					529VZV			1872				1		2003-05-12T00:00:00Z		GenBank		University of Iowa, Department of Pediatrics	USA	Wagenaar,T.R.,Chow,V.T.,Buranathai,C.,Thawatsupha,P.,Grose,C.	2016-07-25T00:00:00Z								Human alphaherpesvirus 3		10335
AY253681.1			PARTIAL	1														true					529VZV			2526				1		2003-05-12T00:00:00Z		GenBank		University of Iowa, Department of Pediatrics	USA	Wagenaar,T.R.,Chow,V.T.,Buranathai,C.,Thawatsupha,P.,Grose,C.	2016-07-25T00:00:00Z								Human alphaherpesvirus 3		10335
AY253682.1			PARTIAL	1														true					529VZV			1065				1		2003-05-12T00:00:00Z		GenBank		University of Iowa, Department of Pediatrics	USA	Wagenaar,T.R.,Chow,V.T.,Buranathai,C.,Thawatsupha,P.,Grose,C.	2016-07-25T00:00:00Z								Human alphaherpesvirus 3		10335
AY253683.1			PARTIAL	40														true					529VZV			906						2003-05-12T00:00:00Z		GenBank		University of Iowa, Department of Pediatrics	USA	Wagenaar,T.R.,Chow,V.T.,Buranathai,C.,Thawatsupha,P.,Grose,C.	2016-07-25T00:00:00Z								Human alphaherpesvirus 3		10335
AY253684.1			PARTIAL	1														true					529VZV			3933				1		2003-05-12T00:00:00Z		GenBank		University of Iowa, Department of Pediatrics	USA	Wagenaar,T.R.,Chow,V.T.,Buranathai,C.,Thawatsupha,P.,Grose,C.	2016-07-25T00:00:00Z								Human alphaherpesvirus 3		10335
AY253685.1			PARTIAL	1														true					681VZV			2607				1		2003-05-12T00:00:00Z		GenBank		University of Iowa, Department of Pediatrics	USA	Wagenaar,T.R.,Chow,V.T.,Buranathai,C.,Thawatsupha,P.,Grose,C.	2016-07-25T00:00:00Z								Human alphaherpesvirus 3		10335
AY253686.1			PARTIAL	1														true					681VZV			1872				1		2003-05-12T00:00:00Z		GenBank		University of Iowa, Department of Pediatrics	USA	Wagenaar,T.R.,Chow,V.T.,Buranathai,C.,Thawatsupha,P.,Grose,C.	2016-07-25T00:00:00Z								Human alphaherpesvirus 3		10335
AY253687.1			PARTIAL	1														true					681VZV			2526				1		2003-05-12T00:00:00Z		GenBank		University of Iowa, Department of Pediatrics	USA	Wagenaar,T.R.,Chow,V.T.,Buranathai,C.,Thawatsupha,P.,Grose,C.	2016-07-25T00:00:00Z								Human alphaherpesvirus 3		10335
AY253688.1			PARTIAL	1														true					681VZV			1065				1		2003-05-12T00:00:00Z		GenBank		University of Iowa, Department of Pediatrics	USA	Wagenaar,T.R.,Chow,V.T.,Buranathai,C.,Thawatsupha,P.,Grose,C.	2016-07-25T00:00:00Z								Human alphaherpesvirus 3		10335
AY253689.1			PARTIAL	40														true					681VZV			906						2003-05-12T00:00:00Z		GenBank		University of Iowa, Department of Pediatrics	USA	Wagenaar,T.R.,Chow,V.T.,Buranathai,C.,Thawatsupha,P.,Grose,C.	2016-07-25T00:00:00Z								Human alphaherpesvirus 3		10335
AY253690.1			PARTIAL	1														true					681VZV			3933				1		2003-05-12T00:00:00Z		GenBank		University of Iowa, Department of Pediatrics	USA	Wagenaar,T.R.,Chow,V.T.,Buranathai,C.,Thawatsupha,P.,Grose,C.	2016-07-25T00:00:00Z								Human alphaherpesvirus 3		10335
AY253691.1			PARTIAL	1														true					1242VZV			2607				1		2003-05-12T00:00:00Z		GenBank		University of Iowa, Department of Pediatrics	USA	Wagenaar,T.R.,Chow,V.T.,Buranathai,C.,Thawatsupha,P.,Grose,C.	2016-07-25T00:00:00Z								Human alphaherpesvirus 3		10335
AY253692.1			PARTIAL	1														true					1242VZV			1872				1		2003-05-12T00:00:00Z		GenBank		University of Iowa, Department of Pediatrics	USA	Wagenaar,T.R.,Chow,V.T.,Buranathai,C.,Thawatsupha,P.,Grose,C.	2016-07-25T00:00:00Z								Human alphaherpesvirus 3		10335
AY253693.1			PARTIAL	1														true					1242VZV			2526				1		2003-05-12T00:00:00Z		GenBank		University of Iowa, Department of Pediatrics	USA	Wagenaar,T.R.,Chow,V.T.,Buranathai,C.,Thawatsupha,P.,Grose,C.	2016-07-25T00:00:00Z								Human alphaherpesvirus 3		10335
AY253694.1			PARTIAL	1														true					1242VZV			1065				1		2003-05-12T00:00:00Z		GenBank		University of Iowa, Department of Pediatrics	USA	Wagenaar,T.R.,Chow,V.T.,Buranathai,C.,Thawatsupha,P.,Grose,C.	2016-07-25T00:00:00Z								Human alphaherpesvirus 3		10335
AY253695.1			PARTIAL	40														true					1242VZV			906						2003-05-12T00:00:00Z		GenBank		University of Iowa, Department of Pediatrics	USA	Wagenaar,T.R.,Chow,V.T.,Buranathai,C.,Thawatsupha,P.,Grose,C.	2016-07-25T00:00:00Z								Human alphaherpesvirus 3		10335
AY253696.1			PARTIAL	1														true					1242VZV			3918				1		2003-05-12T00:00:00Z		GenBank		University of Iowa, Department of Pediatrics	USA	Wagenaar,T.R.,Chow,V.T.,Buranathai,C.,Thawatsupha,P.,Grose,C.	2016-07-25T00:00:00Z								Human alphaherpesvirus 3		10335
AY253697.1			PARTIAL	1														true					1419VZV			2607				1		2003-05-12T00:00:00Z		GenBank		University of Iowa, Department of Pediatrics	USA	Wagenaar,T.R.,Chow,V.T.,Buranathai,C.,Thawatsupha,P.,Grose,C.	2016-07-25T00:00:00Z								Human alphaherpesvirus 3		10335
AY253698.1			PARTIAL	1														true					1419VZV			1872				1		2003-05-12T00:00:00Z		GenBank		University of Iowa, Department of Pediatrics	USA	Wagenaar,T.R.,Chow,V.T.,Buranathai,C.,Thawatsupha,P.,Grose,C.	2016-07-25T00:00:00Z								Human alphaherpesvirus 3		10335
AY253699.1			PARTIAL	1														true					1419VZV			2526				1		2003-05-12T00:00:00Z		GenBank		University of Iowa, Department of Pediatrics	USA	Wagenaar,T.R.,Chow,V.T.,Buranathai,C.,Thawatsupha,P.,Grose,C.	2016-07-25T00:00:00Z								Human alphaherpesvirus 3		10335
AY253700.1			PARTIAL	1														true					1419VZV			1065				1		2003-05-12T00:00:00Z		GenBank		University of Iowa, Department of Pediatrics	USA	Wagenaar,T.R.,Chow,V.T.,Buranathai,C.,Thawatsupha,P.,Grose,C.	2016-07-25T00:00:00Z								Human alphaherpesvirus 3		10335
AY253701.1			PARTIAL	40														true					1419VZV			906						2003-05-12T00:00:00Z		GenBank		University of Iowa, Department of Pediatrics	USA	Wagenaar,T.R.,Chow,V.T.,Buranathai,C.,Thawatsupha,P.,Grose,C.	2016-07-25T00:00:00Z								Human alphaherpesvirus 3		10335
AY253702.1			PARTIAL	1														true					1419VZV			3933				1		2003-05-12T00:00:00Z		GenBank		University of Iowa, Department of Pediatrics	USA	Wagenaar,T.R.,Chow,V.T.,Buranathai,C.,Thawatsupha,P.,Grose,C.	2016-07-25T00:00:00Z								Human alphaherpesvirus 3		10335
AY253703.1			PARTIAL	1														true					V8VZV			2607				1		2003-05-12T00:00:00Z		GenBank		University of Iowa, Department of Pediatrics	USA	Wagenaar,T.R.,Chow,V.T.,Buranathai,C.,Thawatsupha,P.,Grose,C.	2016-07-25T00:00:00Z								Human alphaherpesvirus 3		10335
AY253704.1			PARTIAL	1														true					V8VZV			1872				1		2003-05-12T00:00:00Z		GenBank		University of Iowa, Department of Pediatrics	USA	Wagenaar,T.R.,Chow,V.T.,Buranathai,C.,Thawatsupha,P.,Grose,C.	2016-07-25T00:00:00Z								Human alphaherpesvirus 3		10335
AY253705.1			PARTIAL	1														true					V8VZV			2526				1		2003-05-12T00:00:00Z		GenBank		University of Iowa, Department of Pediatrics	USA	Wagenaar,T.R.,Chow,V.T.,Buranathai,C.,Thawatsupha,P.,Grose,C.	2016-07-25T00:00:00Z								Human alphaherpesvirus 3		10335
AY253706.1			PARTIAL	1														true					V8VZV			1065				1		2003-05-12T00:00:00Z		GenBank		University of Iowa, Department of Pediatrics	USA	Wagenaar,T.R.,Chow,V.T.,Buranathai,C.,Thawatsupha,P.,Grose,C.	2016-07-25T00:00:00Z								Human alphaherpesvirus 3		10335
AY253707.1			PARTIAL	40														true					V8VZV			906						2003-05-12T00:00:00Z		GenBank		University of Iowa, Department of Pediatrics	USA	Wagenaar,T.R.,Chow,V.T.,Buranathai,C.,Thawatsupha,P.,Grose,C.	2016-07-25T00:00:00Z								Human alphaherpesvirus 3		10335
AY253708.1			PARTIAL	1														true					V8VZV			3900				1		2003-05-12T00:00:00Z		GenBank		University of Iowa, Department of Pediatrics	USA	Wagenaar,T.R.,Chow,V.T.,Buranathai,C.,Thawatsupha,P.,Grose,C.	2016-07-25T00:00:00Z								Human alphaherpesvirus 3		10335
AY253709.1			PARTIAL	1														true					Z24VZV			2607				1		2003-05-12T00:00:00Z		GenBank		University of Iowa, Department of Pediatrics	USA	Wagenaar,T.R.,Chow,V.T.,Buranathai,C.,Thawatsupha,P.,Grose,C.	2016-07-25T00:00:00Z								Human alphaherpesvirus 3		10335
AY253710.1			PARTIAL	1														true					Z24VZV			1872				1		2003-05-12T00:00:00Z		GenBank		University of Iowa, Department of Pediatrics	USA	Wagenaar,T.R.,Chow,V.T.,Buranathai,C.,Thawatsupha,P.,Grose,C.	2016-07-25T00:00:00Z								Human alphaherpesvirus 3		10335
AY253711.1			PARTIAL	1														true					Z24VZV			2526				1		2003-05-12T00:00:00Z		GenBank		University of Iowa, Department of Pediatrics	USA	Wagenaar,T.R.,Chow,V.T.,Buranathai,C.,Thawatsupha,P.,Grose,C.	2016-07-25T00:00:00Z								Human alphaherpesvirus 3		10335
AY253712.1			PARTIAL	1														true					Z24VZV			1065				1		2003-05-12T00:00:00Z		GenBank		University of Iowa, Department of Pediatrics	USA	Wagenaar,T.R.,Chow,V.T.,Buranathai,C.,Thawatsupha,P.,Grose,C.	2016-07-25T00:00:00Z								Human alphaherpesvirus 3		10335
AY253713.1			PARTIAL	40														true					Z24VZV			906						2003-05-12T00:00:00Z		GenBank		University of Iowa, Department of Pediatrics	USA	Wagenaar,T.R.,Chow,V.T.,Buranathai,C.,Thawatsupha,P.,Grose,C.	2016-07-25T00:00:00Z								Human alphaherpesvirus 3		10335
AY253714.1			PARTIAL	1														true					Z24VZV			3917				1		2003-05-12T00:00:00Z		GenBank		University of Iowa, Department of Pediatrics	USA	Wagenaar,T.R.,Chow,V.T.,Buranathai,C.,Thawatsupha,P.,Grose,C.	2016-07-25T00:00:00Z								Human alphaherpesvirus 3		10335
AY253715.1			PARTIAL	1														true					1140VZV			1872				1		2003-05-12T00:00:00Z		GenBank		University of Iowa, Department of Pediatrics	USA	Wagenaar,T.R.,Chow,V.T.,Buranathai,C.,Thawatsupha,P.,Grose,C.	2016-07-25T00:00:00Z								Human alphaherpesvirus 3		10335
AY253716.1			PARTIAL	1														true					1140VZV			2526				1		2003-05-12T00:00:00Z		GenBank		University of Iowa, Department of Pediatrics	USA	Wagenaar,T.R.,Chow,V.T.,Buranathai,C.,Thawatsupha,P.,Grose,C.	2016-07-25T00:00:00Z								Human alphaherpesvirus 3		10335
AY253717.1			PARTIAL	1														true					1140VZV			1065				1		2003-05-12T00:00:00Z		GenBank		University of Iowa, Department of Pediatrics	USA	Wagenaar,T.R.,Chow,V.T.,Buranathai,C.,Thawatsupha,P.,Grose,C.	2016-07-25T00:00:00Z								Human alphaherpesvirus 3		10335
AY253718.1			PARTIAL	40														true					1140VZV			906						2003-05-12T00:00:00Z		GenBank		University of Iowa, Department of Pediatrics	USA	Wagenaar,T.R.,Chow,V.T.,Buranathai,C.,Thawatsupha,P.,Grose,C.	2016-07-25T00:00:00Z								Human alphaherpesvirus 3		10335
AY253719.1			PARTIAL	1														true					1140VZV			3907				1		2003-05-12T00:00:00Z		GenBank		University of Iowa, Department of Pediatrics	USA	Wagenaar,T.R.,Chow,V.T.,Buranathai,C.,Thawatsupha,P.,Grose,C.	2016-07-25T00:00:00Z								Human alphaherpesvirus 3		10335
AY253720.1			PARTIAL	1														true					1140VZV			2607				1		2003-05-12T00:00:00Z		GenBank		University of Iowa, Department of Pediatrics	USA	Wagenaar,T.R.,Chow,V.T.,Buranathai,C.,Thawatsupha,P.,Grose,C.	2016-07-25T00:00:00Z								Human alphaherpesvirus 3		10335
AY379115.1			PARTIAL	1	Ireland: Dublin	Europe												true								430				1		2003-09-29T00:00:00Z		GenBank		St. James's Hospital, Clinical Microbiology	Ireland	Carr,M.J.,McCormack,G.P.,Crowley,B.	2016-07-25T00:00:00Z								Human alphaherpesvirus 3		10335
AY379116.1			PARTIAL	1	Ireland: Dublin	Europe												true								430				1		2003-09-29T00:00:00Z		GenBank		St. James's Hospital, Clinical Microbiology	Ireland	Carr,M.J.,McCormack,G.P.,Crowley,B.	2016-07-25T00:00:00Z								Human alphaherpesvirus 3		10335
AY548170.1			COMPLETE	70														true					MSP			124883				70		2004-05-04T00:00:00Z		GenBank		University of Iowa, Department of Microbiology	USA	Santos,R.A.,Hatfield,C.C.,Cole,N.L.,Padilla,J.A.,Moffat,J.F.,Arvin,A.M.,Ruyechan,W.T.,Hay,J.,Grose,C.,Tyler,S.,Peters,G.,Hiebert,J.,Stephens,G.M.,Jackson,W.,Storlie,J.,Tipples,G.A.,Stephens,G.,Ruyechan,W.	2004-06-14T00:00:00Z								Human alphaherpesvirus 3		10335
AY548171.1			COMPLETE	72														true					BC			125459				72		2004-05-04T00:00:00Z		GenBank		National Microbiology Laboratory, Health Canada	Canada	Grose,C.,Tyler,S.,Peters,G.,Hiebert,J.,Stephens,G.M.,Ruyechan,W.T.,Jackson,W.,Storlie,J.,Tipples,G.A.,Stephens,G.,Ruyechan,W.	2004-06-14T00:00:00Z								Human alphaherpesvirus 3		10335
CS208156.1			PARTIAL																							15						2005-12-08T00:00:00Z		GenBank				Bloom,D.C.,Amelio,A.L.	2006-07-14T00:00:00Z								Human alphaherpesvirus 3		10335
CS208157.1			PARTIAL																							42						2005-12-08T00:00:00Z		GenBank				Bloom,D.C.,Amelio,A.L.	2006-07-14T00:00:00Z								Human alphaherpesvirus 3		10335
CS208158.1			PARTIAL																							9						2005-12-08T00:00:00Z		GenBank				Bloom,D.C.,Amelio,A.L.	2006-07-14T00:00:00Z								Human alphaherpesvirus 3		10335
CS208159.1			PARTIAL																							27						2005-12-08T00:00:00Z		GenBank				Bloom,D.C.,Amelio,A.L.	2006-07-14T00:00:00Z								Human alphaherpesvirus 3		10335
CS208160.1			PARTIAL																							27						2005-12-08T00:00:00Z		GenBank				Bloom,D.C.,Amelio,A.L.	2006-07-14T00:00:00Z								Human alphaherpesvirus 3		10335
CS406449.1			PARTIAL	1														true								2526				1		2006-09-08T00:00:00Z		GenBank				Kew,O.M.,Burns,C.C.,Shaw,J.,Campagnoli,R.,Quay,J.	2006-09-08T00:00:00Z								Human alphaherpesvirus 3		10335
CS406452.1			PARTIAL	1														true								1872				1		2006-09-08T00:00:00Z		GenBank				Kew,O.M.,Burns,C.C.,Shaw,J.,Campagnoli,R.,Quay,J.	2006-09-08T00:00:00Z								Human alphaherpesvirus 3		10335
DL143937.1			PARTIAL																							1061						2008-09-26T00:00:00Z		GenBank				Walter,E.,Tibbetts,C.,Thornton,J.,Stenger,D.,Seto,D.,Kuruzerokku,R.P.,Rowley,R.,Lin,B.,Hanson,E.H.,Agan,B.,Vora,G.,Thach,D.,Wang,Z.	2008-09-26T00:00:00Z								Human alphaherpesvirus 3		10335
DL143938.1			PARTIAL																							993						2008-09-26T00:00:00Z		GenBank				Walter,E.,Tibbetts,C.,Thornton,J.,Stenger,D.,Seto,D.,Kuruzerokku,R.P.,Rowley,R.,Lin,B.,Hanson,E.H.,Agan,B.,Vora,G.,Thach,D.,Wang,Z.	2008-09-26T00:00:00Z								Human alphaherpesvirus 3		10335
DQ008354.1			COMPLETE	71														true					VarilRix			124821				71		2005-06-30T00:00:00Z		GenBank		GlaxoSmithKline Biologicals, Research and Development	Belgium	Tillieux,S.L.,Halsey,W.S.,Thomas,E.S.,Voycik,J.J.,Sathe,G.M.,Vassilev,V.,Vassilev,V.B.,Tillieux,S.I.	2016-07-26T00:00:00Z								Human alphaherpesvirus 3		10335
DQ008355.1			COMPLETE	72														true					VariVax			124815				71		2005-06-30T00:00:00Z		GenBank		GlaxoSmithKline Biologicals, Research and Development	Belgium	Tillieux,S.L.,Halsey,W.S.,Thomas,E.S.,Voycik,J.J.,Sathe,G.M.,Vassilev,V.,Vassilev,V.B.,Tillieux,S.I.	2016-07-26T00:00:00Z								Human alphaherpesvirus 3		10335
DQ075209.1			PARTIAL	1	USA: Atlanta, GA	North America	GA											true					Ellen	lesion		2313				1		2005-06-22T00:00:00Z		GenBank		Indiana University Purdue University Fort Wayne, Biology	USA	Visalli,R.J.,Visalli,M.A.	2005-06-22T00:00:00Z								Human alphaherpesvirus 3		10335
DQ077821.1			PARTIAL	1	USA	North America												true					Ellen			1758				1		2005-06-21T00:00:00Z		GenBank		Indiana University Purdue University Fort Wayne, Biology	USA	Visalli,R.J.,Visalli,M.A.	2005-06-21T00:00:00Z								Human alphaherpesvirus 3		10335
DQ077822.1			PARTIAL	1	USA	North America												true					Ellen			1740				1		2005-06-21T00:00:00Z		GenBank		Indiana University Purdue University Fort Wayne, Biology	USA	Visalli,R.J.,Visalli,M.A.	2005-06-21T00:00:00Z								Human alphaherpesvirus 3		10335
DQ145725.2			PARTIAL	1	USA	North America												true					Ellen			471				1		2005-08-21T00:00:00Z		GenBank		Indiana University Purdue University Fort Wayne, Biology	USA	Visalli,R.J.,Visalli,M.A.	2006-08-28T00:00:00Z								Human alphaherpesvirus 3		10335
DQ452050.1			COMPLETE	73	Morocco	Africa									Homo sapiens		9606	true				2000	HHV3_M2DR			124770				73		2007-03-15T00:00:00Z		GenBank		Centers for Disease Control and Prevention, DVRD	USA	Loparev,V.N.,Schmid,S.,Norberg,P.,Liljeqvist,J.-A.K.,Bergstrom,T.M.,Sammons,S.	2007-03-15T00:00:00Z								Human alphaherpesvirus 3		10335
DQ457052.1			COMPLETE	74	USA: California	North America	CA											true					CA123			124771				74		2008-01-10T00:00:00Z		GenBank		Centers for Disease Control and Prevention, DVRD	USA	Loparev,V.N.,Rubtcova,E.N.,Bostik,V.,Govil,D.,Birch,C.J.,Druce,J.D.,Schmid,D.S.,Croxson,M.C.,Norberg,P.,Liljeqvist,J.,Bergstrom,M.T.,Schmid,S.	2016-07-26T00:00:00Z								Human alphaherpesvirus 3		10335
DQ479953.1			COMPLETE	72														true					SD			125087				73		2006-07-18T00:00:00Z		GenBank		Public Health Agency of Canada, National Microbiology Laboratory	Canada	Peters,G.A.,Tyler,S.D.,Grose,C.,Severini,A.,Gray,M.J.,Upton,C.,Tipples,G.A.,Tiples,G.,Gross,C.,Gray,M.	2009-08-11T00:00:00Z								Human alphaherpesvirus 3		10335
DQ479954.1			COMPLETE	72														true					Kel			125374				73		2006-07-18T00:00:00Z		GenBank		Public Health Agency of Canada, National Microbiology Laboratory	Canada	Peters,G.A.,Tyler,S.D.,Grose,C.,Severini,A.,Gray,M.J.,Upton,C.,Tipples,G.A.,Tiples,G.,Gross,C.,Gray,M.	2009-08-11T00:00:00Z								Human alphaherpesvirus 3		10335
DQ479955.1			COMPLETE	72														true					11			125370				73		2006-07-18T00:00:00Z		GenBank		Public Health Agency of Canada, National Microbiology Laboratory	Canada	Peters,G.A.,Tyler,S.D.,Grose,C.,Severini,A.,Gray,M.J.,Upton,C.,Tipples,G.A.,Tiples,G.,Gross,C.,Gray,M.	2009-08-11T00:00:00Z								Human alphaherpesvirus 3		10335
DQ479956.1			COMPLETE	72														true					22			124868				73		2006-07-18T00:00:00Z		GenBank		Public Health Agency of Canada, National Microbiology Laboratory	Canada	Peters,G.A.,Tyler,S.D.,Grose,C.,Severini,A.,Gray,M.J.,Upton,C.,Tipples,G.A.,Tiples,G.,Gross,C.,Gray,M.	2009-08-11T00:00:00Z								Human alphaherpesvirus 3		10335
DQ479957.1			COMPLETE	72														true					03-500			125239				73		2006-07-18T00:00:00Z		GenBank		Public Health Agency of Canada, National Microbiology Laboratory	Canada	Peters,G.A.,Tyler,S.D.,Grose,C.,Severini,A.,Gray,M.J.,Upton,C.,Tipples,G.A.,Tiples,G.,Gross,C.,Gray,M.	2009-08-11T00:00:00Z								Human alphaherpesvirus 3		10335
DQ479958.1			COMPLETE	72														true					36			125030				73		2006-07-18T00:00:00Z		GenBank		Public Health Agency of Canada, National Microbiology Laboratory	Canada	Peters,G.A.,Tyler,S.D.,Grose,C.,Severini,A.,Gray,M.J.,Upton,C.,Tipples,G.A.,Tiples,G.,Gross,C.,Gray,M.	2009-08-11T00:00:00Z								Human alphaherpesvirus 3		10335
DQ479959.1			COMPLETE	72														true					49			125041				73		2006-07-18T00:00:00Z		GenBank		Public Health Agency of Canada, National Microbiology Laboratory	Canada	Peters,G.A.,Tyler,S.D.,Grose,C.,Severini,A.,Gray,M.J.,Upton,C.,Tipples,G.A.,Tiples,G.,Gross,C.,Gray,M.	2009-08-11T00:00:00Z								Human alphaherpesvirus 3		10335
DQ479960.1			COMPLETE	72														true					8			125451				73		2006-07-18T00:00:00Z		GenBank		Public Health Agency of Canada, National Microbiology Laboratory	Canada	Peters,G.A.,Tyler,S.D.,Grose,C.,Severini,A.,Gray,M.J.,Upton,C.,Tipples,G.A.,Tiples,G.,Gross,C.,Gray,M.	2009-08-11T00:00:00Z								Human alphaherpesvirus 3		10335
DQ479961.1			COMPLETE	72														true					32			124945				73		2006-07-18T00:00:00Z		GenBank		Public Health Agency of Canada, National Microbiology Laboratory	Canada	Peters,G.A.,Tyler,S.D.,Grose,C.,Severini,A.,Gray,M.J.,Upton,C.,Tipples,G.A.,Tiples,G.,Gross,C.,Gray,M.	2009-08-11T00:00:00Z								Human alphaherpesvirus 3		10335
DQ479962.1			COMPLETE	72														true					32			125084				73		2006-07-18T00:00:00Z		GenBank		Public Health Agency of Canada, National Microbiology Laboratory	Canada	Peters,G.A.,Tyler,S.D.,Grose,C.,Severini,A.,Gray,M.J.,Upton,C.,Tipples,G.A.,Tiples,G.,Gross,C.,Gray,M.	2009-08-11T00:00:00Z								Human alphaherpesvirus 3		10335
DQ479963.1			COMPLETE	72														true					32			125169				73		2006-07-18T00:00:00Z		GenBank		Public Health Agency of Canada, National Microbiology Laboratory	Canada	Peters,G.A.,Tyler,S.D.,Grose,C.,Severini,A.,Gray,M.J.,Upton,C.,Tipples,G.A.,Tiples,G.,Gross,C.,Gray,M.	2009-08-11T00:00:00Z								Human alphaherpesvirus 3		10335
DQ531049.1			PARTIAL	1	USA	North America												true					Ellen			2031				1		2006-06-06T00:00:00Z		GenBank		Indiana University Purdue University Fort Wayne, Biology	USA	Visalli,R.J.,Visalli,M.A.	2006-06-06T00:00:00Z								Human alphaherpesvirus 3		10335
DQ656706.1			PARTIAL	1	India	Asia												true					VZ28			571				1		2006-07-05T00:00:00Z		GenBank		Armed Forces Medical College, Department of Microbiology	India	Chumber,S.,Kaushik,K.,Savy,S.	2016-07-14T00:00:00Z								Human alphaherpesvirus 3		10335
DQ656707.1			PARTIAL	1	India	Asia												true					VZ35			530				1		2006-07-05T00:00:00Z		GenBank		Armed Forces Medical College, Department of Microbiology	India	Chumber,S.,Kaushik,K.,Savy,S.	2016-07-14T00:00:00Z								Human alphaherpesvirus 3		10335
DQ656708.1			PARTIAL	18	India	Asia												true					VZ36			547						2006-07-05T00:00:00Z		GenBank		Armed Forces Medical College, Department of Microbiology	India	Chumber,S.,Kaushik,K.,Savy,S.	2016-07-14T00:00:00Z								Human alphaherpesvirus 3		10335
DQ656709.1			PARTIAL	18	India	Asia												true					VZ48			571						2006-07-05T00:00:00Z		GenBank		Armed Forces Medical College, Department of Microbiology	India	Chumber,S.,Kaushik,K.,Savy,S.	2016-07-14T00:00:00Z								Human alphaherpesvirus 3		10335
DQ656710.1			PARTIAL	1	India	Asia												true					VZ49			569				1		2006-07-05T00:00:00Z		GenBank		Armed Forces Medical College, Department of Microbiology	India	Chumber,S.,Kaushik,K.,Savy,S.	2016-07-14T00:00:00Z								Human alphaherpesvirus 3		10335
DQ656711.1			PARTIAL	18	India	Asia												true					VZ50			529						2006-07-05T00:00:00Z		GenBank		Armed Forces Medical College, Department of Microbiology	India	Chumber,S.,Kaushik,K.,Savy,S.	2016-07-14T00:00:00Z								Human alphaherpesvirus 3		10335
DQ656712.1			PARTIAL	18	India	Asia												true					VZ61			569						2006-07-05T00:00:00Z		GenBank		Armed Forces Medical College, Department of Microbiology	India	Chumber,S.,Kaushik,K.,Savy,S.	2016-07-14T00:00:00Z								Human alphaherpesvirus 3		10335
DQ656713.1			PARTIAL	1	India	Asia												true					VZ63			567				1		2006-07-05T00:00:00Z		GenBank		Armed Forces Medical College, Department of Microbiology	India	Chumber,S.,Kaushik,K.,Savy,S.	2016-07-14T00:00:00Z								Human alphaherpesvirus 3		10335
DQ656714.1			PARTIAL	18	India	Asia												true					VZ65			567						2006-07-05T00:00:00Z		GenBank		Armed Forces Medical College, Department of Microbiology	India	Chumber,S.,Kaushik,K.,Savy,S.	2016-07-14T00:00:00Z								Human alphaherpesvirus 3		10335
DQ656715.1			PARTIAL	18	India	Asia												true					VZ66			569						2006-07-05T00:00:00Z		GenBank		Armed Forces Medical College, Department of Microbiology	India	Chumber,S.,Kaushik,K.,Savy,S.	2016-07-14T00:00:00Z								Human alphaherpesvirus 3		10335
DQ656716.1			PARTIAL	18	India	Asia												true					VZ67			500						2006-07-05T00:00:00Z		GenBank		Armed Forces Medical College, Department of Microbiology	India	Chumber,S.,Kaushik,K.,Savy,S.	2016-07-14T00:00:00Z								Human alphaherpesvirus 3		10335
DQ656717.1			PARTIAL	18	India	Asia												true					VZ80			294						2006-07-05T00:00:00Z		GenBank		Armed Forces Medical College, Department of Microbiology	India	Chumber,S.,Kaushik,K.,Savy,S.	2016-07-14T00:00:00Z								Human alphaherpesvirus 3		10335
DQ656718.1			PARTIAL	1	India	Asia												true					VZ82			571				1		2006-07-05T00:00:00Z		GenBank		Armed Forces Medical College, Department of Microbiology	India	Chumber,S.,Kaushik,K.,Savy,S.	2016-07-14T00:00:00Z								Human alphaherpesvirus 3		10335
DQ656719.1			PARTIAL	1	India	Asia												true					VZ85			570				1		2006-07-05T00:00:00Z		GenBank		Armed Forces Medical College, Department of Microbiology	India	Chumber,S.,Kaushik,K.,Savy,S.	2016-07-14T00:00:00Z								Human alphaherpesvirus 3		10335
DQ656720.1			PARTIAL	1	India	Asia												true					VZ87			573				1		2006-07-05T00:00:00Z		GenBank		Armed Forces Medical College, Department of Microbiology	India	Chumber,S.,Kaushik,K.,Savy,S.	2016-07-14T00:00:00Z								Human alphaherpesvirus 3		10335
DQ656721.1			PARTIAL	18	India	Asia												true					VZ90			573						2006-07-05T00:00:00Z		GenBank		Armed Forces Medical College, Department of Microbiology	India	Chumber,S.,Kaushik,K.,Savy,S.	2016-07-14T00:00:00Z								Human alphaherpesvirus 3		10335
DQ656722.1			PARTIAL	1	India	Asia												true					VZ91			570				1		2006-07-05T00:00:00Z		GenBank		Armed Forces Medical College, Department of Microbiology	India	Chumber,S.,Kaushik,K.,Savy,S.	2016-07-14T00:00:00Z								Human alphaherpesvirus 3		10335
DQ656723.1			PARTIAL	1	India	Asia												true					VZ92			570				1		2006-07-05T00:00:00Z		GenBank		Armed Forces Medical College, Department of Microbiology	India	Chumber,S.,Kaushik,K.,Savy,S.	2016-07-14T00:00:00Z								Human alphaherpesvirus 3		10335
DQ656724.1			PARTIAL	12	India	Asia												true					48			159						2006-07-05T00:00:00Z		GenBank		Armed Forces Medical College, Department of Microbiology	India	Kaushik,K.,Chumber,S.,Kapila,K.	2016-07-14T00:00:00Z								Human alphaherpesvirus 3		10335
DQ656725.1			PARTIAL	1	India	Asia												true					50			155				1		2006-07-05T00:00:00Z		GenBank		Armed Forces Medical College, Department of Microbiology	India	Kaushik,K.,Chumber,S.,Kapila,K.	2016-07-14T00:00:00Z								Human alphaherpesvirus 3		10335
DQ656726.1			PARTIAL	12	India	Asia												true					A61			183						2006-07-05T00:00:00Z		GenBank		Armed Forces Medical College, Department of Microbiology	India	Kaushik,K.,Chumber,S.,Kapila,K.	2016-07-14T00:00:00Z								Human alphaherpesvirus 3		10335
DQ656727.1			PARTIAL	12	India	Asia												true					B61			183						2006-07-05T00:00:00Z		GenBank		Armed Forces Medical College, Department of Microbiology	India	Kaushik,K.,Chumber,S.,Kapila,K.	2016-07-14T00:00:00Z								Human alphaherpesvirus 3		10335
DQ656728.1			PARTIAL	1	India	Asia												true					66			162				1		2006-07-05T00:00:00Z		GenBank		Armed Forces Medical College, Department of Microbiology	India	Kaushik,K.,Chumber,S.,Kapila,K.	2016-07-14T00:00:00Z								Human alphaherpesvirus 3		10335
DQ656729.1			PARTIAL	12	India	Asia												true					67			212						2006-07-05T00:00:00Z		GenBank		Armed Forces Medical College, Department of Microbiology	India	Kaushik,K.,Chumber,S.,Kapila,K.	2016-07-14T00:00:00Z								Human alphaherpesvirus 3		10335
DQ656730.1			PARTIAL	1	India	Asia												true					74			160				1		2006-07-05T00:00:00Z		GenBank		Armed Forces Medical College, Department of Microbiology	India	Kaushik,K.,Chumber,S.,Kapila,K.	2016-07-14T00:00:00Z								Human alphaherpesvirus 3		10335
DQ656731.1			PARTIAL	1	India	Asia												true					76			173				1		2006-07-05T00:00:00Z		GenBank		Armed Forces Medical College, Department of Microbiology	India	Kaushik,K.,Chumber,S.,Kapila,K.	2016-07-14T00:00:00Z								Human alphaherpesvirus 3		10335
DQ656732.1			PARTIAL	1	India	Asia												true					78			184				1		2006-07-05T00:00:00Z		GenBank		Armed Forces Medical College, Department of Microbiology	India	Kaushik,K.,Chumber,S.,Kapila,K.	2016-07-14T00:00:00Z								Human alphaherpesvirus 3		10335
DQ656733.1			PARTIAL	1	India	Asia												true					80			165				1		2006-07-05T00:00:00Z		GenBank		Armed Forces Medical College, Department of Microbiology	India	Kaushik,K.,Chumber,S.,Kapila,K.	2016-07-14T00:00:00Z								Human alphaherpesvirus 3		10335
DQ656734.1			PARTIAL	1	India	Asia												true					82			158				1		2006-07-05T00:00:00Z		GenBank		Armed Forces Medical College, Department of Microbiology	India	Kaushik,K.,Chumber,S.,Kapila,K.	2016-07-14T00:00:00Z								Human alphaherpesvirus 3		10335
DQ656735.1			PARTIAL	1	India	Asia												true					85			164				1		2006-07-05T00:00:00Z		GenBank		Armed Forces Medical College, Department of Microbiology	India	Kaushik,K.,Chumber,S.,Kapila,K.	2016-07-14T00:00:00Z								Human alphaherpesvirus 3		10335
DQ656736.1			PARTIAL	1	India	Asia												true					VZ3			588				1		2006-07-05T00:00:00Z		GenBank		Armed Forces Medical College, Department of Microbiology	India	Kaushik,K.,Chumber,S.,Savy,S.	2016-07-14T00:00:00Z								Human alphaherpesvirus 3		10335
DQ656737.1			PARTIAL	9	India	Asia												true					VZ4			566						2006-07-05T00:00:00Z		GenBank		Armed Forces Medical College, Department of Microbiology	India	Kaushik,K.,Chumber,S.,Savy,S.	2016-07-14T00:00:00Z								Human alphaherpesvirus 3		10335
DQ656738.1			PARTIAL	1	India	Asia												true					VZ8			589				1		2006-07-05T00:00:00Z		GenBank		Armed Forces Medical College, Department of Microbiology	India	Kaushik,K.,Chumber,S.,Savy,S.	2016-07-14T00:00:00Z								Human alphaherpesvirus 3		10335
DQ656739.1			PARTIAL	1	India	Asia												true					VZ16			577				1		2006-07-05T00:00:00Z		GenBank		Armed Forces Medical College, Department of Microbiology	India	Kaushik,K.,Chumber,S.,Savy,S.	2016-07-14T00:00:00Z								Human alphaherpesvirus 3		10335
DQ656740.1			PARTIAL	1	India	Asia												true					VZ18			569				1		2006-07-05T00:00:00Z		GenBank		Armed Forces Medical College, Department of Microbiology	India	Kaushik,K.,Chumber,S.,Savy,S.	2016-07-14T00:00:00Z								Human alphaherpesvirus 3		10335
DQ656741.1			PARTIAL	9	India	Asia												true					VZ19			572						2006-07-05T00:00:00Z		GenBank		Armed Forces Medical College, Department of Microbiology	India	Kaushik,K.,Chumber,S.,Savy,S.	2016-07-14T00:00:00Z								Human alphaherpesvirus 3		10335
DQ656742.1			PARTIAL	1	India	Asia												true					VZ21			571				1		2006-07-05T00:00:00Z		GenBank		Armed Forces Medical College, Department of Microbiology	India	Kaushik,K.,Chumber,S.,Savy,S.	2016-07-14T00:00:00Z								Human alphaherpesvirus 3		10335
DQ656743.1			PARTIAL	1	India	Asia												true					VZ25			576				1		2006-07-05T00:00:00Z		GenBank		Armed Forces Medical College, Department of Microbiology	India	Kaushik,K.,Chumber,S.,Savy,S.	2016-07-14T00:00:00Z								Human alphaherpesvirus 3		10335
DQ656744.1			PARTIAL	9	India	Asia												true					VZ27			569						2006-07-05T00:00:00Z		GenBank		Armed Forces Medical College, Department of Microbiology	India	Kaushik,K.,Chumber,S.,Savy,S.	2016-07-14T00:00:00Z								Human alphaherpesvirus 3		10335
DQ656745.1			PARTIAL	1	India	Asia												true					3			174				1		2006-07-05T00:00:00Z		GenBank		Armed Forces Medical College, Department of Microbiology	India	Chumber,S.,Kaushik,K.,Kapila,K.	2016-07-14T00:00:00Z								Human alphaherpesvirus 3		10335
DQ656746.1			PARTIAL	1	India	Asia												true					8			186				1		2006-07-05T00:00:00Z		GenBank		Armed Forces Medical College, Department of Microbiology	India	Chumber,S.,Kaushik,K.,Kapila,K.	2016-07-14T00:00:00Z								Human alphaherpesvirus 3		10335
DQ656747.1			PARTIAL	1	India	Asia												true					14			189				1		2006-07-05T00:00:00Z		GenBank		Armed Forces Medical College, Department of Microbiology	India	Chumber,S.,Kaushik,K.,Kapila,K.	2016-07-14T00:00:00Z								Human alphaherpesvirus 3		10335
DQ656748.1			PARTIAL	11	India	Asia												true					16			205						2006-07-05T00:00:00Z		GenBank		Armed Forces Medical College, Department of Microbiology	India	Chumber,S.,Kaushik,K.,Kapila,K.	2016-07-14T00:00:00Z								Human alphaherpesvirus 3		10335
DQ656749.1			PARTIAL	1	India	Asia												true					18			182				1		2006-07-05T00:00:00Z		GenBank		Armed Forces Medical College, Department of Microbiology	India	Chumber,S.,Kaushik,K.,Kapila,K.	2016-07-14T00:00:00Z								Human alphaherpesvirus 3		10335
DQ656750.1			PARTIAL	1	India	Asia												true					31			183				1		2006-07-05T00:00:00Z		GenBank		Armed Forces Medical College, Department of Microbiology	India	Chumber,S.,Kaushik,K.,Kapila,K.	2016-07-14T00:00:00Z								Human alphaherpesvirus 3		10335
DQ656751.1			PARTIAL	1	India	Asia												true					35			168				1		2006-07-05T00:00:00Z		GenBank		Armed Forces Medical College, Department of Microbiology	India	Chumber,S.,Kaushik,K.,Kapila,K.	2016-07-14T00:00:00Z								Human alphaherpesvirus 3		10335
DQ656752.1			PARTIAL	1	India	Asia												true					37			173				1		2006-07-05T00:00:00Z		GenBank		Armed Forces Medical College, Department of Microbiology	India	Chumber,S.,Kaushik,K.,Kapila,K.	2016-07-14T00:00:00Z								Human alphaherpesvirus 3		10335
DQ656753.1			PARTIAL	1	India	Asia												true					38			182				1		2006-07-05T00:00:00Z		GenBank		Armed Forces Medical College, Department of Microbiology	India	Chumber,S.,Kaushik,K.,Kapila,K.	2016-07-14T00:00:00Z								Human alphaherpesvirus 3		10335
DQ656754.1			PARTIAL	11	India	Asia												true					39			182						2006-07-05T00:00:00Z		GenBank		Armed Forces Medical College, Department of Microbiology	India	Chumber,S.,Kaushik,K.,Kapila,K.	2016-07-14T00:00:00Z								Human alphaherpesvirus 3		10335
DQ656755.1			PARTIAL	1	India	Asia												true					46			158				1		2006-07-05T00:00:00Z		GenBank		Armed Forces Medical College, Department of Microbiology	India	Chumber,S.,Kaushik,K.,Kapila,K.	2016-07-14T00:00:00Z								Human alphaherpesvirus 3		10335
DQ674250.1			COMPLETE	73	USA: NH	North America	NH											true		true		2000-12	NH29_3		human lung fibroblast cell line	124811				73		2007-06-30T00:00:00Z		GenBank		Centers for Disease Control and Prevention, NCID	USA	Loparev,V.N.	2007-06-30T00:00:00Z								Human alphaherpesvirus 3		10335
DQ910905.1			PARTIAL	1	USA	North America												true					Ellen			2244				1		2006-10-28T00:00:00Z		GenBank		Indiana University Purdue University Fort Wayne, Biology	USA	Visalli,R.J.,Nicolosi,D.M.,Irven,K.L.,Goshorn,B.,Khan,T.,Visalli,M.A.	2007-10-29T00:00:00Z								Human alphaherpesvirus 3		10335
DQ910906.1			PARTIAL	1	USA	North America												true					Ellen			2310				1		2006-10-28T00:00:00Z		GenBank		Indiana University Purdue University Fort Wayne, Biology	USA	Visalli,R.J.,Fairhurst,J.,Srinivas,S.,Hu,W.,Feld,B.,DiGrandi,M.,Curran,K.,Ross,A.,Bloom,J.D.,van Zeijl,M.,Jones,T.R.,O'Connell,J.,Cohen,J.I.,Nicolosi,D.M.,Irven,K.L.,Goshorn,B.,Khan,T.,Visalli,M.A.	2007-10-29T00:00:00Z								Human alphaherpesvirus 3		10335
E00776.1			PARTIAL																							1986						1997-06-06T00:00:00Z		GenBank				Ronarudo,D.E.,Pooru,E.K.	2005-11-04T00:00:00Z								Human alphaherpesvirus 3		10335
E01150.1			PARTIAL																							2607						1997-06-06T00:00:00Z		GenBank				Ronarudo,D.E.,Robaato,E.R.,Pooru,E.K.,Andoriyuu,J.D.	2005-11-04T00:00:00Z								Human alphaherpesvirus 3		10335
E01405.1			PARTIAL																							2526						1997-06-06T00:00:00Z		GenBank				Pooru,E.K.,Ronarudo,D.E.,Robaato,E.R.,Maaku,D.R.,Andoriyuu,J.D.	2005-11-04T00:00:00Z								Human alphaherpesvirus 3		10335
E01406.1			PARTIAL																							4160						1997-06-06T00:00:00Z		GenBank				Buiremu,J.M.F.F.,Antoniusu,Y.M.R.R.,Yakobusu,A.S.	2005-11-04T00:00:00Z								Human alphaherpesvirus 3		10335
E01407.1			PARTIAL																							5402						1997-06-06T00:00:00Z		GenBank				Buiremu,J.M.F.F.,Antoniusu,Y.M.R.R.,Yakobusu,A.S.	2005-11-04T00:00:00Z								Human alphaherpesvirus 3		10335
E02092.1			PARTIAL																							89						1997-06-06T00:00:00Z		GenBank				Makikado,K.,Eto,T.,Mizuno,K.	2005-11-04T00:00:00Z								Human alphaherpesvirus 3		10335
E02093.1			PARTIAL																							46						1997-06-06T00:00:00Z		GenBank				Makikado,K.,Eto,T.,Mizuno,K.	2005-11-04T00:00:00Z								Human alphaherpesvirus 3		10335
E02094.1			PARTIAL																							57						1997-06-06T00:00:00Z		GenBank				Makikado,K.,Eto,T.,Mizuno,K.	2005-11-04T00:00:00Z								Human alphaherpesvirus 3		10335
E03146.1			PARTIAL																							2133						1997-06-06T00:00:00Z		GenBank				Fujisawa,Y.,Hinuma,K.,Hasama,M.	2005-11-04T00:00:00Z								Human alphaherpesvirus 3		10335
E03566.1			PARTIAL																							2133						1997-06-06T00:00:00Z		GenBank				Fujisawa,Y.,Hinuma,K.,Mayumi,A.	2005-11-04T00:00:00Z								Human alphaherpesvirus 3		10335
E36491.1			PARTIAL																							618						2001-02-07T00:00:00Z		GenBank				Markus,A.,Dorotia,G.,Klaus,R.,Hanspater,H.,Bernhard,G.	2005-11-05T00:00:00Z								Human alphaherpesvirus 3		10335
E36492.1			PARTIAL																							31						2001-02-07T00:00:00Z		GenBank				Markus,A.,Dorotia,G.,Klaus,R.,Hanspater,H.,Bernhard,G.	2005-11-05T00:00:00Z								Human alphaherpesvirus 3		10335
E36493.1			PARTIAL																							34						2001-02-07T00:00:00Z		GenBank				Markus,A.,Dorotia,G.,Klaus,R.,Hanspater,H.,Bernhard,G.	2005-11-05T00:00:00Z								Human alphaherpesvirus 3		10335
E36494.1			PARTIAL																							36						2001-02-07T00:00:00Z		GenBank				Markus,A.,Dorotia,G.,Klaus,R.,Hanspater,H.,Bernhard,G.	2005-11-05T00:00:00Z								Human alphaherpesvirus 3		10335
E36495.1			PARTIAL																							36						2001-02-07T00:00:00Z		GenBank				Markus,A.,Dorotia,G.,Klaus,R.,Hanspater,H.,Bernhard,G.	2005-11-05T00:00:00Z								Human alphaherpesvirus 3		10335
E36496.1			PARTIAL																							36						2001-02-07T00:00:00Z		GenBank				Markus,A.,Dorotia,G.,Klaus,R.,Hanspater,H.,Bernhard,G.	2005-11-05T00:00:00Z								Human alphaherpesvirus 3		10335
E36497.1			PARTIAL																							35						2001-02-07T00:00:00Z		GenBank				Markus,A.,Dorotia,G.,Klaus,R.,Hanspater,H.,Bernhard,G.	2005-11-05T00:00:00Z								Human alphaherpesvirus 3		10335
E36498.1			PARTIAL																							39						2001-02-07T00:00:00Z		GenBank				Markus,A.,Dorotia,G.,Klaus,R.,Hanspater,H.,Bernhard,G.	2005-11-05T00:00:00Z								Human alphaherpesvirus 3		10335
E36499.1			PARTIAL																							33						2001-02-07T00:00:00Z		GenBank				Markus,A.,Dorotia,G.,Klaus,R.,Hanspater,H.,Bernhard,G.	2005-11-05T00:00:00Z								Human alphaherpesvirus 3		10335
E36500.1			PARTIAL																							705						2001-02-07T00:00:00Z		GenBank				Markus,A.,Dorotia,G.,Klaus,R.,Hanspater,H.,Bernhard,G.	2005-11-05T00:00:00Z								Human alphaherpesvirus 3		10335
E36501.1			PARTIAL																							37						2001-02-07T00:00:00Z		GenBank				Markus,A.,Dorotia,G.,Klaus,R.,Hanspater,H.,Bernhard,G.	2005-11-05T00:00:00Z								Human alphaherpesvirus 3		10335
E36502.1			PARTIAL																							38						2001-02-07T00:00:00Z		GenBank				Markus,A.,Dorotia,G.,Klaus,R.,Hanspater,H.,Bernhard,G.	2005-11-05T00:00:00Z								Human alphaherpesvirus 3		10335
E36503.1			PARTIAL																							34						2001-02-07T00:00:00Z		GenBank				Markus,A.,Dorotia,G.,Klaus,R.,Hanspater,H.,Bernhard,G.	2005-11-05T00:00:00Z								Human alphaherpesvirus 3		10335
E36504.1			PARTIAL																							38						2001-02-07T00:00:00Z		GenBank				Markus,A.,Dorotia,G.,Klaus,R.,Hanspater,H.,Bernhard,G.	2005-11-05T00:00:00Z								Human alphaherpesvirus 3		10335
E36505.1			PARTIAL																							27						2001-02-07T00:00:00Z		GenBank				Markus,A.,Dorotia,G.,Klaus,R.,Hanspater,H.,Bernhard,G.	2005-11-05T00:00:00Z								Human alphaherpesvirus 3		10335
E36506.1			PARTIAL																							38						2001-02-07T00:00:00Z		GenBank				Markus,A.,Dorotia,G.,Klaus,R.,Hanspater,H.,Bernhard,G.	2005-11-05T00:00:00Z								Human alphaherpesvirus 3		10335
EF090731.1			PARTIAL	1	Colombia	South America												true					BOG-VZ			247				1		2006-11-26T00:00:00Z		GenBank		Universidad El Bosque, Instituto de Virologia	Colombia	Martinez-Uzeta,C.,Jimenez,G.,Castellanos,J.E.	2006-11-28T00:00:00Z								Human alphaherpesvirus 3		10335
EU154348.1			COMPLETE	73	Russia	Europe												true				1999	SVETA			124813				73		2007-10-14T00:00:00Z		GenBank		Centers for Disease Control and Prevention, DVRD	USA	Loparev,V.N.,Rubtcova,E.N.,Bostik,V.,Tzaneva,V.,Sauerbrei,A.,Robo,A.,Sattler-Dornbacher,E.,Hanovcova,I.,Stepanova,V.,Splino,M.,Eremin,V.,Koskiniemi,M.,Vankova,O.E.,Schmid,D.S.	2009-02-26T00:00:00Z								Human alphaherpesvirus 3		10335
EU264076.1			PARTIAL	1	India	Asia												true					VVZ			269				1		2007-12-03T00:00:00Z		GenBank		Armed Forces Medical College, Microbiology	India	Kaushik,K.S.,Lahiri,K.K.,Kapila,K.	2016-07-26T00:00:00Z								Human alphaherpesvirus 3		10335
EU264077.1			PARTIAL	1	India	Asia												true					VZ1			269				1		2007-12-03T00:00:00Z		GenBank		Armed Forces Medical College, Microbiology	India	Kaushik,K.S.,Lahiri,K.K.,Kapila,K.	2016-07-26T00:00:00Z								Human alphaherpesvirus 3		10335
EU264078.1			PARTIAL	1	India	Asia												true					VZ2			269				1		2007-12-03T00:00:00Z		GenBank		Armed Forces Medical College, Microbiology	India	Kaushik,K.S.,Lahiri,K.K.,Kapila,K.	2016-07-26T00:00:00Z								Human alphaherpesvirus 3		10335
EU264079.1			PARTIAL	1	India	Asia												true					VZ3			269				1		2007-12-03T00:00:00Z		GenBank		Armed Forces Medical College, Microbiology	India	Kaushik,K.S.,Lahiri,K.K.,Kapila,K.	2016-07-26T00:00:00Z								Human alphaherpesvirus 3		10335
EU264080.1			PARTIAL	1	India	Asia												true					VZ4			269				1		2007-12-03T00:00:00Z		GenBank		Armed Forces Medical College, Microbiology	India	Kaushik,K.S.,Lahiri,K.K.,Kapila,K.	2016-07-26T00:00:00Z								Human alphaherpesvirus 3		10335
EU264081.1			PARTIAL	1	India	Asia												true					VZ5			268				1		2007-12-03T00:00:00Z		GenBank		Armed Forces Medical College, Microbiology	India	Kaushik,K.S.,Lahiri,K.K.,Kapila,K.	2016-07-26T00:00:00Z								Human alphaherpesvirus 3		10335
EU264082.1			PARTIAL	1	India	Asia												true					VZ6			269				1		2007-12-03T00:00:00Z		GenBank		Armed Forces Medical College, Microbiology	India	Kaushik,K.S.,Lahiri,K.K.,Kapila,K.	2016-07-26T00:00:00Z								Human alphaherpesvirus 3		10335
EU264083.1			PARTIAL	1	India	Asia												true					VZ7			269				1		2007-12-03T00:00:00Z		GenBank		Armed Forces Medical College, Microbiology	India	Kaushik,K.S.,Lahiri,K.K.,Kapila,K.	2016-07-26T00:00:00Z								Human alphaherpesvirus 3		10335
EU264084.1			PARTIAL	1	India	Asia												true					VZ8			269				1		2007-12-03T00:00:00Z		GenBank		Armed Forces Medical College, Microbiology	India	Kaushik,K.S.,Lahiri,K.K.,Kapila,K.	2016-07-26T00:00:00Z								Human alphaherpesvirus 3		10335
EU264085.1			PARTIAL	1	India	Asia												true					VZ9			269				1		2007-12-03T00:00:00Z		GenBank		Armed Forces Medical College, Microbiology	India	Kaushik,K.S.,Lahiri,K.K.,Kapila,K.	2016-07-26T00:00:00Z								Human alphaherpesvirus 3		10335
EU264086.1			PARTIAL	1	India	Asia												true					VZ10			269				1		2007-12-03T00:00:00Z		GenBank		Armed Forces Medical College, Microbiology	India	Kaushik,K.S.,Lahiri,K.K.,Kapila,K.,Karade,S.	2016-07-26T00:00:00Z								Human alphaherpesvirus 3		10335
EU264087.1			PARTIAL	1	India	Asia												true					VZ11			269				1		2007-12-03T00:00:00Z		GenBank		Armed Forces Medical College, Microbiology	India	Kaushik,K.S.,Lahiri,K.K.,Kapila,K.,Karade,S.	2016-07-26T00:00:00Z								Human alphaherpesvirus 3		10335
EU264088.1			PARTIAL	1	India	Asia												true					VZ12			269				1		2007-12-03T00:00:00Z		GenBank		Armed Forces Medical College, Microbiology	India	Kaushik,K.S.,Lahiri,K.K.,Kapila,K.,Karade,S.	2016-07-26T00:00:00Z								Human alphaherpesvirus 3		10335
EU264089.1			PARTIAL	1	India	Asia												true					VZ13			269				1		2007-12-03T00:00:00Z		GenBank		Armed Forces Medical College, Microbiology	India	Kaushik,K.S.,Lahiri,K.K.,Kapila,K.,Karade,S.	2016-07-26T00:00:00Z								Human alphaherpesvirus 3		10335
EU264090.1			PARTIAL	1	India	Asia												true					VZ14			269				1		2007-12-03T00:00:00Z		GenBank		Armed Forces Medical College, Microbiology	India	Kaushik,K.S.,Lahiri,K.K.,Kapila,K.,Karade,S.	2016-07-26T00:00:00Z								Human alphaherpesvirus 3		10335
EU264091.1			PARTIAL	1	India	Asia												true					VZ15			269				1		2007-12-03T00:00:00Z		GenBank		Armed Forces Medical College, Microbiology	India	Kaushik,K.S.,Lahiri,K.K.,Kapila,K.	2016-07-26T00:00:00Z								Human alphaherpesvirus 3		10335
EU264092.1			PARTIAL	1	India	Asia												true					VZ16			269				1		2007-12-03T00:00:00Z		GenBank		Armed Forces Medical College, Microbiology	India	Kaushik,K.S.,Lahiri,K.K.,Kapila,K.	2016-07-26T00:00:00Z								Human alphaherpesvirus 3		10335
EU264093.1			PARTIAL	1	India	Asia												true					VZ17			269				1		2007-12-03T00:00:00Z		GenBank		Armed Forces Medical College, Microbiology	India	Kaushik,K.S.,Lahiri,K.K.,Kapila,K.	2016-07-26T00:00:00Z								Human alphaherpesvirus 3		10335
EU264094.1			PARTIAL	1	India	Asia												true					VZ18			269				1		2007-12-03T00:00:00Z		GenBank		Armed Forces Medical College, Microbiology	India	Kaushik,K.S.,Lahiri,K.K.,Kapila,K.,Pandey,P.	2016-07-26T00:00:00Z								Human alphaherpesvirus 3		10335
EU264095.1			PARTIAL	1	India	Asia												true					VZ19			269				1		2007-12-03T00:00:00Z		GenBank		Armed Forces Medical College, Microbiology	India	Kaushik,K.S.,Lahiri,K.K.,Kapila,K.,Savy,S.	2016-07-26T00:00:00Z								Human alphaherpesvirus 3		10335
EU264096.1			PARTIAL	1	India	Asia												true					VZ20			269				1		2007-12-03T00:00:00Z		GenBank		Armed Forces Medical College, Microbiology	India	Kaushik,K.S.,Lahiri,K.K.,Kapila,K.	2016-07-26T00:00:00Z								Human alphaherpesvirus 3		10335
EU264097.1			PARTIAL	1	India	Asia												true					VZ21			269				1		2007-12-03T00:00:00Z		GenBank		Armed Forces Medical College, Microbiology	India	Kaushik,K.S.,Lahiri,K.K.,Kapila,K.	2016-07-26T00:00:00Z								Human alphaherpesvirus 3		10335
EU264098.1			PARTIAL	1	India	Asia												true					VZ22			268				1		2007-12-03T00:00:00Z		GenBank		Armed Forces Medical College, Microbiology	India	Kaushik,K.S.,Lahiri,K.K.,Kapila,K.	2016-07-26T00:00:00Z								Human alphaherpesvirus 3		10335
EU264099.1			PARTIAL	1	India	Asia												true					VZ23			268				1		2007-12-03T00:00:00Z		GenBank		Armed Forces Medical College, Microbiology	India	Kaushik,K.S.,Lahiri,K.K.,Kapila,K.	2016-07-26T00:00:00Z								Human alphaherpesvirus 3		10335
EU264100.1			PARTIAL	1	India	Asia												true					VZ24			268				1		2007-12-03T00:00:00Z		GenBank		Armed Forces Medical College, Microbiology	India	Kaushik,K.S.,Lahiri,K.K.,Kapila,K.	2016-07-26T00:00:00Z								Human alphaherpesvirus 3		10335
EU264101.1			PARTIAL	1	India	Asia												true					VZ25			268				1		2007-12-03T00:00:00Z		GenBank		Armed Forces Medical College, Microbiology	India	Kaushik,K.S.,Lahiri,K.K.,Kapila,K.	2016-07-26T00:00:00Z								Human alphaherpesvirus 3		10335
FJ425229.1			PARTIAL	1	South Korea	Asia									Homo sapiens		9606	true				2007	Korean_SNU_1			363				1		2010-10-26T00:00:00Z		GenBank		Seoul National University College of Medicine, Internal Medicine		Kim,K.H.,Choi,Y.J.,Song,K.H.,Park,W.B.,Jeon,J.H.,Park,S.W.,Kim,H.B.,Kim,N.J.,Oh,M.D.,Kim,K.-H.,Park,S.-W.,Oh,M.-D.,Choe,K.W.	2016-07-24T00:00:00Z								Human alphaherpesvirus 3		10335
FJ425230.1			PARTIAL	1	South Korea	Asia									Homo sapiens		9606	true				2007	Korean_SNU_2			363				1		2010-10-26T00:00:00Z		GenBank		Seoul National University College of Medicine, Internal Medicine		Kim,K.H.,Choi,Y.J.,Song,K.H.,Park,W.B.,Jeon,J.H.,Park,S.W.,Kim,H.B.,Kim,N.J.,Oh,M.D.,Kim,K.-H.,Park,S.-W.,Oh,M.-D.,Choe,K.W.	2016-07-24T00:00:00Z								Human alphaherpesvirus 3		10335
FJ425231.1			PARTIAL	1	South Korea	Asia									Homo sapiens		9606	true				2007	Korean_SNU_3			363				1		2010-10-26T00:00:00Z		GenBank		Seoul National University College of Medicine, Internal Medicine		Kim,K.H.,Choi,Y.J.,Song,K.H.,Park,W.B.,Jeon,J.H.,Park,S.W.,Kim,H.B.,Kim,N.J.,Oh,M.D.,Kim,K.-H.,Park,S.-W.,Oh,M.-D.,Choe,K.W.	2016-07-24T00:00:00Z								Human alphaherpesvirus 3		10335
FJ425232.1			PARTIAL	1	South Korea	Asia									Homo sapiens		9606	true				2007	Korean_SNU_4			363				1		2010-10-26T00:00:00Z		GenBank		Seoul National University College of Medicine, Internal Medicine		Kim,K.H.,Choi,Y.J.,Song,K.H.,Park,W.B.,Jeon,J.H.,Park,S.W.,Kim,H.B.,Kim,N.J.,Oh,M.D.,Kim,K.-H.,Park,S.-W.,Oh,M.-D.,Choe,K.W.	2016-07-24T00:00:00Z								Human alphaherpesvirus 3		10335
FJ425233.1			PARTIAL	1	South Korea	Asia									Homo sapiens		9606	true				2007	Korean_SNU_5			363				1		2010-10-26T00:00:00Z		GenBank		Seoul National University College of Medicine, Internal Medicine		Kim,K.H.,Choi,Y.J.,Song,K.H.,Park,W.B.,Jeon,J.H.,Park,S.W.,Kim,H.B.,Kim,N.J.,Oh,M.D.,Kim,K.-H.,Park,S.-W.,Oh,M.-D.,Choe,K.W.	2016-07-24T00:00:00Z								Human alphaherpesvirus 3		10335
FJ425234.1			PARTIAL	1	South Korea	Asia									Homo sapiens		9606	true				2007	Korean_SNU_6			363				1		2010-10-26T00:00:00Z		GenBank		Seoul National University College of Medicine, Internal Medicine		Kim,K.H.,Choi,Y.J.,Song,K.H.,Park,W.B.,Jeon,J.H.,Park,S.W.,Kim,H.B.,Kim,N.J.,Oh,M.D.,Kim,K.-H.,Park,S.-W.,Oh,M.-D.,Choe,K.W.	2016-07-24T00:00:00Z								Human alphaherpesvirus 3		10335
FJ425235.1			PARTIAL	1	South Korea	Asia									Homo sapiens		9606	true				2007	Korean_SNU_7			363				1		2010-10-26T00:00:00Z		GenBank		Seoul National University College of Medicine, Internal Medicine		Kim,K.H.,Choi,Y.J.,Song,K.H.,Park,W.B.,Jeon,J.H.,Park,S.W.,Kim,H.B.,Kim,N.J.,Oh,M.D.,Kim,K.-H.,Park,S.-W.,Oh,M.-D.,Choe,K.W.	2016-07-24T00:00:00Z								Human alphaherpesvirus 3		10335
FJ425236.1			PARTIAL	1	South Korea	Asia									Homo sapiens		9606	true				2007	Korean_SNU_8			363				1		2010-10-26T00:00:00Z		GenBank		Seoul National University College of Medicine, Internal Medicine		Kim,K.H.,Choi,Y.J.,Song,K.H.,Park,W.B.,Jeon,J.H.,Park,S.W.,Kim,H.B.,Kim,N.J.,Oh,M.D.,Kim,K.-H.,Park,S.-W.,Oh,M.-D.,Choe,K.W.	2016-07-24T00:00:00Z								Human alphaherpesvirus 3		10335
FJ425237.1			PARTIAL	1	South Korea	Asia									Homo sapiens		9606	true				2007	Korean_SNU_9			363				1		2010-10-26T00:00:00Z		GenBank		Seoul National University College of Medicine, Internal Medicine		Kim,K.H.,Choi,Y.J.,Song,K.H.,Park,W.B.,Jeon,J.H.,Park,S.W.,Kim,H.B.,Kim,N.J.,Oh,M.D.,Kim,K.-H.,Park,S.-W.,Oh,M.-D.,Choe,K.W.	2016-07-24T00:00:00Z								Human alphaherpesvirus 3		10335
FJ425238.1			PARTIAL	1	South Korea	Asia									Homo sapiens		9606	true				2007	Korean_SNU_10			363				1		2010-10-26T00:00:00Z		GenBank		Seoul National University College of Medicine, Internal Medicine		Kim,K.H.,Choi,Y.J.,Song,K.H.,Park,W.B.,Jeon,J.H.,Park,S.W.,Kim,H.B.,Kim,N.J.,Oh,M.D.,Kim,K.-H.,Park,S.-W.,Oh,M.-D.,Choe,K.W.	2016-07-24T00:00:00Z								Human alphaherpesvirus 3		10335
FJ425239.1			PARTIAL	1	South Korea	Asia									Homo sapiens		9606	true				2007	Korean_SNU_11			363				1		2010-10-26T00:00:00Z		GenBank		Seoul National University College of Medicine, Internal Medicine		Kim,K.H.,Choi,Y.J.,Song,K.H.,Park,W.B.,Jeon,J.H.,Park,S.W.,Kim,H.B.,Kim,N.J.,Oh,M.D.,Kim,K.-H.,Park,S.-W.,Oh,M.-D.,Choe,K.W.	2016-07-24T00:00:00Z								Human alphaherpesvirus 3		10335
FJ425240.1			PARTIAL	1	South Korea	Asia									Homo sapiens		9606	true				2007	Korean_SNU_12			363				1		2010-10-26T00:00:00Z		GenBank		Seoul National University College of Medicine, Internal Medicine		Kim,K.H.,Choi,Y.J.,Song,K.H.,Park,W.B.,Jeon,J.H.,Park,S.W.,Kim,H.B.,Kim,N.J.,Oh,M.D.,Kim,K.-H.,Park,S.-W.,Oh,M.-D.,Choe,K.W.	2016-07-24T00:00:00Z								Human alphaherpesvirus 3		10335
FJ425241.1			PARTIAL	1	South Korea	Asia									Homo sapiens		9606	true				2007	Korean_SNU_13			363				1		2010-10-26T00:00:00Z		GenBank		Seoul National University College of Medicine, Internal Medicine		Kim,K.H.,Choi,Y.J.,Song,K.H.,Park,W.B.,Jeon,J.H.,Park,S.W.,Kim,H.B.,Kim,N.J.,Oh,M.D.,Kim,K.-H.,Park,S.-W.,Oh,M.-D.,Choe,K.W.	2016-07-24T00:00:00Z								Human alphaherpesvirus 3		10335
FJ425242.1			PARTIAL	1	South Korea	Asia									Homo sapiens		9606	true				2007	Korean_SNU_14			363				1		2010-10-26T00:00:00Z		GenBank		Seoul National University College of Medicine, Internal Medicine		Kim,K.H.,Choi,Y.J.,Song,K.H.,Park,W.B.,Jeon,J.H.,Park,S.W.,Kim,H.B.,Kim,N.J.,Oh,M.D.,Kim,K.-H.,Park,S.-W.,Oh,M.-D.,Choe,K.W.	2016-07-24T00:00:00Z								Human alphaherpesvirus 3		10335
FJ425243.1			PARTIAL	1	South Korea	Asia									Homo sapiens		9606	true				2007	Korean_SNU_15			363				1		2010-10-26T00:00:00Z		GenBank		Seoul National University College of Medicine, Internal Medicine		Kim,K.H.,Choi,Y.J.,Song,K.H.,Park,W.B.,Jeon,J.H.,Park,S.W.,Kim,H.B.,Kim,N.J.,Oh,M.D.,Kim,K.-H.,Park,S.-W.,Oh,M.-D.,Choe,K.W.	2016-07-24T00:00:00Z								Human alphaherpesvirus 3		10335
FJ425244.1			PARTIAL	1	South Korea	Asia									Homo sapiens		9606	true				2007	Korean_SNU_16			363				1		2010-10-26T00:00:00Z		GenBank		Seoul National University College of Medicine, Internal Medicine		Kim,K.H.,Choi,Y.J.,Song,K.H.,Park,W.B.,Jeon,J.H.,Park,S.W.,Kim,H.B.,Kim,N.J.,Oh,M.D.,Kim,K.-H.,Park,S.-W.,Oh,M.-D.,Choe,K.W.	2016-07-24T00:00:00Z								Human alphaherpesvirus 3		10335
FJ425245.1			PARTIAL	1	South Korea	Asia									Homo sapiens		9606	true				2007	Korean_SNU_17			363				1		2010-10-26T00:00:00Z		GenBank		Seoul National University College of Medicine, Internal Medicine		Kim,K.H.,Choi,Y.J.,Song,K.H.,Park,W.B.,Jeon,J.H.,Park,S.W.,Kim,H.B.,Kim,N.J.,Oh,M.D.,Kim,K.-H.,Park,S.-W.,Oh,M.-D.,Choe,K.W.	2016-07-24T00:00:00Z								Human alphaherpesvirus 3		10335
FJ425246.1			PARTIAL	1	South Korea	Asia									Homo sapiens		9606	true				2007	Korean_SNU_18			363				1		2010-10-26T00:00:00Z		GenBank		Seoul National University College of Medicine, Internal Medicine		Kim,K.H.,Choi,Y.J.,Song,K.H.,Park,W.B.,Jeon,J.H.,Park,S.W.,Kim,H.B.,Kim,N.J.,Oh,M.D.,Kim,K.-H.,Park,S.-W.,Oh,M.-D.,Choe,K.W.	2016-07-24T00:00:00Z								Human alphaherpesvirus 3		10335
FJ425247.1			PARTIAL	1	South Korea	Asia									Homo sapiens		9606	true				2007	Korean_SNU_19			363				1		2010-10-26T00:00:00Z		GenBank		Seoul National University College of Medicine, Internal Medicine		Kim,K.H.,Choi,Y.J.,Song,K.H.,Park,W.B.,Jeon,J.H.,Park,S.W.,Kim,H.B.,Kim,N.J.,Oh,M.D.,Kim,K.-H.,Park,S.-W.,Oh,M.-D.,Choe,K.W.	2016-07-24T00:00:00Z								Human alphaherpesvirus 3		10335
FJ425248.1			PARTIAL	1	South Korea	Asia									Homo sapiens		9606	true				2007	Korean_SNU_20			363				1		2010-10-26T00:00:00Z		GenBank		Seoul National University College of Medicine, Internal Medicine		Kim,K.H.,Choi,Y.J.,Song,K.H.,Park,W.B.,Jeon,J.H.,Park,S.W.,Kim,H.B.,Kim,N.J.,Oh,M.D.,Kim,K.-H.,Park,S.-W.,Oh,M.-D.,Choe,K.W.	2016-07-24T00:00:00Z								Human alphaherpesvirus 3		10335
FJ425249.1			PARTIAL	1	South Korea	Asia									Homo sapiens		9606	true				2007	Korean_SNU_21			363				1		2010-10-26T00:00:00Z		GenBank		Seoul National University College of Medicine, Internal Medicine		Kim,K.H.,Choi,Y.J.,Song,K.H.,Park,W.B.,Jeon,J.H.,Park,S.W.,Kim,H.B.,Kim,N.J.,Oh,M.D.,Kim,K.-H.,Park,S.-W.,Oh,M.-D.,Choe,K.W.	2016-07-24T00:00:00Z								Human alphaherpesvirus 3		10335
FJ425250.1			PARTIAL	1	South Korea	Asia									Homo sapiens		9606	true				2007	Korean_SNU_22			363				1		2010-10-26T00:00:00Z		GenBank		Seoul National University College of Medicine, Internal Medicine		Kim,K.H.,Choi,Y.J.,Song,K.H.,Park,W.B.,Jeon,J.H.,Park,S.W.,Kim,H.B.,Kim,N.J.,Oh,M.D.,Kim,K.-H.,Park,S.-W.,Oh,M.-D.,Choe,K.W.	2016-07-24T00:00:00Z								Human alphaherpesvirus 3		10335
FJ425251.1			PARTIAL	1	South Korea	Asia									Homo sapiens		9606	true				2007	Korean_SNU_23			363				1		2010-10-26T00:00:00Z		GenBank		Seoul National University College of Medicine, Internal Medicine		Kim,K.H.,Choi,Y.J.,Song,K.H.,Park,W.B.,Jeon,J.H.,Park,S.W.,Kim,H.B.,Kim,N.J.,Oh,M.D.,Kim,K.-H.,Park,S.-W.,Oh,M.-D.,Choe,K.W.	2016-07-24T00:00:00Z								Human alphaherpesvirus 3		10335
FJ425252.1			PARTIAL	1	South Korea	Asia									Homo sapiens		9606	true				2007	Korean_SNU_24			363				1		2010-10-26T00:00:00Z		GenBank		Seoul National University College of Medicine, Internal Medicine		Kim,K.H.,Choi,Y.J.,Song,K.H.,Park,W.B.,Jeon,J.H.,Park,S.W.,Kim,H.B.,Kim,N.J.,Oh,M.D.,Kim,K.-H.,Park,S.-W.,Oh,M.-D.,Choe,K.W.	2016-07-24T00:00:00Z								Human alphaherpesvirus 3		10335
FJ425253.1			PARTIAL	1	South Korea	Asia									Homo sapiens		9606	true				2007	Korean_SNU_25			363				1		2010-10-26T00:00:00Z		GenBank		Seoul National University College of Medicine, Internal Medicine		Kim,K.H.,Choi,Y.J.,Song,K.H.,Park,W.B.,Jeon,J.H.,Park,S.W.,Kim,H.B.,Kim,N.J.,Oh,M.D.,Kim,K.-H.,Park,S.-W.,Oh,M.-D.,Choe,K.W.	2016-07-24T00:00:00Z								Human alphaherpesvirus 3		10335
FJ425254.1			PARTIAL	1	South Korea	Asia									Homo sapiens		9606	true				2007	Korean_SNU_26			363				1		2010-10-26T00:00:00Z		GenBank		Seoul National University College of Medicine, Internal Medicine		Kim,K.H.,Choi,Y.J.,Song,K.H.,Park,W.B.,Jeon,J.H.,Park,S.W.,Kim,H.B.,Kim,N.J.,Oh,M.D.,Kim,K.-H.,Park,S.-W.,Oh,M.-D.,Choe,K.W.	2016-07-24T00:00:00Z								Human alphaherpesvirus 3		10335
FJ425255.1			PARTIAL	1	South Korea	Asia									Homo sapiens		9606	true				2007	Korean_SNU_27			363				1		2010-10-26T00:00:00Z		GenBank		Seoul National University College of Medicine, Internal Medicine		Kim,K.H.,Choi,Y.J.,Song,K.H.,Park,W.B.,Jeon,J.H.,Park,S.W.,Kim,H.B.,Kim,N.J.,Oh,M.D.,Kim,K.-H.,Park,S.-W.,Oh,M.-D.,Choe,K.W.	2016-07-24T00:00:00Z								Human alphaherpesvirus 3		10335
FJ425256.1			PARTIAL	1	South Korea	Asia									Homo sapiens		9606	true				2007	Korean_SNU_28			363				1		2010-10-26T00:00:00Z		GenBank		Seoul National University College of Medicine, Internal Medicine		Kim,K.H.,Choi,Y.J.,Song,K.H.,Park,W.B.,Jeon,J.H.,Park,S.W.,Kim,H.B.,Kim,N.J.,Oh,M.D.,Kim,K.-H.,Park,S.-W.,Oh,M.-D.,Choe,K.W.	2016-07-24T00:00:00Z								Human alphaherpesvirus 3		10335
FJ425257.1			PARTIAL	1	South Korea	Asia									Homo sapiens		9606	true				2007	Korean_SNU_29			363				1		2010-10-26T00:00:00Z		GenBank		Seoul National University College of Medicine, Internal Medicine		Kim,K.H.,Choi,Y.J.,Song,K.H.,Park,W.B.,Jeon,J.H.,Park,S.W.,Kim,H.B.,Kim,N.J.,Oh,M.D.,Kim,K.-H.,Park,S.-W.,Oh,M.-D.,Choe,K.W.	2016-07-24T00:00:00Z								Human alphaherpesvirus 3		10335
FJ425258.1			PARTIAL	1	South Korea	Asia									Homo sapiens		9606	true				2007	Korean_SNU_30			363				1		2010-10-26T00:00:00Z		GenBank		Seoul National University College of Medicine, Internal Medicine		Kim,K.H.,Choi,Y.J.,Song,K.H.,Park,W.B.,Jeon,J.H.,Park,S.W.,Kim,H.B.,Kim,N.J.,Oh,M.D.,Kim,K.-H.,Park,S.-W.,Oh,M.-D.,Choe,K.W.	2016-07-24T00:00:00Z								Human alphaherpesvirus 3		10335
FJ425259.1			PARTIAL	1	South Korea	Asia									Homo sapiens		9606	true				2007	Korean_SNU_31			363				1		2010-10-26T00:00:00Z		GenBank		Seoul National University College of Medicine, Internal Medicine		Kim,K.H.,Choi,Y.J.,Song,K.H.,Park,W.B.,Jeon,J.H.,Park,S.W.,Kim,H.B.,Kim,N.J.,Oh,M.D.,Kim,K.-H.,Park,S.-W.,Oh,M.-D.,Choe,K.W.	2016-07-24T00:00:00Z								Human alphaherpesvirus 3		10335
FJ425260.1			PARTIAL	1	South Korea	Asia									Homo sapiens		9606	true				2007	Korean_SNU_32			363				1		2010-10-26T00:00:00Z		GenBank		Seoul National University College of Medicine, Internal Medicine		Kim,K.H.,Choi,Y.J.,Song,K.H.,Park,W.B.,Jeon,J.H.,Park,S.W.,Kim,H.B.,Kim,N.J.,Oh,M.D.,Kim,K.-H.,Park,S.-W.,Oh,M.-D.,Choe,K.W.	2016-07-24T00:00:00Z								Human alphaherpesvirus 3		10335
FJ425261.1			PARTIAL	1	South Korea	Asia									Homo sapiens		9606	true				2007	Korean_SNU_33			363				1		2010-10-26T00:00:00Z		GenBank		Seoul National University College of Medicine, Internal Medicine		Kim,K.H.,Choi,Y.J.,Song,K.H.,Park,W.B.,Jeon,J.H.,Park,S.W.,Kim,H.B.,Kim,N.J.,Oh,M.D.,Kim,K.-H.,Park,S.-W.,Oh,M.-D.,Choe,K.W.	2016-07-24T00:00:00Z								Human alphaherpesvirus 3		10335
FJ425262.1			PARTIAL	1	South Korea	Asia									Homo sapiens		9606	true				2007	Korean_SNU_34			363				1		2010-10-26T00:00:00Z		GenBank		Seoul National University College of Medicine, Internal Medicine		Kim,K.H.,Choi,Y.J.,Song,K.H.,Park,W.B.,Jeon,J.H.,Park,S.W.,Kim,H.B.,Kim,N.J.,Oh,M.D.,Kim,K.-H.,Park,S.-W.,Oh,M.-D.,Choe,K.W.	2016-07-24T00:00:00Z								Human alphaherpesvirus 3		10335
FJ425263.1			PARTIAL	1	South Korea	Asia									Homo sapiens		9606	true				2007	Korean_SNU_35			363				1		2010-10-26T00:00:00Z		GenBank		Seoul National University College of Medicine, Internal Medicine		Kim,K.H.,Choi,Y.J.,Song,K.H.,Park,W.B.,Jeon,J.H.,Park,S.W.,Kim,H.B.,Kim,N.J.,Oh,M.D.,Kim,K.-H.,Park,S.-W.,Oh,M.-D.,Choe,K.W.	2016-07-24T00:00:00Z								Human alphaherpesvirus 3		10335
FJ425264.1			PARTIAL	1	South Korea	Asia									Homo sapiens		9606	true				2007	Korean_SNU_36			363				1		2010-10-26T00:00:00Z		GenBank		Seoul National University College of Medicine, Internal Medicine		Kim,K.H.,Choi,Y.J.,Song,K.H.,Park,W.B.,Jeon,J.H.,Park,S.W.,Kim,H.B.,Kim,N.J.,Oh,M.D.,Kim,K.-H.,Park,S.-W.,Oh,M.-D.,Choe,K.W.	2016-07-24T00:00:00Z								Human alphaherpesvirus 3		10335
FJ425265.1			PARTIAL	1	South Korea	Asia									Homo sapiens		9606	true				2007	Korean_SNU_37			363				1		2010-10-26T00:00:00Z		GenBank		Seoul National University College of Medicine, Internal Medicine		Kim,K.H.,Choi,Y.J.,Song,K.H.,Park,W.B.,Jeon,J.H.,Park,S.W.,Kim,H.B.,Kim,N.J.,Oh,M.D.,Kim,K.-H.,Park,S.-W.,Oh,M.-D.,Choe,K.W.	2016-07-24T00:00:00Z								Human alphaherpesvirus 3		10335
FJ425266.1			PARTIAL	1	South Korea	Asia									Homo sapiens		9606	true				2007	Korean_SNU_38			363				1		2010-10-26T00:00:00Z		GenBank		Seoul National University College of Medicine, Internal Medicine		Kim,K.H.,Choi,Y.J.,Song,K.H.,Park,W.B.,Jeon,J.H.,Park,S.W.,Kim,H.B.,Kim,N.J.,Oh,M.D.,Kim,K.-H.,Park,S.-W.,Oh,M.-D.,Choe,K.W.	2016-07-24T00:00:00Z								Human alphaherpesvirus 3		10335
FJ425267.1			PARTIAL	1	South Korea	Asia									Homo sapiens		9606	true				2007	Korean_SNU_39			363				1		2010-10-26T00:00:00Z		GenBank		Seoul National University College of Medicine, Internal Medicine		Kim,K.H.,Choi,Y.J.,Song,K.H.,Park,W.B.,Jeon,J.H.,Park,S.W.,Kim,H.B.,Kim,N.J.,Oh,M.D.,Kim,K.-H.,Park,S.-W.,Oh,M.-D.,Choe,K.W.	2016-07-24T00:00:00Z								Human alphaherpesvirus 3		10335
FJ425268.1			PARTIAL	1	South Korea	Asia									Homo sapiens		9606	true				2007	Korean_SNU_40			363				1		2010-10-26T00:00:00Z		GenBank		Seoul National University College of Medicine, Internal Medicine		Kim,K.H.,Choi,Y.J.,Song,K.H.,Park,W.B.,Jeon,J.H.,Park,S.W.,Kim,H.B.,Kim,N.J.,Oh,M.D.,Kim,K.-H.,Park,S.-W.,Oh,M.-D.,Choe,K.W.	2016-07-24T00:00:00Z								Human alphaherpesvirus 3		10335
FJ425269.1			PARTIAL	1	South Korea	Asia									Homo sapiens		9606	true				2007	Korean_SNU_41			363				1		2010-10-26T00:00:00Z		GenBank		Seoul National University College of Medicine, Internal Medicine		Kim,K.H.,Choi,Y.J.,Song,K.H.,Park,W.B.,Jeon,J.H.,Park,S.W.,Kim,H.B.,Kim,N.J.,Oh,M.D.,Kim,K.-H.,Park,S.-W.,Oh,M.-D.,Choe,K.W.	2016-07-24T00:00:00Z								Human alphaherpesvirus 3		10335
FJ425270.1			PARTIAL	1	South Korea	Asia									Homo sapiens		9606	true				2007	Korean_SNU_42			363				1		2010-10-26T00:00:00Z		GenBank		Seoul National University College of Medicine, Internal Medicine		Kim,K.H.,Choi,Y.J.,Song,K.H.,Park,W.B.,Jeon,J.H.,Park,S.W.,Kim,H.B.,Kim,N.J.,Oh,M.D.,Kim,K.-H.,Park,S.-W.,Oh,M.-D.,Choe,K.W.	2016-07-24T00:00:00Z								Human alphaherpesvirus 3		10335
FJ425271.1			PARTIAL	1	South Korea	Asia									Homo sapiens		9606	true				2007	Korean_SNU_43			363				1		2010-10-26T00:00:00Z		GenBank		Seoul National University College of Medicine, Internal Medicine		Kim,K.H.,Choi,Y.J.,Song,K.H.,Park,W.B.,Jeon,J.H.,Park,S.W.,Kim,H.B.,Kim,N.J.,Oh,M.D.,Kim,K.-H.,Park,S.-W.,Oh,M.-D.,Choe,K.W.	2016-07-24T00:00:00Z								Human alphaherpesvirus 3		10335
FJ425272.1			PARTIAL	1	South Korea	Asia									Homo sapiens		9606	true				2008	Korean_SNU_44			363				1		2010-10-26T00:00:00Z		GenBank		Seoul National University College of Medicine, Internal Medicine		Kim,K.H.,Choi,Y.J.,Song,K.H.,Park,W.B.,Jeon,J.H.,Park,S.W.,Kim,H.B.,Kim,N.J.,Oh,M.D.,Kim,K.-H.,Park,S.-W.,Oh,M.-D.,Choe,K.W.	2016-07-24T00:00:00Z								Human alphaherpesvirus 3		10335
FV537014.1			PARTIAL																							124884						2010-03-18T00:00:00Z		GenBank				Millar,D.S.,Meruki,J.R.	2010-03-18T00:00:00Z								Human alphaherpesvirus 3		10335
FV537015.1			PARTIAL																							124884						2010-03-18T00:00:00Z		GenBank				Millar,D.S.,Meruki,J.R.	2010-03-18T00:00:00Z								Human alphaherpesvirus 3		10335
FV537016.1			PARTIAL																							124884						2010-03-18T00:00:00Z		GenBank				Millar,D.S.,Meruki,J.R.	2010-03-18T00:00:00Z								Human alphaherpesvirus 3		10335
FV537017.1			PARTIAL																							124884						2010-03-18T00:00:00Z		GenBank				Millar,D.S.,Meruki,J.R.	2010-03-18T00:00:00Z								Human alphaherpesvirus 3		10335
FW584014.1			PARTIAL																							1872						2011-02-28T00:00:00Z		GenBank				Pushko,P.,Smith,G.	2011-04-01T00:00:00Z								Human alphaherpesvirus 3		10335
FW584015.1			PARTIAL																							1065						2011-02-28T00:00:00Z		GenBank				Pushko,P.,Smith,G.	2011-04-01T00:00:00Z								Human alphaherpesvirus 3		10335
FW584016.1			PARTIAL																							1608						2011-02-28T00:00:00Z		GenBank				Pushko,P.,Smith,G.	2011-04-01T00:00:00Z								Human alphaherpesvirus 3		10335
FW584017.1			PARTIAL																							816						2011-02-28T00:00:00Z		GenBank				Pushko,P.,Smith,G.	2011-04-01T00:00:00Z								Human alphaherpesvirus 3		10335
GM979803.1			PARTIAL																							23						2009-01-26T00:00:00Z		GenBank				Rao,C.M.,Rao,K.S.,Ramchander,P.V.,Madhavan,H.N.,Sharma,S.,Satpathy,G.,ravi Kumar,V.B.	2009-01-26T00:00:00Z								Human alphaherpesvirus 3		10335
GM979804.1			PARTIAL																							23						2009-01-26T00:00:00Z		GenBank				Rao,C.M.,Rao,K.S.,Ramchander,P.V.,Madhavan,H.N.,Sharma,S.,Satpathy,G.,ravi Kumar,V.B.	2009-01-26T00:00:00Z								Human alphaherpesvirus 3		10335
GM979805.1			PARTIAL																							26						2009-01-26T00:00:00Z		GenBank				Rao,C.M.,Rao,K.S.,Ramchander,P.V.,Madhavan,H.N.,Sharma,S.,Satpathy,G.,ravi Kumar,V.B.	2009-01-26T00:00:00Z								Human alphaherpesvirus 3		10335
GM979806.1			PARTIAL																							23						2009-01-26T00:00:00Z		GenBank				Rao,C.M.,Rao,K.S.,Ramchander,P.V.,Madhavan,H.N.,Sharma,S.,Satpathy,G.,ravi Kumar,V.B.	2009-01-26T00:00:00Z								Human alphaherpesvirus 3		10335
GM979841.1			PARTIAL																							79						2009-01-26T00:00:00Z		GenBank				Rao,C.M.,Rao,K.S.,Ramchander,P.V.,Madhavan,H.N.,Sharma,S.,Satpathy,G.,ravi Kumar,V.B.	2009-01-26T00:00:00Z								Human alphaherpesvirus 3		10335
GM979842.1			PARTIAL																							85						2009-01-26T00:00:00Z		GenBank				Rao,C.M.,Rao,K.S.,Ramchander,P.V.,Madhavan,H.N.,Sharma,S.,Satpathy,G.,ravi Kumar,V.B.	2009-01-26T00:00:00Z								Human alphaherpesvirus 3		10335
GM979863.1			PARTIAL																							33						2009-01-26T00:00:00Z		GenBank				Rao,C.M.,Rao,K.S.,Ramchander,P.V.,Madhavan,H.N.,Sharma,S.,Satpathy,G.,ravi Kumar,V.B.	2009-01-26T00:00:00Z								Human alphaherpesvirus 3		10335
GM979864.1			PARTIAL																							36						2009-01-26T00:00:00Z		GenBank				Rao,C.M.,Rao,K.S.,Ramchander,P.V.,Madhavan,H.N.,Sharma,S.,Satpathy,G.,ravi Kumar,V.B.	2009-01-26T00:00:00Z								Human alphaherpesvirus 3		10335
GN352300.1			PARTIAL																							60						2009-05-12T00:00:00Z		GenBank				Baptista,C.S.,Wu,X.,Munroe,D.J.	2009-05-12T00:00:00Z								Human alphaherpesvirus 3		10335
GN352301.1			PARTIAL																							60						2009-05-12T00:00:00Z		GenBank				Baptista,C.S.,Wu,X.,Munroe,D.J.	2009-05-12T00:00:00Z								Human alphaherpesvirus 3		10335
GN352302.1			PARTIAL																							60						2009-05-12T00:00:00Z		GenBank				Baptista,C.S.,Wu,X.,Munroe,D.J.	2009-05-12T00:00:00Z								Human alphaherpesvirus 3		10335
GN352303.1			PARTIAL																							60						2009-05-12T00:00:00Z		GenBank				Baptista,C.S.,Wu,X.,Munroe,D.J.	2009-05-12T00:00:00Z								Human alphaherpesvirus 3		10335
GN352304.1			PARTIAL																							60						2009-05-12T00:00:00Z		GenBank				Baptista,C.S.,Wu,X.,Munroe,D.J.	2009-05-12T00:00:00Z								Human alphaherpesvirus 3		10335
GN352305.1			PARTIAL																							60						2009-05-12T00:00:00Z		GenBank				Baptista,C.S.,Wu,X.,Munroe,D.J.	2009-05-12T00:00:00Z								Human alphaherpesvirus 3		10335
GN352306.1			PARTIAL																							60						2009-05-12T00:00:00Z		GenBank				Baptista,C.S.,Wu,X.,Munroe,D.J.	2009-05-12T00:00:00Z								Human alphaherpesvirus 3		10335
GN352307.1			PARTIAL																							60						2009-05-12T00:00:00Z		GenBank				Baptista,C.S.,Wu,X.,Munroe,D.J.	2009-05-12T00:00:00Z								Human alphaherpesvirus 3		10335
GN352308.1			PARTIAL																							60						2009-05-12T00:00:00Z		GenBank				Baptista,C.S.,Wu,X.,Munroe,D.J.	2009-05-12T00:00:00Z								Human alphaherpesvirus 3		10335
GN352309.1			PARTIAL																							60						2009-05-12T00:00:00Z		GenBank				Baptista,C.S.,Wu,X.,Munroe,D.J.	2009-05-12T00:00:00Z								Human alphaherpesvirus 3		10335
GN352310.1			PARTIAL																							60						2009-05-12T00:00:00Z		GenBank				Baptista,C.S.,Wu,X.,Munroe,D.J.	2009-05-12T00:00:00Z								Human alphaherpesvirus 3		10335
GN352311.1			PARTIAL																							60						2009-05-12T00:00:00Z		GenBank				Baptista,C.S.,Wu,X.,Munroe,D.J.	2009-05-12T00:00:00Z								Human alphaherpesvirus 3		10335
GN352312.1			PARTIAL																							60						2009-05-12T00:00:00Z		GenBank				Baptista,C.S.,Wu,X.,Munroe,D.J.	2009-05-12T00:00:00Z								Human alphaherpesvirus 3		10335
GN352313.1			PARTIAL																							60						2009-05-12T00:00:00Z		GenBank				Baptista,C.S.,Wu,X.,Munroe,D.J.	2009-05-12T00:00:00Z								Human alphaherpesvirus 3		10335
GN352314.1			PARTIAL																							60						2009-05-12T00:00:00Z		GenBank				Baptista,C.S.,Wu,X.,Munroe,D.J.	2009-05-12T00:00:00Z								Human alphaherpesvirus 3		10335
GN352315.1			PARTIAL																							60						2009-05-12T00:00:00Z		GenBank				Baptista,C.S.,Wu,X.,Munroe,D.J.	2009-05-12T00:00:00Z								Human alphaherpesvirus 3		10335
GN352316.1			PARTIAL																							60						2009-05-12T00:00:00Z		GenBank				Baptista,C.S.,Wu,X.,Munroe,D.J.	2009-05-12T00:00:00Z								Human alphaherpesvirus 3		10335
GN352317.1			PARTIAL																							60						2009-05-12T00:00:00Z		GenBank				Baptista,C.S.,Wu,X.,Munroe,D.J.	2009-05-12T00:00:00Z								Human alphaherpesvirus 3		10335
GN352318.1			PARTIAL																							60						2009-05-12T00:00:00Z		GenBank				Baptista,C.S.,Wu,X.,Munroe,D.J.	2009-05-12T00:00:00Z								Human alphaherpesvirus 3		10335
GN352319.1			PARTIAL																							60						2009-05-12T00:00:00Z		GenBank				Baptista,C.S.,Wu,X.,Munroe,D.J.	2009-05-12T00:00:00Z								Human alphaherpesvirus 3		10335
GN352320.1			PARTIAL																							60						2009-05-12T00:00:00Z		GenBank				Baptista,C.S.,Wu,X.,Munroe,D.J.	2009-05-12T00:00:00Z								Human alphaherpesvirus 3		10335
GN352321.1			PARTIAL																							60						2009-05-12T00:00:00Z		GenBank				Baptista,C.S.,Wu,X.,Munroe,D.J.	2009-05-12T00:00:00Z								Human alphaherpesvirus 3		10335
GN352322.1			PARTIAL																							60						2009-05-12T00:00:00Z		GenBank				Baptista,C.S.,Wu,X.,Munroe,D.J.	2009-05-12T00:00:00Z								Human alphaherpesvirus 3		10335
GN352323.1			PARTIAL																							60						2009-05-12T00:00:00Z		GenBank				Baptista,C.S.,Wu,X.,Munroe,D.J.	2009-05-12T00:00:00Z								Human alphaherpesvirus 3		10335
GN352324.1			PARTIAL																							60						2009-05-12T00:00:00Z		GenBank				Baptista,C.S.,Wu,X.,Munroe,D.J.	2009-05-12T00:00:00Z								Human alphaherpesvirus 3		10335
GN352325.1			PARTIAL																							60						2009-05-12T00:00:00Z		GenBank				Baptista,C.S.,Wu,X.,Munroe,D.J.	2009-05-12T00:00:00Z								Human alphaherpesvirus 3		10335
GN352326.1			PARTIAL																							60						2009-05-12T00:00:00Z		GenBank				Baptista,C.S.,Wu,X.,Munroe,D.J.	2009-05-12T00:00:00Z								Human alphaherpesvirus 3		10335
GN352327.1			PARTIAL																							60						2009-05-12T00:00:00Z		GenBank				Baptista,C.S.,Wu,X.,Munroe,D.J.	2009-05-12T00:00:00Z								Human alphaherpesvirus 3		10335
GN352328.1			PARTIAL																							60						2009-05-12T00:00:00Z		GenBank				Baptista,C.S.,Wu,X.,Munroe,D.J.	2009-05-12T00:00:00Z								Human alphaherpesvirus 3		10335
GN352329.1			PARTIAL																							60						2009-05-12T00:00:00Z		GenBank				Baptista,C.S.,Wu,X.,Munroe,D.J.	2009-05-12T00:00:00Z								Human alphaherpesvirus 3		10335
GN352330.1			PARTIAL																							60						2009-05-12T00:00:00Z		GenBank				Baptista,C.S.,Wu,X.,Munroe,D.J.	2009-05-12T00:00:00Z								Human alphaherpesvirus 3		10335
GN352331.1			PARTIAL																							60						2009-05-12T00:00:00Z		GenBank				Baptista,C.S.,Wu,X.,Munroe,D.J.	2009-05-12T00:00:00Z								Human alphaherpesvirus 3		10335
HI550339.1			PARTIAL																							1872						2010-11-02T00:00:00Z		GenBank				Smith,G.,Pushko,P.	2010-11-02T00:00:00Z								Human alphaherpesvirus 3		10335
HI550341.1			PARTIAL																							1065						2010-11-02T00:00:00Z		GenBank				Smith,G.,Pushko,P.	2010-11-02T00:00:00Z								Human alphaherpesvirus 3		10335
HI550344.1			PARTIAL																							1608						2010-11-02T00:00:00Z		GenBank				Smith,G.,Pushko,P.	2010-11-02T00:00:00Z								Human alphaherpesvirus 3		10335
HI550346.1			PARTIAL																							816						2010-11-02T00:00:00Z		GenBank				Smith,G.,Pushko,P.	2010-11-02T00:00:00Z								Human alphaherpesvirus 3		10335
HM641899.1			PARTIAL		India	Asia									Homo sapiens		9606					2009-05-14	VZVs/Dibrugarh.IND/20.09	oronasopharynx		246						2010-08-03T00:00:00Z		GenBank		RMRC, NE Region (ICMR), Virology	India	Biswas,D.,Yadav,K.,Borkakoty,B.,Mahanta,J.	2011-10-04T00:00:00Z								Human alphaherpesvirus 3		10335
HM754613.1			PARTIAL		India	Asia									Homo sapiens		9606					2009-05-14	VZVs/Dibrugarh.IND/20.09	oronasopharynx		177						2010-08-03T00:00:00Z		GenBank		RMRC, NE Region (ICMR), Virology	India	Biswas,D.,Yadav,K.,Borkakoty,B.,Mahanta,J.	2011-10-04T00:00:00Z								Human alphaherpesvirus 3		10335
HQ630845.1			PARTIAL	1	Mongolia	Asia									Homo sapiens		9606	true				2008	901007			438				1		2010-12-08T00:00:00Z		GenBank		National Center of Communicable Diseases, Herpesvirus Laboratory	Mongolia	Enkhsaikhan,D.,Nymadawa,P.,Maitsetseg,C.,Demkin,V.,Loparev,V.	2016-07-25T00:00:00Z								Human alphaherpesvirus 3		10335
HQ630846.1			PARTIAL	1	Mongolia	Asia									Homo sapiens		9606	true				2008	901009			439				1		2010-12-08T00:00:00Z		GenBank		National Center of Communicable Diseases, Herpesvirus Laboratory	Mongolia	Enkhsaikhan,D.,Nymadawa,P.,Maitsetseg,C.,Demkin,V.,Loparev,V.	2016-07-25T00:00:00Z								Human alphaherpesvirus 3		10335
HQ630847.1			PARTIAL	1	Mongolia	Asia									Homo sapiens		9606	true				2008	904017			331				1		2010-12-08T00:00:00Z		GenBank		National Center of Communicable Diseases, Herpesvirus Laboratory	Mongolia	Enkhsaikhan,D.,Nymadawa,P.,Maitsetseg,C.,Demkin,V.,Loparev,V.	2016-07-25T00:00:00Z								Human alphaherpesvirus 3		10335
HQ630848.1			PARTIAL	1	Mongolia	Asia									Homo sapiens		9606	true				2008	904018			435				1		2010-12-08T00:00:00Z		GenBank		National Center of Communicable Diseases, Herpesvirus Laboratory	Mongolia	Enkhsaikhan,D.,Nymadawa,P.,Maitsetseg,C.,Demkin,V.,Loparev,V.	2016-07-25T00:00:00Z								Human alphaherpesvirus 3		10335
HQ630849.1			PARTIAL	1	Mongolia	Asia									Homo sapiens		9606	true				2008	904019			439				1		2010-12-08T00:00:00Z		GenBank		National Center of Communicable Diseases, Herpesvirus Laboratory	Mongolia	Enkhsaikhan,D.,Nymadawa,P.,Maitsetseg,C.,Demkin,V.,Loparev,V.	2016-07-25T00:00:00Z								Human alphaherpesvirus 3		10335
HQ630850.1			PARTIAL	1	Mongolia	Asia									Homo sapiens		9606	true				2008	904020			440				1		2010-12-08T00:00:00Z		GenBank		National Center of Communicable Diseases, Herpesvirus Laboratory	Mongolia	Enkhsaikhan,D.,Nymadawa,P.,Maitsetseg,C.,Demkin,V.,Loparev,V.	2016-07-25T00:00:00Z								Human alphaherpesvirus 3		10335
HQ630851.1			PARTIAL	1	Mongolia	Asia									Homo sapiens		9606	true				2008	904021			440				1		2010-12-08T00:00:00Z		GenBank		National Center of Communicable Diseases, Herpesvirus Laboratory	Mongolia	Enkhsaikhan,D.,Nymadawa,P.,Maitsetseg,C.,Demkin,V.,Loparev,V.	2016-07-25T00:00:00Z								Human alphaherpesvirus 3		10335
HQ630852.1			PARTIAL	1	Mongolia	Asia									Homo sapiens		9606	true				2008	904022			440				1		2010-12-08T00:00:00Z		GenBank		National Center of Communicable Diseases, Herpesvirus Laboratory	Mongolia	Enkhsaikhan,D.,Nymadawa,P.,Maitsetseg,C.,Demkin,V.,Loparev,V.	2016-07-25T00:00:00Z								Human alphaherpesvirus 3		10335
HQ630853.1			PARTIAL	1	Mongolia	Asia									Homo sapiens		9606	true				2008	905024			440				1		2010-12-08T00:00:00Z		GenBank		National Center of Communicable Diseases, Herpesvirus Laboratory	Mongolia	Enkhsaikhan,D.,Nymadawa,P.,Maitsetseg,C.,Demkin,V.,Loparev,V.	2016-07-25T00:00:00Z								Human alphaherpesvirus 3		10335
HQ630854.1			PARTIAL	1	Mongolia	Asia									Homo sapiens		9606	true				2008	905025			440				1		2010-12-08T00:00:00Z		GenBank		National Center of Communicable Diseases, Herpesvirus Laboratory	Mongolia	Enkhsaikhan,D.,Nymadawa,P.,Maitsetseg,C.,Demkin,V.,Loparev,V.	2016-07-25T00:00:00Z								Human alphaherpesvirus 3		10335
HQ630855.1			PARTIAL	1	Mongolia	Asia									Homo sapiens		9606	true				2009-01	901006			404				1		2010-12-08T00:00:00Z		GenBank		National Center of Communicable Diseases, Herpesvirus Laboratory	Mongolia	Enkhsaikhan,D.,Nymadawa,P.,Maitsetseg,C.,Demkin,V.	2016-07-25T00:00:00Z								Human alphaherpesvirus 3		10335
HV540316.1			PARTIAL																							1061						2012-01-30T00:00:00Z		GenBank				Tibbetts,C.,Vora,G.,Thach,D.,Wang,Z.,Thornton,J.,Stenger,D.,Seto,D.,Rowley,R.,Lin,B.,Kruzelock,R.P.,Hanson,E.H.,Agan,B.,Walter,E.	2012-01-30T00:00:00Z								Human alphaherpesvirus 3		10335
HV540317.1			PARTIAL																							993						2012-01-30T00:00:00Z		GenBank				Tibbetts,C.,Vora,G.,Thach,D.,Wang,Z.,Thornton,J.,Stenger,D.,Seto,D.,Rowley,R.,Lin,B.,Kruzelock,R.P.,Hanson,E.H.,Agan,B.,Walter,E.	2012-01-30T00:00:00Z								Human alphaherpesvirus 3		10335
HW534067.1			PARTIAL																							124758						2014-08-26T00:00:00Z		GenBank				Nae,K.S.,Hee,K.G.,Hee,L.C.,Yoon,Y.	2014-08-26T00:00:00Z								Human alphaherpesvirus 3		10335
HW534068.1			PARTIAL																							666						2014-08-26T00:00:00Z		GenBank				Nae,K.S.,Hee,K.G.,Hee,L.C.,Yoon,Y.	2014-08-26T00:00:00Z								Human alphaherpesvirus 3		10335
HW534069.1			PARTIAL																							1365						2014-08-26T00:00:00Z		GenBank				Nae,K.S.,Hee,K.G.,Hee,L.C.,Yoon,Y.	2014-08-26T00:00:00Z								Human alphaherpesvirus 3		10335
HW534070.1			PARTIAL																							3600						2014-08-26T00:00:00Z		GenBank				Nae,K.S.,Hee,K.G.,Hee,L.C.,Yoon,Y.	2014-08-26T00:00:00Z								Human alphaherpesvirus 3		10335
HW534071.1			PARTIAL																							732						2014-08-26T00:00:00Z		GenBank				Nae,K.S.,Hee,K.G.,Hee,L.C.,Yoon,Y.	2014-08-26T00:00:00Z								Human alphaherpesvirus 3		10335
HW534072.1			PARTIAL																							483						2014-08-26T00:00:00Z		GenBank				Nae,K.S.,Hee,K.G.,Hee,L.C.,Yoon,Y.	2014-08-26T00:00:00Z								Human alphaherpesvirus 3		10335
JA897927.1			PARTIAL																							780						2013-03-14T00:00:00Z		GenBank				ZHU,H.,LI,Y.,XIA,N.,CHENG,T.,YE,X.	2013-03-14T00:00:00Z								Human alphaherpesvirus 3		10335
JF306641.2			COMPLETE	74	South Korea	Asia									Homo sapiens		9606	true				1989	MAV06			124758				74		2011-08-09T00:00:00Z		GenBank		Chungbuk National University, Microbiology	Korea	Kim,J.I.,Jung,G.S.,Kim,Y.Y.,Ji,G.Y.,Kim,H.S.,Wang,W.D.,Park,H.S.,Park,S.Y.,Kim,G.H.,Kwon,S.N.,Lee,K.M.,Ahn,J.H.,Yoon,Y.,Lee,C.H.	2012-11-05T00:00:00Z								Human alphaherpesvirus 3		10335
JN315707.3			PARTIAL	1	India	Asia									Homo sapiens		9606	true								756				1		2011-09-13T00:00:00Z		GenBank		Presidency College (Aut), P.G. & Research Department of Microbiology & Biotechnology	India	Priya,R.,Rajarajan,S.,Savithiri,S.	2012-01-05T00:00:00Z								Human alphaherpesvirus 3		10335
JN704690.1			COMPLETE	72	Germany	Europe									Homo sapiens		9606	true				2000-03-23	VZVi/Erfurt.GER/12.00/Z[1]			124845				72		2011-12-28T00:00:00Z		GenBank		Jena University Hospital, Dept. of Virology and Antiviral Therapy	Germany	Zell,R.,Taudien,S.,Pfaff,F.,Wutzler,P.,Platzer,M.,Sauerbrei,A.	2012-02-03T00:00:00Z								Human alphaherpesvirus 3		10335
JN704691.1			COMPLETE	72	Germany	Europe									Homo sapiens		9606	true				2004-07-08	VZVi/Jena.GER/28.04/Z[1]			124757				72		2011-12-28T00:00:00Z		GenBank		Jena University Hospital, Dept. of Virology and Antiviral Therapy	Germany	Zell,R.,Taudien,S.,Pfaff,F.,Wutzler,P.,Platzer,M.,Sauerbrei,A.	2012-02-03T00:00:00Z								Human alphaherpesvirus 3		10335
JN704692.1			COMPLETE	72	Germany	Europe									Homo sapiens		9606	true				2005-04-05	VZVi/Jena.GER/14.05/V[1]			124688				72		2011-12-28T00:00:00Z		GenBank		Jena University Hospital, Dept. of Virology and Antiviral Therapy	Germany	Zell,R.,Taudien,S.,Pfaff,F.,Wutzler,P.,Platzer,M.,Sauerbrei,A.	2012-02-03T00:00:00Z								Human alphaherpesvirus 3		10335
JN704693.1			COMPLETE	72	Germany	Europe									Homo sapiens		9606	true				2005-04-22	VZVi/Weimar.GER/16.05/V[1]			124884				72		2011-12-28T00:00:00Z		GenBank		Jena University Hospital, Dept. of Virology and Antiviral Therapy	Germany	Zell,R.,Taudien,S.,Pfaff,F.,Wutzler,P.,Platzer,M.,Sauerbrei,A.	2012-02-03T00:00:00Z								Human alphaherpesvirus 3		10335
JN704694.1			COMPLETE	72	Germany	Europe									Homo sapiens		9606	true				2007-11-07	VZVi/Weimar.GER/45.07/V[1]			124851				72		2011-12-28T00:00:00Z		GenBank		Jena University Hospital, Dept. of Virology and Antiviral Therapy	Germany	Zell,R.,Taudien,S.,Pfaff,F.,Wutzler,P.,Platzer,M.,Sauerbrei,A.	2012-02-03T00:00:00Z								Human alphaherpesvirus 3		10335
JN704695.1			COMPLETE	72	Germany	Europe									Homo sapiens		9606	true				2008-02-07	VZVi/Jena.GER/06.08/Z[1]			124867				72		2011-12-28T00:00:00Z		GenBank		Jena University Hospital, Dept. of Virology and Antiviral Therapy	Germany	Zell,R.,Taudien,S.,Pfaff,F.,Wutzler,P.,Platzer,M.,Sauerbrei,A.	2012-02-03T00:00:00Z								Human alphaherpesvirus 3		10335
JN704696.1			COMPLETE	72	Germany	Europe									Homo sapiens		9606	true				2008-04-01	VZVi/Berlin.GER/14.08/V[1]			124848				72		2011-12-28T00:00:00Z		GenBank		Jena University Hospital, Dept. of Virology and Antiviral Therapy	Germany	Zell,R.,Taudien,S.,Pfaff,F.,Wutzler,P.,Platzer,M.,Sauerbrei,A.	2012-02-03T00:00:00Z								Human alphaherpesvirus 3		10335
JN704697.1			COMPLETE	72	Germany	Europe									Homo sapiens		9606	true				2008-04-09	1002/2008			124814				72		2011-12-28T00:00:00Z		GenBank		Jena University Hospital, Dept. of Virology and Antiviral Therapy	Germany	Zell,R.,Taudien,S.,Pfaff,F.,Wutzler,P.,Platzer,M.,Sauerbrei,A.	2012-02-03T00:00:00Z								Human alphaherpesvirus 3		10335
JN704698.1			COMPLETE	72	Germany	Europe									Homo sapiens		9606	true				2008-04-09	1003/2008			124772				72		2011-12-28T00:00:00Z		GenBank		Jena University Hospital, Dept. of Virology and Antiviral Therapy	Germany	Zell,R.,Taudien,S.,Pfaff,F.,Wutzler,P.,Platzer,M.,Sauerbrei,A.	2012-02-03T00:00:00Z								Human alphaherpesvirus 3		10335
JN704699.1			COMPLETE	72	Germany	Europe									Homo sapiens		9606	true				2003-11-22	VZVi/Jena.GER/47.03/V[3]			124847				72		2011-12-28T00:00:00Z		GenBank		Jena University Hospital, Dept. of Virology and Antiviral Therapy	Germany	Zell,R.,Taudien,S.,Pfaff,F.,Wutzler,P.,Platzer,M.,Sauerbrei,A.	2012-02-03T00:00:00Z								Human alphaherpesvirus 3		10335
JN704700.1			COMPLETE	72	Germany	Europe									Homo sapiens		9606	true				2005-01-03	VZVi/Erfurt.GER/01.05/V[3]			124756				72		2011-12-28T00:00:00Z		GenBank		Jena University Hospital, Dept. of Virology and Antiviral Therapy	Germany	Zell,R.,Taudien,S.,Pfaff,F.,Wutzler,P.,Platzer,M.,Sauerbrei,A.	2012-02-03T00:00:00Z								Human alphaherpesvirus 3		10335
JN704701.1			COMPLETE	72	Germany	Europe									Homo sapiens		9606	true				2007-01-08	VZVi/Jena.GER/02.07/Z[3]			124816				72		2011-12-28T00:00:00Z		GenBank		Jena University Hospital, Dept. of Virology and Antiviral Therapy	Germany	Zell,R.,Taudien,S.,Pfaff,F.,Wutzler,P.,Platzer,M.,Sauerbrei,A.	2012-02-03T00:00:00Z								Human alphaherpesvirus 3		10335
JN704702.1			COMPLETE	72	Germany	Europe									Homo sapiens		9606	true				2007-03-08	VZVi/Heidelberg.GER/10.07/V[3]			124697				72		2011-12-28T00:00:00Z		GenBank		Jena University Hospital, Dept. of Virology and Antiviral Therapy	Germany	Zell,R.,Taudien,S.,Pfaff,F.,Wutzler,P.,Platzer,M.,Sauerbrei,A.	2012-02-03T00:00:00Z								Human alphaherpesvirus 3		10335
JN704703.1			COMPLETE	72	Germany	Europe									Homo sapiens		9606	true				2007-07-26	VZVi/Munich.GER/30.07/Z[3]			124617				72		2011-12-28T00:00:00Z		GenBank		Jena University Hospital, Dept. of Virology and Antiviral Therapy	Germany	Zell,R.,Taudien,S.,Pfaff,F.,Wutzler,P.,Platzer,M.,Sauerbrei,A.	2012-02-03T00:00:00Z								Human alphaherpesvirus 3		10335
JN704704.1			COMPLETE	72	Germany	Europe									Homo sapiens		9606	true				2000-05-18	VZVi/Erfurt.GER/20.00/V[5]			124838				72		2011-12-28T00:00:00Z		GenBank		Jena University Hospital, Dept. of Virology and Antiviral Therapy	Germany	Zell,R.,Taudien,S.,Pfaff,F.,Wutzler,P.,Platzer,M.,Sauerbrei,A.	2012-02-03T00:00:00Z								Human alphaherpesvirus 3		10335
JN704705.1			COMPLETE	72	Germany	Europe									Homo sapiens		9606	true				2004-05-07	VZVi/Erfurt.GER/19.04/V[5]			124844				72		2011-12-28T00:00:00Z		GenBank		Jena University Hospital, Dept. of Virology and Antiviral Therapy	Germany	Zell,R.,Taudien,S.,Pfaff,F.,Wutzler,P.,Platzer,M.,Sauerbrei,A.	2012-02-03T00:00:00Z								Human alphaherpesvirus 3		10335
JN704706.1			COMPLETE	72	Germany	Europe									Homo sapiens		9606	true				2005-01-24	VZVi/Weimar.GER/04.05/V[5]			124846				72		2011-12-28T00:00:00Z		GenBank		Jena University Hospital, Dept. of Virology and Antiviral Therapy	Germany	Zell,R.,Taudien,S.,Pfaff,F.,Wutzler,P.,Platzer,M.,Sauerbrei,A.	2012-02-03T00:00:00Z								Human alphaherpesvirus 3		10335
JN704707.1			COMPLETE	72	Germany	Europe									Homo sapiens		9606	true				2007-03-15	VZVi/Erfurt.GER/11.07/V[5]			124861				72		2011-12-28T00:00:00Z		GenBank		Jena University Hospital, Dept. of Virology and Antiviral Therapy	Germany	Zell,R.,Taudien,S.,Pfaff,F.,Wutzler,P.,Platzer,M.,Sauerbrei,A.	2012-02-03T00:00:00Z								Human alphaherpesvirus 3		10335
JN704708.1			COMPLETE	72	Germany	Europe									Homo sapiens		9606	true				2007-10-30	VZVi/Erfurt.GER/44.07/V[5]			124848				72		2011-12-28T00:00:00Z		GenBank		Jena University Hospital, Dept. of Virology and Antiviral Therapy	Germany	Zell,R.,Taudien,S.,Pfaff,F.,Wutzler,P.,Platzer,M.,Sauerbrei,A.	2012-02-03T00:00:00Z								Human alphaherpesvirus 3		10335
JN704709.1			COMPLETE	72	Germany	Europe									Homo sapiens		9606	true				2005-09-17	VZVi/Jena.GER/37.05/V[VIII]			124718				72		2011-12-28T00:00:00Z		GenBank		Jena University Hospital, Dept. of Virology and Antiviral Therapy	Germany	Zell,R.,Taudien,S.,Pfaff,F.,Wutzler,P.,Platzer,M.,Sauerbrei,A.	2012-02-03T00:00:00Z								Human alphaherpesvirus 3		10335
JN704710.1			COMPLETE	72	Germany	Europe									Homo sapiens		9606	true				2008-02-08	VZVi/Jena.GER/06.08(2)/V[IX]			124472				72		2011-12-28T00:00:00Z		GenBank		Jena University Hospital, Dept. of Virology and Antiviral Therapy	Germany	Zell,R.,Taudien,S.,Pfaff,F.,Wutzler,P.,Platzer,M.,Sauerbrei,A.	2012-02-03T00:00:00Z								Human alphaherpesvirus 3		10335
JQ287497.1			PARTIAL	1	India	Asia									Homo sapiens		9606	true				2010-07-17	Indian			494				1		2012-03-14T00:00:00Z		GenBank		Presidency College (Aut), P.G & Research Department of Microbiology & Biotechnology	India	Priya,R.,Rajarajan,S.,Indu,P.	2012-03-14T00:00:00Z								Human alphaherpesvirus 3		10335
JQ745669.1			PARTIAL	1	Netherlands	Europe									Homo sapiens		9606	true				2009-03-06	patient94mutT70IT	blood		1026				1		2012-05-30T00:00:00Z		GenBank		Leiden University Medical Center, Medical Microbiology	Netherlands	van der Beek,M.T.,Vermont,C.L.,Bredius,R.G.,Marijt,E.W.,van der Blij-de Brouwer,C.S.,Kroes,A.C.,Claas,E.C.,Vossen,A.C.,Claas,E.C.J.,Vossen,A.C.T.M.,Kroes,A.C.M.,van der Blij- de Brouwer,C.S.	2013-01-22T00:00:00Z								Human alphaherpesvirus 3		10335
JQ745670.1			PARTIAL	1	Netherlands	Europe									Homo sapiens		9606	true				2009-03-09	patient94mutP40S	blood		1026				1		2012-05-30T00:00:00Z		GenBank		Leiden University Medical Center, Medical Microbiology	Netherlands	van der Beek,M.T.,Vermont,C.L.,Bredius,R.G.,Marijt,E.W.,van der Blij-de Brouwer,C.S.,Kroes,A.C.,Claas,E.C.,Vossen,A.C.,Claas,E.C.J.,Vossen,A.C.T.M.,Kroes,A.C.M.,van der Blij- de Brouwer,C.S.	2013-01-22T00:00:00Z								Human alphaherpesvirus 3		10335
JQ745671.1			PARTIAL	1	Netherlands	Europe									Homo sapiens		9606	true				2008-02-11	patient99stop69	blood		1026				1		2012-05-30T00:00:00Z		GenBank		Leiden University Medical Center, Medical Microbiology	Netherlands	van der Beek,M.T.,Vermont,C.L.,Bredius,R.G.,Marijt,E.W.,van der Blij-de Brouwer,C.S.,Kroes,A.C.,Claas,E.C.,Vossen,A.C.,Claas,E.C.J.,Vossen,A.C.T.M.,Kroes,A.C.M.,van der Blij- de Brouwer,C.S.	2013-01-22T00:00:00Z								Human alphaherpesvirus 3		10335
JQ745672.1			PARTIAL	1	Netherlands	Europe									Homo sapiens		9606	true				2008-02-04	patient99stop307	blood		1026				1		2012-05-30T00:00:00Z		GenBank		Leiden University Medical Center, Medical Microbiology	Netherlands	van der Beek,M.T.,Vermont,C.L.,Bredius,R.G.,Marijt,E.W.,van der Blij-de Brouwer,C.S.,Kroes,A.C.,Claas,E.C.,Vossen,A.C.,Claas,E.C.J.,Vossen,A.C.T.M.,Kroes,A.C.M.,van der Blij- de Brouwer,C.S.	2013-01-22T00:00:00Z								Human alphaherpesvirus 3		10335
JQ745673.1			PARTIAL	1	Netherlands	Europe									Homo sapiens		9606	true				2009-01-22	patient30del220			1023				1		2012-05-30T00:00:00Z		GenBank		Leiden University Medical Center, Medical Microbiology	Netherlands	van der Beek,M.T.,Vermont,C.L.,Bredius,R.G.,Marijt,E.W.,van der Blij-de Brouwer,C.S.,Kroes,A.C.,Claas,E.C.,Vossen,A.C.,Claas,E.C.J.,Vossen,A.C.T.M.,Kroes,A.C.M.,van der Blij- de Brouwer,C.S.	2013-01-22T00:00:00Z								Human alphaherpesvirus 3		10335
JQ745674.1			PARTIAL	1	Netherlands	Europe									Homo sapiens		9606	true				2007-05-30	patient93mutS689N	skin		1077				1		2012-05-30T00:00:00Z		GenBank		Leiden University Medical Center, Medical Microbiology	Netherlands	van der Beek,M.T.,Vermont,C.L.,Bredius,R.G.,Marijt,E.W.,van der Blij-de Brouwer,C.S.,Kroes,A.C.,Claas,E.C.,Vossen,A.C.,Claas,E.C.J.,Vossen,A.C.T.M.,Kroes,A.C.M.,van der Blij- de Brouwer,C.S.	2013-01-22T00:00:00Z								Human alphaherpesvirus 3		10335
JQ911599.1			PARTIAL	73	USA: Philadelphia	North America	PA								Homo sapiens		9606	true				1973-01-01	VZVi/Philadelphia.USA/73/V[3]			124788				73		2012-05-16T00:00:00Z		GenBank		J. Craig Venter Institute	USA	Madupu,R.,Halpin,R.,Fedorova,N.,Stockwell,T.,Amedeo,P.,Bishop,B.,Edworthy,P.,Gupta,N.,Katzel,D.,Li,K.,Schobel,S.,Shrivastava,S.,Thovarai,V.,Wang,S.,Folster,J.,Radford,K.,Schmid,S.,Wentworth,D.E.,Bellini,W.	2012-05-16T00:00:00Z								Human alphaherpesvirus 3		10335
JQ972913.1			COMPLETE	72	USA: Georgia	North America	GA								Homo sapiens		9606	true				1964	Ellen			124783				73		2012-08-05T00:00:00Z		GenBank		National Microbiology Laboratory, Public Health Agency of Canada, Genomics Core Facility	Canada	Peters,G.A.,Tyler,S.D.,Carpenter,J.E.,Jackson,W.,Mori,Y.,Arvin,A.M.,Grose,C.	2013-02-15T00:00:00Z								Human alphaherpesvirus 3		10335
JQ972914.1			COMPLETE	72	USA	North America									Homo sapiens		9606	true					LAX1			124763				73		2012-08-05T00:00:00Z		GenBank		National Microbiology Laboratory, Public Health Agency of Canada, Genomics Core Facility	Canada	Peters,G.A.,Tyler,S.D.,Carpenter,J.E.,Jackson,W.,Mori,Y.,Arvin,A.M.,Grose,C.	2013-02-15T00:00:00Z								Human alphaherpesvirus 3		10335
JX065740.1			PARTIAL		Korea	Asia									Homo sapiens		9606					2006	vzv06-38			514						2012-07-14T00:00:00Z		GenBank		Korea Centers for Disease Control and Prevention, Centers for Infectious Diseases	South Korea	Kang,B.,Kim,H.,Hwang,S.,Cheon,D.,Kim,K.	2012-07-14T00:00:00Z								Human alphaherpesvirus 3		10335
JX065741.1			PARTIAL		Korea	Asia									Homo sapiens		9606					2006	vzv06-41			550						2012-07-14T00:00:00Z		GenBank		Korea Centers for Disease Control and Prevention, Centers for Infectious Diseases	South Korea	Kang,B.,Kim,H.,Hwang,S.,Cheon,D.,Kim,K.	2012-07-14T00:00:00Z								Human alphaherpesvirus 3		10335
JX065742.1			PARTIAL		Korea	Asia									Homo sapiens		9606					2006	vzv06-43			524						2012-07-14T00:00:00Z		GenBank		Korea Centers for Disease Control and Prevention, Centers for Infectious Diseases	South Korea	Kang,B.,Kim,H.,Hwang,S.,Cheon,D.,Kim,K.	2012-07-14T00:00:00Z								Human alphaherpesvirus 3		10335
JX065743.1			PARTIAL	1	Korea	Asia									Homo sapiens		9606	true				2006	vzv06-50			558				1		2012-07-14T00:00:00Z		GenBank		Korea Centers for Disease Control and Prevention, Centers for Infectious Diseases	South Korea	Kang,B.,Kim,H.,Hwang,S.,Cheon,D.,Kim,K.	2012-07-14T00:00:00Z								Human alphaherpesvirus 3		10335
JX065744.1			PARTIAL	1	Korea	Asia									Homo sapiens		9606	true				2006	vzv06-51			487				1		2012-07-14T00:00:00Z		GenBank		Korea Centers for Disease Control and Prevention, Centers for Infectious Diseases	South Korea	Kang,B.,Kim,H.,Hwang,S.,Cheon,D.,Kim,K.	2012-07-14T00:00:00Z								Human alphaherpesvirus 3		10335
JX065745.1			PARTIAL		Korea	Asia									Homo sapiens		9606					2006	vzv06-53			552						2012-07-14T00:00:00Z		GenBank		Korea Centers for Disease Control and Prevention, Centers for Infectious Diseases	South Korea	Kang,B.,Kim,H.,Hwang,S.,Cheon,D.,Kim,K.	2012-07-14T00:00:00Z								Human alphaherpesvirus 3		10335
JX065746.1			PARTIAL	1	Korea	Asia									Homo sapiens		9606	true				2006	vzv06-56			553				1		2012-07-14T00:00:00Z		GenBank		Korea Centers for Disease Control and Prevention, Centers for Infectious Diseases	South Korea	Kang,B.,Kim,H.,Hwang,S.,Cheon,D.,Kim,K.	2012-07-14T00:00:00Z								Human alphaherpesvirus 3		10335
JX065747.1			PARTIAL	1	Korea	Asia									Homo sapiens		9606	true				2006	vzv06-59			438				1		2012-07-14T00:00:00Z		GenBank		Korea Centers for Disease Control and Prevention, Centers for Infectious Diseases	South Korea	Kang,B.,Kim,H.,Hwang,S.,Cheon,D.,Kim,K.	2012-07-14T00:00:00Z								Human alphaherpesvirus 3		10335
JX065748.1			PARTIAL	1	Korea	Asia									Homo sapiens		9606	true				2007	vzv07-01			505				1		2012-07-14T00:00:00Z		GenBank		Korea Centers for Disease Control and Prevention, Centers for Infectious Diseases	South Korea	Kang,B.,Kim,H.,Hwang,S.,Cheon,D.,Kim,K.	2012-07-14T00:00:00Z								Human alphaherpesvirus 3		10335
JX065749.1			PARTIAL	1	Korea	Asia									Homo sapiens		9606	true				2007	vzv07-03			464				1		2012-07-14T00:00:00Z		GenBank		Korea Centers for Disease Control and Prevention, Centers for Infectious Diseases	South Korea	Kang,B.,Kim,H.,Hwang,S.,Cheon,D.,Kim,K.	2012-07-14T00:00:00Z								Human alphaherpesvirus 3		10335
JX065750.1			PARTIAL	1	Korea	Asia									Homo sapiens		9606	true				2007	vzv07-09			464				1		2012-07-14T00:00:00Z		GenBank		Korea Centers for Disease Control and Prevention, Centers for Infectious Diseases	South Korea	Kang,B.,Kim,H.,Hwang,S.,Cheon,D.,Kim,K.	2012-07-14T00:00:00Z								Human alphaherpesvirus 3		10335
JX065751.1			PARTIAL	1	Korea	Asia									Homo sapiens		9606	true				2007	vzv07-11			526				1		2012-07-14T00:00:00Z		GenBank		Korea Centers for Disease Control and Prevention, Centers for Infectious Diseases	South Korea	Kang,B.,Kim,H.,Hwang,S.,Cheon,D.,Kim,K.	2012-07-14T00:00:00Z								Human alphaherpesvirus 3		10335
JX065752.1			PARTIAL	1	Korea	Asia									Homo sapiens		9606	true				2007	vzv07-14			538				1		2012-07-14T00:00:00Z		GenBank		Korea Centers for Disease Control and Prevention, Centers for Infectious Diseases	South Korea	Kang,B.,Kim,H.,Hwang,S.,Cheon,D.,Kim,K.	2012-07-14T00:00:00Z								Human alphaherpesvirus 3		10335
JX065753.1			PARTIAL	1	Korea	Asia									Homo sapiens		9606	true				2007	vzv07-15			535				1		2012-07-14T00:00:00Z		GenBank		Korea Centers for Disease Control and Prevention, Centers for Infectious Diseases	South Korea	Kang,B.,Kim,H.,Hwang,S.,Cheon,D.,Kim,K.	2012-07-14T00:00:00Z								Human alphaherpesvirus 3		10335
JX065754.1			PARTIAL		Korea	Asia									Homo sapiens		9606					2007	vzv07-17			537						2012-07-14T00:00:00Z		GenBank		Korea Centers for Disease Control and Prevention, Centers for Infectious Diseases	South Korea	Kang,B.,Kim,H.,Hwang,S.,Cheon,D.,Kim,K.	2012-07-14T00:00:00Z								Human alphaherpesvirus 3		10335
JX065755.1			PARTIAL		Korea	Asia									Homo sapiens		9606					2007	vzv07-23			534						2012-07-14T00:00:00Z		GenBank		Korea Centers for Disease Control and Prevention, Centers for Infectious Diseases	South Korea	Kang,B.,Kim,H.,Hwang,S.,Cheon,D.,Kim,K.	2012-07-14T00:00:00Z								Human alphaherpesvirus 3		10335
JX065756.1			PARTIAL	1	Korea	Asia									Homo sapiens		9606	true				2007	vzv07-29			511				1		2012-07-14T00:00:00Z		GenBank		Korea Centers for Disease Control and Prevention, Centers for Infectious Diseases	South Korea	Kang,B.,Kim,H.,Hwang,S.,Cheon,D.,Kim,K.	2012-07-14T00:00:00Z								Human alphaherpesvirus 3		10335
JX065757.1			PARTIAL	1	Korea	Asia									Homo sapiens		9606	true				2007	vzv07-32			494				1		2012-07-14T00:00:00Z		GenBank		Korea Centers for Disease Control and Prevention, Centers for Infectious Diseases	South Korea	Kang,B.,Kim,H.,Hwang,S.,Cheon,D.,Kim,K.	2012-07-14T00:00:00Z								Human alphaherpesvirus 3		10335
JX065758.1			PARTIAL		Korea	Asia									Homo sapiens		9606					2007	vzv07-33			538						2012-07-14T00:00:00Z		GenBank		Korea Centers for Disease Control and Prevention, Centers for Infectious Diseases	South Korea	Kang,B.,Kim,H.,Hwang,S.,Cheon,D.,Kim,K.	2012-07-14T00:00:00Z								Human alphaherpesvirus 3		10335
JX065759.1			PARTIAL	1	Korea	Asia									Homo sapiens		9606	true				2007	vzv07-34			541				1		2012-07-14T00:00:00Z		GenBank		Korea Centers for Disease Control and Prevention, Centers for Infectious Diseases	South Korea	Kang,B.,Kim,H.,Hwang,S.,Cheon,D.,Kim,K.	2012-07-14T00:00:00Z								Human alphaherpesvirus 3		10335
JX065760.1			PARTIAL		Korea	Asia									Homo sapiens		9606					2007	vzv07-39			537						2012-07-14T00:00:00Z		GenBank		Korea Centers for Disease Control and Prevention, Centers for Infectious Diseases	South Korea	Kang,B.,Kim,H.,Hwang,S.,Cheon,D.,Kim,K.	2012-07-14T00:00:00Z								Human alphaherpesvirus 3		10335
JX065761.1			PARTIAL		Korea	Asia									Homo sapiens		9606					2007	vzv07-41			550						2012-07-14T00:00:00Z		GenBank		Korea Centers for Disease Control and Prevention, Centers for Infectious Diseases	South Korea	Kang,B.,Kim,H.,Hwang,S.,Cheon,D.,Kim,K.	2012-07-14T00:00:00Z								Human alphaherpesvirus 3		10335
JX065762.1			PARTIAL		Korea	Asia									Homo sapiens		9606					2007	vzv07-43			524						2012-07-14T00:00:00Z		GenBank		Korea Centers for Disease Control and Prevention, Centers for Infectious Diseases	South Korea	Kang,B.,Kim,H.,Hwang,S.,Cheon,D.,Kim,K.	2012-07-14T00:00:00Z								Human alphaherpesvirus 3		10335
JX065763.1			PARTIAL	1	Korea	Asia									Homo sapiens		9606	true				2007	vzv07-50			558				1		2012-07-14T00:00:00Z		GenBank		Korea Centers for Disease Control and Prevention, Centers for Infectious Diseases	South Korea	Kang,B.,Kim,H.,Hwang,S.,Cheon,D.,Kim,K.	2012-07-14T00:00:00Z								Human alphaherpesvirus 3		10335
JX065764.1			PARTIAL	1	Korea	Asia									Homo sapiens		9606	true				2007	vzv07-51			487				1		2012-07-14T00:00:00Z		GenBank		Korea Centers for Disease Control and Prevention, Centers for Infectious Diseases	South Korea	Kang,B.,Kim,H.,Hwang,S.,Cheon,D.,Kim,K.	2012-07-14T00:00:00Z								Human alphaherpesvirus 3		10335
JX065765.1			PARTIAL		Korea	Asia									Homo sapiens		9606					2007	vzv07-53			552						2012-07-14T00:00:00Z		GenBank		Korea Centers for Disease Control and Prevention, Centers for Infectious Diseases	South Korea	Kang,B.,Kim,H.,Hwang,S.,Cheon,D.,Kim,K.	2012-07-14T00:00:00Z								Human alphaherpesvirus 3		10335
JX065766.1			PARTIAL	1	Korea	Asia									Homo sapiens		9606	true				2007	vzv07-56			553				1		2012-07-14T00:00:00Z		GenBank		Korea Centers for Disease Control and Prevention, Centers for Infectious Diseases	South Korea	Kang,B.,Kim,H.,Hwang,S.,Cheon,D.,Kim,K.	2012-07-14T00:00:00Z								Human alphaherpesvirus 3		10335
JX065767.1			PARTIAL	1	Korea	Asia									Homo sapiens		9606	true				2008	vzv08-02			553				1		2012-07-14T00:00:00Z		GenBank		Korea Centers for Disease Control and Prevention, Centers for Infectious Diseases	South Korea	Kang,B.,Kim,H.,Hwang,S.,Cheon,D.,Kim,K.	2012-07-14T00:00:00Z								Human alphaherpesvirus 3		10335
JX065768.1			PARTIAL	1	Korea	Asia									Homo sapiens		9606	true				2008	vzv08-05			553				1		2012-07-14T00:00:00Z		GenBank		Korea Centers for Disease Control and Prevention, Centers for Infectious Diseases	South Korea	Kang,B.,Kim,H.,Hwang,S.,Cheon,D.,Kim,K.	2012-07-14T00:00:00Z								Human alphaherpesvirus 3		10335
JX065769.1			PARTIAL	1	Korea	Asia									Homo sapiens		9606	true				2008	vzv08-06			553				1		2012-07-14T00:00:00Z		GenBank		Korea Centers for Disease Control and Prevention, Centers for Infectious Diseases	South Korea	Kang,B.,Kim,H.,Hwang,S.,Cheon,D.,Kim,K.	2012-07-14T00:00:00Z								Human alphaherpesvirus 3		10335
JX065770.1			PARTIAL	1	Korea	Asia									Homo sapiens		9606	true				2008	vzv08-07			553				1		2012-07-14T00:00:00Z		GenBank		Korea Centers for Disease Control and Prevention, Centers for Infectious Diseases	South Korea	Kang,B.,Kim,H.,Hwang,S.,Cheon,D.,Kim,K.	2012-07-14T00:00:00Z								Human alphaherpesvirus 3		10335
JX065771.1			PARTIAL	1	Korea	Asia									Homo sapiens		9606	true				2008	vzv08-08			553				1		2012-07-14T00:00:00Z		GenBank		Korea Centers for Disease Control and Prevention, Centers for Infectious Diseases	South Korea	Kang,B.,Kim,H.,Hwang,S.,Cheon,D.,Kim,K.	2012-07-14T00:00:00Z								Human alphaherpesvirus 3		10335
JX065772.1			PARTIAL		Korea	Asia									Homo sapiens		9606					2008	vzv08-09			552						2012-07-14T00:00:00Z		GenBank		Korea Centers for Disease Control and Prevention, Centers for Infectious Diseases	South Korea	Kang,B.,Kim,H.,Hwang,S.,Cheon,D.,Kim,K.	2012-07-14T00:00:00Z								Human alphaherpesvirus 3		10335
JX065773.1			PARTIAL	1	Korea	Asia									Homo sapiens		9606	true				2008	vzv08-10			553				1		2012-07-14T00:00:00Z		GenBank		Korea Centers for Disease Control and Prevention, Centers for Infectious Diseases	South Korea	Kang,B.,Kim,H.,Hwang,S.,Cheon,D.,Kim,K.	2012-07-14T00:00:00Z								Human alphaherpesvirus 3		10335
JX065774.1			PARTIAL		Korea	Asia									Homo sapiens		9606					2008	vzv08-16			552						2012-07-14T00:00:00Z		GenBank		Korea Centers for Disease Control and Prevention, Centers for Infectious Diseases	South Korea	Kang,B.,Kim,H.,Hwang,S.,Cheon,D.,Kim,K.	2012-07-14T00:00:00Z								Human alphaherpesvirus 3		10335
JX065775.1			PARTIAL		Korea	Asia									Homo sapiens		9606					2008	vzv08-17			552						2012-07-14T00:00:00Z		GenBank		Korea Centers for Disease Control and Prevention, Centers for Infectious Diseases	South Korea	Kang,B.,Kim,H.,Hwang,S.,Cheon,D.,Kim,K.	2012-07-14T00:00:00Z								Human alphaherpesvirus 3		10335
JX977133.1			PARTIAL	1	Mexico	North America									Homo sapiens		9606	true				2011	InDRE-var440	lesion		3117				1		2013-01-27T00:00:00Z		GenBank		InDRE, Biologia Molecular y Validacion de Tecnicas	Mexico	Rodriguez-Castillo,A.,Perez-Agueros,S.I.,Garces- Ayala,F.,Alcantara- Perez,P.A.,Rodriguez-Maldonado,A.P.,Rodriguez- Reyes,B.D.,Del Mazo-Lopez,J.C.,Escobar-Escamilla,N.,Ortiz-Alcantara,J.M.,Ramirez-Gonzalez,J.E.	2013-01-27T00:00:00Z								Human alphaherpesvirus 3		10335
JX977134.1			PARTIAL	1	Mexico	North America									Homo sapiens		9606	true				2007	InDRE-Var160	lesion		447				1		2013-01-27T00:00:00Z		GenBank		InDRE, Biologia Molecular y Validacion de Tecnicas	Mexico	Rodriguez-Castillo,A.,Perez-Agueros,S.I.,Garces- Ayala,F.,Alcantara- Perez,P.A.,Rodriguez-Maldonado,A.P.,Rodriguez- Reyes,B.D.,Del Mazo-Lopez,J.C.,Escobar-Escamilla,N.,Ortiz-Alcantara,J.M.,Ramirez-Gonzalez,J.E.	2013-01-27T00:00:00Z								Human alphaherpesvirus 3		10335
JX977135.1			PARTIAL	1	Mexico	North America									Homo sapiens		9606	true				2011	InDRE-Var440	lesion		447				1		2013-01-27T00:00:00Z		GenBank		InDRE, Biologia Molecular y Validacion de Tecnicas	Mexico	Rodriguez-Castillo,A.,Perez-Agueros,S.I.,Garces- Ayala,F.,Alcantara- Perez,P.A.,Rodriguez-Maldonado,A.P.,Rodriguez- Reyes,B.D.,Del Mazo-Lopez,J.C.,Escobar-Escamilla,N.,Ortiz-Alcantara,J.M.,Ramirez-Gonzalez,J.E.	2013-01-27T00:00:00Z								Human alphaherpesvirus 3		10335
JX977136.1			PARTIAL	1	Mexico	North America									Homo sapiens		9606	true				2011	InDRE-Var441	lesion		447				1		2013-01-27T00:00:00Z		GenBank		InDRE, Biologia Molecular y Validacion de Tecnicas	Mexico	Rodriguez-Castillo,A.,Perez-Agueros,S.I.,Garces- Ayala,F.,Alcantara- Perez,P.A.,Rodriguez-Maldonado,A.P.,Rodriguez- Reyes,B.D.,Del Mazo-Lopez,J.C.,Escobar-Escamilla,N.,Ortiz-Alcantara,J.M.,Ramirez-Gonzalez,J.E.	2013-01-27T00:00:00Z								Human alphaherpesvirus 3		10335
KC112914.1			COMPLETE	72	Mexico	North America									Homo sapiens		9606	true				2007	Var160	lesion		124884				72		2013-01-29T00:00:00Z		GenBank		InDRE, Biologia Molecular y Validacion de Tecnicas	Mexico	Garces-Ayala,F.,Rodriguez-Castillo,A.,Ortiz-Alcantara,J.M.,Gonzalez-Duran,E.,Segura-Candelas,J.M.,Perez-Agueros,S.I.,Escobar-Escamilla,N.,Mendez-Tenorio,A.,Diaz-Quinonez,J.A.,Ramirez-Gonzalez,J.E.,Garces- Ayala,F.,Segura Candelas,J.M.,Gonzalez Duran,E.	2015-07-14T00:00:00Z								Human alphaherpesvirus 3		10335
KC820941.1			PARTIAL	1	China	Asia									Homo sapiens		9606	true				2011-10	VZVs/Shanghai.CHN/42.11/1			2607				1		2013-05-27T00:00:00Z		GenBank		Shanghai Municipal Center for Disease, Department of Immunization Programe	China	Li,S.C. Sr.,Lu,J.,Tang,W.S.,Ding,G.X.,Liu,Y.M.,Li,Y.Y.,Yang,Y.Y.,Wang,J.,Sun,D.X.	2013-05-27T00:00:00Z								Human alphaherpesvirus 3		10335
KC820942.1			PARTIAL	1	China	Asia									Homo sapiens		9606	true				2011-10	VZVs/Shanghai.CHN/42.11/1			1872				1		2013-05-27T00:00:00Z		GenBank		Shanghai Municipal Center for Disease, Department of Immunization Programe	China	Li,S.C.,Lu,J.,Tang,W.S.,Ding,G.X.,Liu,Y.M.,Li,Y.Y.,Yang,Y.Y.,Wang,J.,Sun,D.X.	2013-05-28T00:00:00Z								Human alphaherpesvirus 3		10335
KC820943.1			PARTIAL	1	China	Asia									Homo sapiens		9606	true				2011-10	VZVs/Shanghai.CHN/42.11/1			2526				1		2013-05-27T00:00:00Z		GenBank		Shanghai Municipal Center for Disease, Department of Immunization Programe	China	Li,S.C.,Lu,J.,Tang,W.S.,Ding,G.X.,Liu,Y.M.,Li,Y.Y.,Yang,Y.Y.,Wang,J.,Sun,D.X.	2013-05-28T00:00:00Z								Human alphaherpesvirus 3		10335
KC820944.1			PARTIAL	1	China	Asia									Homo sapiens		9606	true				2011-10	VZVs/Shanghai.CHN/42.11/1			1065				1		2013-05-27T00:00:00Z		GenBank		Shanghai Municipal Center for Disease, Department of Immunization Programe	China	Li,S.C.,Lu,J.,Tang,W.S.,Ding,G.X.,Liu,Y.M.,Li,Y.Y.,Yang,Y.Y.,Wang,J.,Sun,D.X.	2013-05-28T00:00:00Z								Human alphaherpesvirus 3		10335
KC820945.1			PARTIAL	1	China	Asia									Homo sapiens		9606	true				2011-10	VZVs/Shanghai.CHN/42.11/1			1023				1		2013-05-27T00:00:00Z		GenBank		Shanghai Municipal Center for Disease, Department of Immunization Programe	China	Li,S.C.,Lu,J.,Tang,W.S.,Ding,G.X.,Liu,Y.M.,Li,Y.Y.,Yang,Y.Y.,Wang,J.,Sun,D.X.	2013-05-28T00:00:00Z								Human alphaherpesvirus 3		10335
KC820946.1			PARTIAL	1	China	Asia									Homo sapiens		9606	true				2011-10	VZVs/Shanghai.CHN/42.11/1			480				1		2013-05-27T00:00:00Z		GenBank		Shanghai Municipal Center for Disease, Department of Immunization Programe	China	Li,S.C.,Lu,J.,Tang,W.S.,Ding,G.X.,Liu,Y.M.,Li,Y.Y.,Yang,Y.Y.,Wang,J.,Sun,D.X.	2013-05-28T00:00:00Z								Human alphaherpesvirus 3		10335
KC820947.1			PARTIAL	1	China	Asia									Homo sapiens		9606	true				2011-10	VZVs/Shanghai.CHN/42.11/1			1308				1		2013-05-27T00:00:00Z		GenBank		Shanghai Municipal Center for Disease, Department of Immunization Programe	China	Li,S.C.,Lu,J.,Tang,W.S.,Ding,G.X.,Liu,Y.M.,Li,Y.Y.,Yang,Y.Y.,Wang,J.,Sun,D.X.	2013-05-28T00:00:00Z								Human alphaherpesvirus 3		10335
KC820948.1			PARTIAL	1	China	Asia									Homo sapiens		9606	true				2011-10	VZVs/Shanghai.CHN/42.11/1			264				1		2013-05-27T00:00:00Z		GenBank		Shanghai Municipal Center for Disease, Department of Immunization Programe	China	Li,S.C.,Lu,J.,Tang,W.S.,Ding,G.X.,Liu,Y.M.,Li,Y.Y.,Yang,Y.Y.,Wang,J.,Sun,D.X.	2013-05-28T00:00:00Z								Human alphaherpesvirus 3		10335
KC847290.1			COMPLETE	71	China	Asia									Homo sapiens		9606	true				1984	84-7			125083				71		2013-05-18T00:00:00Z		GenBank		National Vaccine & Serum Institute, Second Laboratory	China	Li,X.	2013-05-18T00:00:00Z								Human alphaherpesvirus 3		10335
KC884564.1			PARTIAL	1	China	Asia									Homo sapiens		9606	true				2011-10	VZVs/Shanghai.CHN/42.11/1			1683				1		2013-08-05T00:00:00Z		GenBank		Shanghai Municipal Center for Disease, Department of Immunization Program	China	Li,S.C. Sr.,Lu,J.,Tang,W.S.,Ding,G.X.,Liu,Y.M.,Li,Y.Y.,Yang,Y.Y.,Wang,J.,Sun,D.X.	2013-08-05T00:00:00Z								Human alphaherpesvirus 3		10335
KF056799.1			PARTIAL	1	France	Europe									Homo sapiens		9606	true				2009	VIDA			384				1		2013-09-03T00:00:00Z		GenBank		Faculte de Medecine, Universite de Reims Champagne-Ardenne, Chu de Reims, EA-4684/SFR CAP-SANTE; Laboratoire de Virologie Medical et Moleculaire	France	Desmons,A.,Terrade,C.,Boulagnon,C.,Giusti,D.,Nguyen,Y.,Andreoletti,L.,Fornes,P.,Digeon,B.,Leveque,N.	2013-12-16T00:00:00Z								Human alphaherpesvirus 3		10335
KF130961.1			PARTIAL	1	India	Asia									Homo sapiens		9606	true				2009-06-05	CVDS-61			321				1		2014-06-05T00:00:00Z		GenBank		Christian Medical College, Clinical Virology	India	Sachithanandham,J.,Kannangai,R.,Sridharan,G.,Abraham,A.M.	2014-06-05T00:00:00Z								Human alphaherpesvirus 3		10335
KF130962.1			PARTIAL	1	India	Asia									Homo sapiens		9606	true				2009-06-05	CVNMCS-47			321				1		2014-06-05T00:00:00Z		GenBank		Christian Medical College, Clinical Virology	India	Sachithanandham,J.,Kannangai,R.,Sridharan,G.,Abraham,A.M.	2014-06-05T00:00:00Z								Human alphaherpesvirus 3		10335
KF130963.1			PARTIAL	1	India	Asia									Homo sapiens		9606	true				2009-06-05	CVNMT-57			321				1		2014-06-05T00:00:00Z		GenBank		Christian Medical College, Clinical Virology	India	Sachithanandham,J.,Kannangai,R.,Sridharan,G.,Abraham,A.M.	2014-06-05T00:00:00Z								Human alphaherpesvirus 3		10335
KF130964.1			PARTIAL	1	India	Asia									Homo sapiens		9606	true				2009-06-05	08/199			321				1		2014-06-05T00:00:00Z		GenBank		Christian Medical College, Clinical Virology	India	Sachithanandham,J.,Kannangai,R.,Sridharan,G.,Abraham,A.M.	2014-06-05T00:00:00Z								Human alphaherpesvirus 3		10335
KF130965.1			PARTIAL	1	India	Asia									Homo sapiens		9606	true				2009-06-05	CVNMCS-40			321				1		2014-06-05T00:00:00Z		GenBank		Christian Medical College, Clinical Virology	India	Sachithanandham,J.,Kannangai,R.,Sridharan,G.,Abraham,A.M.	2014-06-05T00:00:00Z								Human alphaherpesvirus 3		10335
KF153936.1			PARTIAL	1	India	Asia									Homo sapiens		9606	true				2012-12-11	AFMC VZV122012			612				1		2014-01-12T00:00:00Z		GenBank		Armed Forces Medical College, Microbiology	India	Kumar,M.,Khajuria,A.	2014-01-12T00:00:00Z								Human alphaherpesvirus 3		10335
KF153937.1			PARTIAL	1	India	Asia									Homo sapiens		9606	true				2013-02-15	AFMC VZV022013			612				1		2014-01-12T00:00:00Z		GenBank		Armed Forces Medical College, Microbiology	India	Kumar,M.,Khajuria,A.	2014-01-12T00:00:00Z								Human alphaherpesvirus 3		10335
KF558371.1			PARTIAL	74	United Kingdom	Europe									Homo sapiens		9606	true				2006	ZR1			125129				74		2013-10-23T00:00:00Z		GenBank		University College London, Division of Infection and Immunity	United Kingdom	Depledge,D.P.,Kundu,S.,Jensen,N.J.,Gray,E.R.,Jones,M.,Steinberg,S.,Gershon,A.,Kinchington,P.R.,Schmid,D.S.,Balloux,F.,Nichols,R.A.,Breuer,J.	2014-02-26T00:00:00Z								Human alphaherpesvirus 3		10335
KF558372.1			PARTIAL	74	United Kingdom	Europe									Homo sapiens		9606	true				2006	VR2			125128				74		2013-10-23T00:00:00Z		GenBank		University College London, Division of Infection and Immunity	United Kingdom	Depledge,D.P.,Kundu,S.,Jensen,N.J.,Gray,E.R.,Jones,M.,Steinberg,S.,Gershon,A.,Kinchington,P.R.,Schmid,D.S.,Balloux,F.,Nichols,R.A.,Breuer,J.	2014-02-26T00:00:00Z								Human alphaherpesvirus 3		10335
KF558373.1			PARTIAL	73											Homo sapiens		9606	true				2007	VR1			125125				73		2013-10-23T00:00:00Z		GenBank		University College London, Division of Infection and Immunity	United Kingdom	Depledge,D.P.,Kundu,S.,Jensen,N.J.,Gray,E.R.,Jones,M.,Steinberg,S.,Gershon,A.,Kinchington,P.R.,Schmid,D.S.,Balloux,F.,Nichols,R.A.,Breuer,J.	2014-02-26T00:00:00Z								Human alphaherpesvirus 3		10335
KF558374.1			PARTIAL	74	USA	North America									Homo sapiens		9606	true				1997	U14			125128				74		2013-10-23T00:00:00Z		GenBank		University College London, Division of Infection and Immunity	United Kingdom	Depledge,D.P.,Kundu,S.,Jensen,N.J.,Gray,E.R.,Jones,M.,Steinberg,S.,Gershon,A.,Kinchington,P.R.,Schmid,D.S.,Balloux,F.,Nichols,R.A.,Breuer,J.	2014-02-26T00:00:00Z								Human alphaherpesvirus 3		10335
KF558375.1			PARTIAL	74	USA	North America									Homo sapiens		9606	true				1995	K48			125125				74		2013-10-23T00:00:00Z		GenBank		University College London, Division of Infection and Immunity	United Kingdom	Depledge,D.P.,Kundu,S.,Jensen,N.J.,Gray,E.R.,Jones,M.,Steinberg,S.,Gershon,A.,Kinchington,P.R.,Schmid,D.S.,Balloux,F.,Nichols,R.A.,Breuer,J.	2014-02-26T00:00:00Z								Human alphaherpesvirus 3		10335
KF558376.1			PARTIAL	74	USA	North America									Homo sapiens		9606	true				1999	O27			125128				74		2013-10-23T00:00:00Z		GenBank		University College London, Division of Infection and Immunity	United Kingdom	Depledge,D.P.,Kundu,S.,Jensen,N.J.,Gray,E.R.,Jones,M.,Steinberg,S.,Gershon,A.,Kinchington,P.R.,Schmid,D.S.,Balloux,F.,Nichols,R.A.,Breuer,J.	2014-02-26T00:00:00Z								Human alphaherpesvirus 3		10335
KF558377.1			PARTIAL	74	USA	North America									Homo sapiens		9606	true				2001	T61			125125				74		2013-10-23T00:00:00Z		GenBank		University College London, Division of Infection and Immunity	United Kingdom	Depledge,D.P.,Kundu,S.,Jensen,N.J.,Gray,E.R.,Jones,M.,Steinberg,S.,Gershon,A.,Kinchington,P.R.,Schmid,D.S.,Balloux,F.,Nichols,R.A.,Breuer,J.	2014-02-26T00:00:00Z								Human alphaherpesvirus 3		10335
KF558378.1			PARTIAL	74	USA	North America									Homo sapiens		9606	true				2000	T17			125129				74		2013-10-23T00:00:00Z		GenBank		University College London, Division of Infection and Immunity	United Kingdom	Depledge,D.P.,Kundu,S.,Jensen,N.J.,Gray,E.R.,Jones,M.,Steinberg,S.,Gershon,A.,Kinchington,P.R.,Schmid,D.S.,Balloux,F.,Nichols,R.A.,Breuer,J.	2014-02-26T00:00:00Z								Human alphaherpesvirus 3		10335
KF558379.1			PARTIAL	74	USA	North America									Homo sapiens		9606	true				2000	T25			125125				74		2013-10-23T00:00:00Z		GenBank		University College London, Division of Infection and Immunity	United Kingdom	Depledge,D.P.,Kundu,S.,Jensen,N.J.,Gray,E.R.,Jones,M.,Steinberg,S.,Gershon,A.,Kinchington,P.R.,Schmid,D.S.,Balloux,F.,Nichols,R.A.,Breuer,J.	2014-02-26T00:00:00Z								Human alphaherpesvirus 3		10335
KF558380.1			PARTIAL	74	USA	North America									Homo sapiens		9606	true				1988	v76			125128				74		2013-10-23T00:00:00Z		GenBank		University College London, Division of Infection and Immunity	United Kingdom	Depledge,D.P.,Kundu,S.,Jensen,N.J.,Gray,E.R.,Jones,M.,Steinberg,S.,Gershon,A.,Kinchington,P.R.,Schmid,D.S.,Balloux,F.,Nichols,R.A.,Breuer,J.	2014-02-26T00:00:00Z								Human alphaherpesvirus 3		10335
KF558381.1			PARTIAL	74	USA	North America									Homo sapiens		9606	true				1988	A182B			125130				74		2013-10-23T00:00:00Z		GenBank		University College London, Division of Infection and Immunity	United Kingdom	Depledge,D.P.,Kundu,S.,Jensen,N.J.,Gray,E.R.,Jones,M.,Steinberg,S.,Gershon,A.,Kinchington,P.R.,Schmid,D.S.,Balloux,F.,Nichols,R.A.,Breuer,J.	2014-02-26T00:00:00Z								Human alphaherpesvirus 3		10335
KF558382.1			PARTIAL	74	USA	North America									Homo sapiens		9606	true				1988	A185B			125130				74		2013-10-23T00:00:00Z		GenBank		University College London, Division of Infection and Immunity	United Kingdom	Depledge,D.P.,Kundu,S.,Jensen,N.J.,Gray,E.R.,Jones,M.,Steinberg,S.,Gershon,A.,Kinchington,P.R.,Schmid,D.S.,Balloux,F.,Nichols,R.A.,Breuer,J.	2014-02-26T00:00:00Z								Human alphaherpesvirus 3		10335
KF558383.1			PARTIAL	74	USA	North America												true				2008	VariVax2008			125125				74		2013-10-23T00:00:00Z		GenBank		University College London, Division of Infection and Immunity	United Kingdom	Depledge,D.P.,Kundu,S.,Jensen,N.J.,Gray,E.R.,Jones,M.,Steinberg,S.,Gershon,A.,Kinchington,P.R.,Schmid,D.S.,Balloux,F.,Nichols,R.A.,Breuer,J.	2014-02-26T00:00:00Z								Human alphaherpesvirus 3		10335
KF558384.1			PARTIAL	74	United Kingdom	Europe												true				2010	VariVax2010			125125				74		2013-10-23T00:00:00Z		GenBank		University College London, Division of Infection and Immunity	United Kingdom	Depledge,D.P.,Kundu,S.,Jensen,N.J.,Gray,E.R.,Jones,M.,Steinberg,S.,Gershon,A.,Kinchington,P.R.,Schmid,D.S.,Balloux,F.,Nichols,R.A.,Breuer,J.	2014-02-26T00:00:00Z								Human alphaherpesvirus 3		10335
KF558385.1			PARTIAL	74	United Kingdom	Europe												true				2012	VariVax2012			125125				74		2013-10-23T00:00:00Z		GenBank		University College London, Division of Infection and Immunity	United Kingdom	Depledge,D.P.,Kundu,S.,Jensen,N.J.,Gray,E.R.,Jones,M.,Steinberg,S.,Gershon,A.,Kinchington,P.R.,Schmid,D.S.,Balloux,F.,Nichols,R.A.,Breuer,J.	2014-02-26T00:00:00Z								Human alphaherpesvirus 3		10335
KF558386.1			PARTIAL	74	United Kingdom	Europe									Homo sapiens		9606	true				2006	VR3			125124				74		2013-10-23T00:00:00Z		GenBank		University College London, Division of Infection and Immunity	United Kingdom	Depledge,D.P.,Kundu,S.,Jensen,N.J.,Gray,E.R.,Jones,M.,Steinberg,S.,Gershon,A.,Kinchington,P.R.,Schmid,D.S.,Balloux,F.,Nichols,R.A.,Breuer,J.	2014-02-26T00:00:00Z								Human alphaherpesvirus 3		10335
KF558387.1			PARTIAL	74	USA	North America									Homo sapiens		9606	true					R73			125124				74		2013-10-23T00:00:00Z		GenBank		University College London, Division of Infection and Immunity	United Kingdom	Depledge,D.P.,Kundu,S.,Jensen,N.J.,Gray,E.R.,Jones,M.,Steinberg,S.,Gershon,A.,Kinchington,P.R.,Schmid,D.S.,Balloux,F.,Nichols,R.A.,Breuer,J.	2014-02-26T00:00:00Z								Human alphaherpesvirus 3		10335
KF558388.1			PARTIAL	74	United Kingdom	Europe									Homo sapiens		9606	true				2010	VR4			125125				74		2013-10-23T00:00:00Z		GenBank		University College London, Division of Infection and Immunity	United Kingdom	Depledge,D.P.,Kundu,S.,Jensen,N.J.,Gray,E.R.,Jones,M.,Steinberg,S.,Gershon,A.,Kinchington,P.R.,Schmid,D.S.,Balloux,F.,Nichols,R.A.,Breuer,J.	2014-02-26T00:00:00Z								Human alphaherpesvirus 3		10335
KF558389.1			PARTIAL	74	USA	North America									Homo sapiens		9606	true				1997	L53			125127				74		2013-10-23T00:00:00Z		GenBank		University College London, Division of Infection and Immunity	United Kingdom	Depledge,D.P.,Kundu,S.,Jensen,N.J.,Gray,E.R.,Jones,M.,Steinberg,S.,Gershon,A.,Kinchington,P.R.,Schmid,D.S.,Balloux,F.,Nichols,R.A.,Breuer,J.	2014-02-26T00:00:00Z								Human alphaherpesvirus 3		10335
KF558390.1			PARTIAL	74	USA	North America									Homo sapiens		9606	true				1998	N13			125127				74		2013-10-23T00:00:00Z		GenBank		University College London, Division of Infection and Immunity	United Kingdom	Depledge,D.P.,Kundu,S.,Jensen,N.J.,Gray,E.R.,Jones,M.,Steinberg,S.,Gershon,A.,Kinchington,P.R.,Schmid,D.S.,Balloux,F.,Nichols,R.A.,Breuer,J.	2014-02-26T00:00:00Z								Human alphaherpesvirus 3		10335
KF558391.1			PARTIAL	74	USA	North America									Homo sapiens		9606	true				1997	K11			125130				74		2013-10-23T00:00:00Z		GenBank		University College London, Division of Infection and Immunity	United Kingdom	Depledge,D.P.,Kundu,S.,Jensen,N.J.,Gray,E.R.,Jones,M.,Steinberg,S.,Gershon,A.,Kinchington,P.R.,Schmid,D.S.,Balloux,F.,Nichols,R.A.,Breuer,J.	2014-02-26T00:00:00Z								Human alphaherpesvirus 3		10335
KF811485.1			COMPLETE	73														true					VZVs/Pasadena.USA/48.12/Z[2]			125410				73		2014-02-12T00:00:00Z		GenBank		Centers for Disease Control and Prevention, Division of Viral Diseases	USA	Tseng,H.F.,Schmid,D.S.,Harpaz,R.,Larussa,P.,Jensen,N.J.,Rivailler,P.,Radford,K.,Folster,J.,Jacobsen,S.J.,Schmid,S.D.	2020-12-16T00:00:00Z								Human alphaherpesvirus 3		10335
KF853225.1			PARTIAL	74	United Kingdom	Europe									Homo sapiens		9606	true				1986	B86			125128				74		2014-02-17T00:00:00Z		GenBank		University College London, Division of Infection and Immunity	United Kingdom	Weinert,L.A.,Depledge,D.P.,Kundu,S.,Gershon,A.A.,Nichols,R.A.,Balloux,F.,Welch,J.J.,Breuer,J.	2015-04-07T00:00:00Z								Human alphaherpesvirus 3		10335
KF853226.1			PARTIAL	74	United Kingdom	Europe									Homo sapiens		9606	true				1988	A171B			125127				74		2014-02-17T00:00:00Z		GenBank		University College London, Division of Infection and Immunity	United Kingdom	Weinert,L.A.,Depledge,D.P.,Kundu,S.,Gershon,A.A.,Nichols,R.A.,Balloux,F.,Welch,J.J.,Breuer,J.	2015-04-07T00:00:00Z								Human alphaherpesvirus 3		10335
KF853227.1			PARTIAL	74	United Kingdom	Europe									Homo sapiens		9606	true				1998	Q27			125071				74		2014-02-17T00:00:00Z		GenBank		University College London, Division of Infection and Immunity	United Kingdom	Weinert,L.A.,Depledge,D.P.,Kundu,S.,Gershon,A.A.,Nichols,R.A.,Balloux,F.,Welch,J.J.,Breuer,J.	2015-04-07T00:00:00Z								Human alphaherpesvirus 3		10335
KF853228.1			PARTIAL	74	United Kingdom	Europe									Homo sapiens		9606	true				1999	R3			125112				74		2014-02-17T00:00:00Z		GenBank		University College London, Division of Infection and Immunity	United Kingdom	Weinert,L.A.,Depledge,D.P.,Kundu,S.,Gershon,A.A.,Nichols,R.A.,Balloux,F.,Welch,J.J.,Breuer,J.	2015-04-07T00:00:00Z								Human alphaherpesvirus 3		10335
KF853229.1			PARTIAL	74	United Kingdom	Europe									Homo sapiens		9606	true				2000	R43			125081				74		2014-02-17T00:00:00Z		GenBank		University College London, Division of Infection and Immunity	United Kingdom	Weinert,L.A.,Depledge,D.P.,Kundu,S.,Gershon,A.A.,Nichols,R.A.,Balloux,F.,Welch,J.J.,Breuer,J.	2015-04-07T00:00:00Z								Human alphaherpesvirus 3		10335
KF853230.1			PARTIAL	74	United Kingdom	Europe									Homo sapiens		9606	true				1999	R52			125130				74		2014-02-17T00:00:00Z		GenBank		University College London, Division of Infection and Immunity	United Kingdom	Weinert,L.A.,Depledge,D.P.,Kundu,S.,Gershon,A.A.,Nichols,R.A.,Balloux,F.,Welch,J.J.,Breuer,J.	2015-04-07T00:00:00Z								Human alphaherpesvirus 3		10335
KF853231.1			PARTIAL	74	United Kingdom	Europe									Homo sapiens		9606	true				2006	ZR2			125118				74		2014-02-17T00:00:00Z		GenBank		University College London, Division of Infection and Immunity	United Kingdom	Weinert,L.A.,Depledge,D.P.,Kundu,S.,Gershon,A.A.,Nichols,R.A.,Balloux,F.,Welch,J.J.,Breuer,J.	2015-04-07T00:00:00Z								Human alphaherpesvirus 3		10335
KF853232.1			PARTIAL	74	United Kingdom	Europe									Homo sapiens		9606	true				2007	ZR3			125072				74		2014-02-17T00:00:00Z		GenBank		University College London, Division of Infection and Immunity	United Kingdom	Weinert,L.A.,Depledge,D.P.,Kundu,S.,Gershon,A.A.,Nichols,R.A.,Balloux,F.,Welch,J.J.,Breuer,J.	2015-04-07T00:00:00Z								Human alphaherpesvirus 3		10335
KF853233.1			PARTIAL	74	United Kingdom	Europe									Homo sapiens		9606	true				2008	VR5			125073				74		2014-02-17T00:00:00Z		GenBank		University College London, Division of Infection and Immunity	United Kingdom	Weinert,L.A.,Depledge,D.P.,Kundu,S.,Gershon,A.A.,Nichols,R.A.,Balloux,F.,Welch,J.J.,Breuer,J.	2015-04-07T00:00:00Z								Human alphaherpesvirus 3		10335
KF853234.1			PARTIAL	74	United Kingdom	Europe									Homo sapiens		9606	true				2010	ZR4			125048				74		2014-02-17T00:00:00Z		GenBank		University College London, Division of Infection and Immunity	United Kingdom	Weinert,L.A.,Depledge,D.P.,Kundu,S.,Gershon,A.A.,Nichols,R.A.,Balloux,F.,Welch,J.J.,Breuer,J.	2015-04-07T00:00:00Z								Human alphaherpesvirus 3		10335
KF853235.1			PARTIAL	74	United Kingdom	Europe									Homo sapiens		9606	true				2013	ZR5			125056				74		2014-02-17T00:00:00Z		GenBank		University College London, Division of Infection and Immunity	United Kingdom	Weinert,L.A.,Depledge,D.P.,Kundu,S.,Gershon,A.A.,Nichols,R.A.,Balloux,F.,Welch,J.J.,Breuer,J.	2015-04-07T00:00:00Z								Human alphaherpesvirus 3		10335
KJ419348.1			PARTIAL	1	India	Asia									Homo sapiens		9606	true				2013-11-13	PGIMER-2013-VZV-CPV-07	lesion		278				1		2014-05-27T00:00:00Z		GenBank		PGIMER, Virology	India	Singh,M.P.,Chandran,C.,Kumar,A.,Gupta,M.,Khurana,J.,Ratho,R.K.	2014-05-27T00:00:00Z								Human alphaherpesvirus 3		10335
KJ419349.1			PARTIAL	1	India	Asia									Homo sapiens		9606	true				2013-11-13	PGIMER-2013-VZV-CPV-08	lesion		281				1		2014-05-27T00:00:00Z		GenBank		PGIMER, Virology	India	Singh,M.P.,Chandran,C.,Kumar,A.,Gupta,M.,Khurana,J.,Ratho,R.K.	2014-05-27T00:00:00Z								Human alphaherpesvirus 3		10335
KJ767491.1			COMPLETE	74	South Korea	Asia									Homo sapiens		9606	true				2012	YC01			125144				74		2014-08-02T00:00:00Z		GenBank		Chungbuk National University, Microbiology	Korea	Kim,J.I.,Ji,G.Y.,Park,H.S.,Lee,C.H.	2014-08-02T00:00:00Z								Human alphaherpesvirus 3		10335
KJ767492.1			COMPLETE	73	South Korea	Asia									Homo sapiens		9606	true				2012	YC02			125150				73		2014-08-02T00:00:00Z		GenBank		Chungbuk National University, Microbiology	Korea	Kim,J.I.,Ji,G.Y.,Park,H.S.,Lee,C.H.	2014-08-02T00:00:00Z								Human alphaherpesvirus 3		10335
KJ808816.1			COMPLETE	74	South Korea	Asia									Homo sapiens		9606	true				2012	YC03			125162				74		2014-08-18T00:00:00Z		GenBank		Chungbuk National University, Microbiology	Korea	Kim,J.A.,Park,S.K.,Kumar,M.,Lee,C.H.,Shin,O.S.,Kim,J.I.,Ji,G.Y.,Park,H.S.	2016-04-06T00:00:00Z								Human alphaherpesvirus 3		10335
KM355696.1			PARTIAL	73	Guinea-Bissau	Africa									Homo sapiens		9606	true				2001-02-07	Bandim1			125039				73		2014-10-19T00:00:00Z		GenBank		University College London, Division of Infection and Immunity	United Kingdom	Depledge,D.,Gray,E.,Kundu,S.,Cooray,S.,Poulsen,A.,Aaby,P.,Breuer,J.,Depledge,D.P.	2014-10-19T00:00:00Z								Human alphaherpesvirus 3		10335
KM355697.1			PARTIAL	73	Guinea-Bissau	Africa									Homo sapiens		9606	true				2001-02-28	Bandim2			124843				73		2014-10-19T00:00:00Z		GenBank		University College London, Division of Infection and Immunity	United Kingdom	Depledge,D.,Gray,E.,Kundu,S.,Cooray,S.,Poulsen,A.,Aaby,P.,Breuer,J.,Depledge,D.P.	2014-10-19T00:00:00Z								Human alphaherpesvirus 3		10335
KM355698.1			PARTIAL	73	Guinea-Bissau	Africa									Homo sapiens		9606	true				2001-01-15	Bandim3			125212				73		2014-10-19T00:00:00Z		GenBank		University College London, Division of Infection and Immunity	United Kingdom	Depledge,D.,Gray,E.,Kundu,S.,Cooray,S.,Poulsen,A.,Aaby,P.,Breuer,J.,Depledge,D.P.	2014-10-19T00:00:00Z								Human alphaherpesvirus 3		10335
KM355699.1			PARTIAL	73	Guinea-Bissau	Africa									Homo sapiens		9606	true				2001-01-22	Bandim4			125212				73		2014-10-19T00:00:00Z		GenBank		University College London, Division of Infection and Immunity	United Kingdom	Depledge,D.,Gray,E.,Kundu,S.,Cooray,S.,Poulsen,A.,Aaby,P.,Breuer,J.,Depledge,D.P.	2014-10-19T00:00:00Z								Human alphaherpesvirus 3		10335
KM355700.1			PARTIAL	73	Guinea-Bissau	Africa									Homo sapiens		9606	true				2001-02-01	Bandim5			125212				73		2014-10-19T00:00:00Z		GenBank		University College London, Division of Infection and Immunity	United Kingdom	Depledge,D.,Gray,E.,Kundu,S.,Cooray,S.,Poulsen,A.,Aaby,P.,Breuer,J.,Depledge,D.P.	2014-10-19T00:00:00Z								Human alphaherpesvirus 3		10335
KM355701.1			PARTIAL	73	Guinea-Bissau	Africa									Homo sapiens		9606	true				2001-02-07	Bandim6			125065				73		2014-10-19T00:00:00Z		GenBank		University College London, Division of Infection and Immunity	United Kingdom	Depledge,D.,Gray,E.,Kundu,S.,Cooray,S.,Poulsen,A.,Aaby,P.,Breuer,J.,Depledge,D.P.	2014-10-19T00:00:00Z								Human alphaherpesvirus 3		10335
KM355702.1			PARTIAL	73	Guinea-Bissau	Africa									Homo sapiens		9606	true				2001-02-12	Bandim7			124830				73		2014-10-19T00:00:00Z		GenBank		University College London, Division of Infection and Immunity	United Kingdom	Depledge,D.,Gray,E.,Kundu,S.,Cooray,S.,Poulsen,A.,Aaby,P.,Breuer,J.,Depledge,D.P.	2014-10-19T00:00:00Z								Human alphaherpesvirus 3		10335
KM355703.1			PARTIAL	73	Guinea-Bissau	Africa									Homo sapiens		9606	true				2001-02-24	Bandim8			124826				73		2014-10-19T00:00:00Z		GenBank		University College London, Division of Infection and Immunity	United Kingdom	Depledge,D.,Gray,E.,Kundu,S.,Cooray,S.,Poulsen,A.,Aaby,P.,Breuer,J.,Depledge,D.P.	2014-10-19T00:00:00Z								Human alphaherpesvirus 3		10335
KM355704.1			PARTIAL	73	Guinea-Bissau	Africa									Homo sapiens		9606	true				2001-03-01	Bandim10			124783				73		2014-10-19T00:00:00Z		GenBank		University College London, Division of Infection and Immunity	United Kingdom	Depledge,D.,Gray,E.,Kundu,S.,Cooray,S.,Poulsen,A.,Aaby,P.,Breuer,J.,Depledge,D.P.	2014-10-19T00:00:00Z								Human alphaherpesvirus 3		10335
KM355705.1			PARTIAL	73	Guinea-Bissau	Africa									Homo sapiens		9606	true				2001-05-04	Bandim11			125208				73		2014-10-19T00:00:00Z		GenBank		University College London, Division of Infection and Immunity	United Kingdom	Depledge,D.,Gray,E.,Kundu,S.,Cooray,S.,Poulsen,A.,Aaby,P.,Breuer,J.,Depledge,D.P.	2014-10-19T00:00:00Z								Human alphaherpesvirus 3		10335
KM355706.1			PARTIAL	73	Guinea-Bissau	Africa									Homo sapiens		9606	true				2001-05-21	Bandim12			125212				73		2014-10-19T00:00:00Z		GenBank		University College London, Division of Infection and Immunity	United Kingdom	Depledge,D.,Gray,E.,Kundu,S.,Cooray,S.,Poulsen,A.,Aaby,P.,Breuer,J.,Depledge,D.P.	2014-10-19T00:00:00Z								Human alphaherpesvirus 3		10335
KM355707.1			PARTIAL	73	Guinea-Bissau	Africa									Homo sapiens		9606	true				2001-06-05	Bandim13			125060				73		2014-10-19T00:00:00Z		GenBank		University College London, Division of Infection and Immunity	United Kingdom	Depledge,D.,Gray,E.,Kundu,S.,Cooray,S.,Poulsen,A.,Aaby,P.,Breuer,J.,Depledge,D.P.	2014-10-19T00:00:00Z								Human alphaherpesvirus 3		10335
KM355708.1			PARTIAL	73	Guinea-Bissau	Africa									Homo sapiens		9606	true				2001-05-14	Bandim14			125065				73		2014-10-19T00:00:00Z		GenBank		University College London, Division of Infection and Immunity	United Kingdom	Depledge,D.,Gray,E.,Kundu,S.,Cooray,S.,Poulsen,A.,Aaby,P.,Breuer,J.,Depledge,D.P.	2014-10-19T00:00:00Z								Human alphaherpesvirus 3		10335
KM355709.1			PARTIAL	73	Guinea-Bissau	Africa									Homo sapiens		9606	true				2001-05-31	Bandim15			125234				73		2014-10-19T00:00:00Z		GenBank		University College London, Division of Infection and Immunity	United Kingdom	Depledge,D.,Gray,E.,Kundu,S.,Cooray,S.,Poulsen,A.,Aaby,P.,Breuer,J.,Depledge,D.P.	2014-10-19T00:00:00Z								Human alphaherpesvirus 3		10335
KM355710.1			PARTIAL	73	Guinea-Bissau	Africa									Homo sapiens		9606	true				2001-06-11	Bandim16			125234				73		2014-10-19T00:00:00Z		GenBank		University College London, Division of Infection and Immunity	United Kingdom	Depledge,D.,Gray,E.,Kundu,S.,Cooray,S.,Poulsen,A.,Aaby,P.,Breuer,J.,Depledge,D.P.	2014-10-19T00:00:00Z								Human alphaherpesvirus 3		10335
KM355711.1			PARTIAL	73	Guinea-Bissau	Africa									Homo sapiens		9606	true				2001-06-18	Bandim17			125234				73		2014-10-19T00:00:00Z		GenBank		University College London, Division of Infection and Immunity	United Kingdom	Depledge,D.,Gray,E.,Kundu,S.,Cooray,S.,Poulsen,A.,Aaby,P.,Breuer,J.,Depledge,D.P.	2014-10-19T00:00:00Z								Human alphaherpesvirus 3		10335
KM355712.1			PARTIAL	73	Guinea-Bissau	Africa									Homo sapiens		9606	true				2001-06-18	Bandim18			124810				73		2014-10-19T00:00:00Z		GenBank		University College London, Division of Infection and Immunity	United Kingdom	Depledge,D.,Gray,E.,Kundu,S.,Cooray,S.,Poulsen,A.,Aaby,P.,Breuer,J.,Depledge,D.P.	2014-10-19T00:00:00Z								Human alphaherpesvirus 3		10335
KM355713.1			PARTIAL	73	Guinea-Bissau	Africa									Homo sapiens		9606	true				2001-01-17	Bandim19			125212				73		2014-10-19T00:00:00Z		GenBank		University College London, Division of Infection and Immunity	United Kingdom	Depledge,D.,Gray,E.,Kundu,S.,Cooray,S.,Poulsen,A.,Aaby,P.,Breuer,J.,Depledge,D.P.	2014-10-19T00:00:00Z								Human alphaherpesvirus 3		10335
KM355714.1			PARTIAL	73	Guinea-Bissau	Africa									Homo sapiens		9606	true				2001-01-17	Bandim20			125212				73		2014-10-19T00:00:00Z		GenBank		University College London, Division of Infection and Immunity	United Kingdom	Depledge,D.,Gray,E.,Kundu,S.,Cooray,S.,Poulsen,A.,Aaby,P.,Breuer,J.,Depledge,D.P.	2014-10-19T00:00:00Z								Human alphaherpesvirus 3		10335
KM355715.1			PARTIAL	73	Guinea-Bissau	Africa									Homo sapiens		9606	true				2001-01-30	Bandim21			125212				73		2014-10-19T00:00:00Z		GenBank		University College London, Division of Infection and Immunity	United Kingdom	Depledge,D.,Gray,E.,Kundu,S.,Cooray,S.,Poulsen,A.,Aaby,P.,Breuer,J.,Depledge,D.P.	2014-10-19T00:00:00Z								Human alphaherpesvirus 3		10335
KM355716.1			PARTIAL	73	Guinea-Bissau	Africa									Homo sapiens		9606	true				2001-02-15	Bandim22			125212				73		2014-10-19T00:00:00Z		GenBank		University College London, Division of Infection and Immunity	United Kingdom	Depledge,D.,Gray,E.,Kundu,S.,Cooray,S.,Poulsen,A.,Aaby,P.,Breuer,J.,Depledge,D.P.	2014-10-19T00:00:00Z								Human alphaherpesvirus 3		10335
KM355717.1			PARTIAL	73	Guinea-Bissau	Africa									Homo sapiens		9606	true				2001-03-05	Bandim23			124728				73		2014-10-19T00:00:00Z		GenBank		University College London, Division of Infection and Immunity	United Kingdom	Depledge,D.,Gray,E.,Kundu,S.,Cooray,S.,Poulsen,A.,Aaby,P.,Breuer,J.,Depledge,D.P.	2014-10-19T00:00:00Z								Human alphaherpesvirus 3		10335
KM355718.1			PARTIAL	73	Guinea-Bissau	Africa									Homo sapiens		9606	true				2001-03-21	Bandim24			124728				73		2014-10-19T00:00:00Z		GenBank		University College London, Division of Infection and Immunity	United Kingdom	Depledge,D.,Gray,E.,Kundu,S.,Cooray,S.,Poulsen,A.,Aaby,P.,Breuer,J.,Depledge,D.P.	2014-10-19T00:00:00Z								Human alphaherpesvirus 3		10335
KP702725.1			COMPLETE	73	USA	North America									Homo sapiens		9606	true				2013-03-27	VZVs/Pasadena.USA/11.13(2)/Z			125148				73		2017-02-24T00:00:00Z		GenBank		Centers for Disease Control and Prevention, Measles, Mumps, Rubella & Herpesviruses Laboratory Branch; Division of Viral Diseases	USA	Jensen,N.J.,Rivailler,P.,Tseng,H.F.,Quinlivan,M.L.,Radford,K.,Folster,J.,Harpaz,R.,LaRussa,P.,Jacobsen,S.,Scott Schmid,D.,Jensen,N.,Radford,K.W.,Tseng,H.-F.,Larussa,P.S.,Jacobsen,S.J.,Schmid,S.D.	2020-12-16T00:00:00Z								Human alphaherpesvirus 3		10335
KP771889.1			PARTIAL	73	United Kingdom	Europe									Homo sapiens		9606	true				2011-09-29	Cli/UK/CSF/2909/2011			124844				73		2015-05-13T00:00:00Z		GenBank		University College London, Division of Infection and Immunity	United Kingdom	Norberg,P.,Depledge,D.P.,Kundu,S.,Atkinson,C.,Brown,J.,Haque,T.,Hussaini,Y.,MacMahon,E.,Molyneaux,P.,Papaevangelou,V.,Sengupta,N.,Koay,E.S.,Tang,J.W.,Underhill,G.S.,Grahn,A.,Studahl,M.,Breuer,J.,Bergstrom,T.	2015-05-21T00:00:00Z								Human alphaherpesvirus 3		10335
KP771890.1			PARTIAL	73	United Kingdom	Europe									Homo sapiens		9606	true				2011-09-30	Cli/UK/CSF/3009/2011			124850				73		2015-05-13T00:00:00Z		GenBank		University College London, Division of Infection and Immunity	United Kingdom	Norberg,P.,Depledge,D.P.,Kundu,S.,Atkinson,C.,Brown,J.,Haque,T.,Hussaini,Y.,MacMahon,E.,Molyneaux,P.,Papaevangelou,V.,Sengupta,N.,Koay,E.S.,Tang,J.W.,Underhill,G.S.,Grahn,A.,Studahl,M.,Breuer,J.,Bergstrom,T.	2015-05-21T00:00:00Z								Human alphaherpesvirus 3		10335
KP771891.1			PARTIAL	73	Sweden	Europe									Homo sapiens		9606	true				2010	DE10-1515			124766				73		2015-05-13T00:00:00Z		GenBank		University College London, Division of Infection and Immunity	United Kingdom	Norberg,P.,Depledge,D.P.,Kundu,S.,Atkinson,C.,Brown,J.,Haque,T.,Hussaini,Y.,MacMahon,E.,Molyneaux,P.,Papaevangelou,V.,Sengupta,N.,Koay,E.S.,Tang,J.W.,Underhill,G.S.,Grahn,A.,Studahl,M.,Breuer,J.,Bergstrom,T.	2015-05-21T00:00:00Z								Human alphaherpesvirus 3		10335
KP771892.1			PARTIAL	73	Sweden	Europe									Homo sapiens		9606	true				2010	DE10-2480			124864				73		2015-05-13T00:00:00Z		GenBank		University College London, Division of Infection and Immunity	United Kingdom	Norberg,P.,Depledge,D.P.,Kundu,S.,Atkinson,C.,Brown,J.,Haque,T.,Hussaini,Y.,MacMahon,E.,Molyneaux,P.,Papaevangelou,V.,Sengupta,N.,Koay,E.S.,Tang,J.W.,Underhill,G.S.,Grahn,A.,Studahl,M.,Breuer,J.,Bergstrom,T.	2015-05-21T00:00:00Z								Human alphaherpesvirus 3		10335
KP771893.1			PARTIAL	73	Sweden	Europe									Homo sapiens		9606	true				2010	DE10-2660			124859				73		2015-05-13T00:00:00Z		GenBank		University College London, Division of Infection and Immunity	United Kingdom	Norberg,P.,Depledge,D.P.,Kundu,S.,Atkinson,C.,Brown,J.,Haque,T.,Hussaini,Y.,MacMahon,E.,Molyneaux,P.,Papaevangelou,V.,Sengupta,N.,Koay,E.S.,Tang,J.W.,Underhill,G.S.,Grahn,A.,Studahl,M.,Breuer,J.,Bergstrom,T.	2015-05-21T00:00:00Z								Human alphaherpesvirus 3		10335
KP771894.1			PARTIAL	73	Sweden	Europe									Homo sapiens		9606	true				2010	DE10-2704			124814				73		2015-05-13T00:00:00Z		GenBank		University College London, Division of Infection and Immunity	United Kingdom	Norberg,P.,Depledge,D.P.,Kundu,S.,Atkinson,C.,Brown,J.,Haque,T.,Hussaini,Y.,MacMahon,E.,Molyneaux,P.,Papaevangelou,V.,Sengupta,N.,Koay,E.S.,Tang,J.W.,Underhill,G.S.,Grahn,A.,Studahl,M.,Breuer,J.,Bergstrom,T.	2015-05-21T00:00:00Z								Human alphaherpesvirus 3		10335
KP771895.1			PARTIAL	73	Sweden	Europe									Homo sapiens		9606	true				2010	DE10-3378			124875				73		2015-05-13T00:00:00Z		GenBank		University College London, Division of Infection and Immunity	United Kingdom	Norberg,P.,Depledge,D.P.,Kundu,S.,Atkinson,C.,Brown,J.,Haque,T.,Hussaini,Y.,MacMahon,E.,Molyneaux,P.,Papaevangelou,V.,Sengupta,N.,Koay,E.S.,Tang,J.W.,Underhill,G.S.,Grahn,A.,Studahl,M.,Breuer,J.,Bergstrom,T.	2015-05-21T00:00:00Z								Human alphaherpesvirus 3		10335
KP771896.1			PARTIAL	73	Sweden	Europe									Homo sapiens		9606	true				2010	DE10-4367			124864				73		2015-05-13T00:00:00Z		GenBank		University College London, Division of Infection and Immunity	United Kingdom	Norberg,P.,Depledge,D.P.,Kundu,S.,Atkinson,C.,Brown,J.,Haque,T.,Hussaini,Y.,MacMahon,E.,Molyneaux,P.,Papaevangelou,V.,Sengupta,N.,Koay,E.S.,Tang,J.W.,Underhill,G.S.,Grahn,A.,Studahl,M.,Breuer,J.,Bergstrom,T.	2015-05-21T00:00:00Z								Human alphaherpesvirus 3		10335
KP771897.1			PARTIAL	73	Sweden	Europe									Homo sapiens		9606	true				2010	DE10-4582			124866				73		2015-05-13T00:00:00Z		GenBank		University College London, Division of Infection and Immunity	United Kingdom	Norberg,P.,Depledge,D.P.,Kundu,S.,Atkinson,C.,Brown,J.,Haque,T.,Hussaini,Y.,MacMahon,E.,Molyneaux,P.,Papaevangelou,V.,Sengupta,N.,Koay,E.S.,Tang,J.W.,Underhill,G.S.,Grahn,A.,Studahl,M.,Breuer,J.,Bergstrom,T.	2015-05-21T00:00:00Z								Human alphaherpesvirus 3		10335
KP771898.1			PARTIAL	73	Sweden	Europe									Homo sapiens		9606	true				2010	DE10-5454			124856				73		2015-05-13T00:00:00Z		GenBank		University College London, Division of Infection and Immunity	United Kingdom	Norberg,P.,Depledge,D.P.,Kundu,S.,Atkinson,C.,Brown,J.,Haque,T.,Hussaini,Y.,MacMahon,E.,Molyneaux,P.,Papaevangelou,V.,Sengupta,N.,Koay,E.S.,Tang,J.W.,Underhill,G.S.,Grahn,A.,Studahl,M.,Breuer,J.,Bergstrom,T.	2015-05-21T00:00:00Z								Human alphaherpesvirus 3		10335
KP771899.1			PARTIAL	73	Sweden	Europe									Homo sapiens		9606	true				2010	DE10-567			124877				73		2015-05-13T00:00:00Z		GenBank		University College London, Division of Infection and Immunity	United Kingdom	Norberg,P.,Depledge,D.P.,Kundu,S.,Atkinson,C.,Brown,J.,Haque,T.,Hussaini,Y.,MacMahon,E.,Molyneaux,P.,Papaevangelou,V.,Sengupta,N.,Koay,E.S.,Tang,J.W.,Underhill,G.S.,Grahn,A.,Studahl,M.,Breuer,J.,Bergstrom,T.	2015-05-21T00:00:00Z								Human alphaherpesvirus 3		10335
KP771900.1			PARTIAL	73	Sweden	Europe									Homo sapiens		9606	true				2010	DE10-581			124830				73		2015-05-13T00:00:00Z		GenBank		University College London, Division of Infection and Immunity	United Kingdom	Norberg,P.,Depledge,D.P.,Kundu,S.,Atkinson,C.,Brown,J.,Haque,T.,Hussaini,Y.,MacMahon,E.,Molyneaux,P.,Papaevangelou,V.,Sengupta,N.,Koay,E.S.,Tang,J.W.,Underhill,G.S.,Grahn,A.,Studahl,M.,Breuer,J.,Bergstrom,T.	2015-05-21T00:00:00Z								Human alphaherpesvirus 3		10335
KP771901.1			PARTIAL	73	Sweden	Europe									Homo sapiens		9606	true				2010	KV6-2313			124855				73		2015-05-13T00:00:00Z		GenBank		University College London, Division of Infection and Immunity	United Kingdom	Norberg,P.,Depledge,D.P.,Kundu,S.,Atkinson,C.,Brown,J.,Haque,T.,Hussaini,Y.,MacMahon,E.,Molyneaux,P.,Papaevangelou,V.,Sengupta,N.,Koay,E.S.,Tang,J.W.,Underhill,G.S.,Grahn,A.,Studahl,M.,Breuer,J.,Bergstrom,T.	2015-05-21T00:00:00Z								Human alphaherpesvirus 3		10335
KP771902.1			PARTIAL	73	Sweden	Europe									Homo sapiens		9606	true				2010	KV6-3127			124836				73		2015-05-13T00:00:00Z		GenBank		University College London, Division of Infection and Immunity	United Kingdom	Norberg,P.,Depledge,D.P.,Kundu,S.,Atkinson,C.,Brown,J.,Haque,T.,Hussaini,Y.,MacMahon,E.,Molyneaux,P.,Papaevangelou,V.,Sengupta,N.,Koay,E.S.,Tang,J.W.,Underhill,G.S.,Grahn,A.,Studahl,M.,Breuer,J.,Bergstrom,T.	2015-05-21T00:00:00Z								Human alphaherpesvirus 3		10335
KP771903.1			PARTIAL	73	Sweden	Europe									Homo sapiens		9606	true				2010	KV8-1390			124878				73		2015-05-13T00:00:00Z		GenBank		University College London, Division of Infection and Immunity	United Kingdom	Norberg,P.,Depledge,D.P.,Kundu,S.,Atkinson,C.,Brown,J.,Haque,T.,Hussaini,Y.,MacMahon,E.,Molyneaux,P.,Papaevangelou,V.,Sengupta,N.,Koay,E.S.,Tang,J.W.,Underhill,G.S.,Grahn,A.,Studahl,M.,Breuer,J.,Bergstrom,T.	2015-05-21T00:00:00Z								Human alphaherpesvirus 3		10335
KP771904.1			PARTIAL	73	United Kingdom	Europe									Homo sapiens		9606	true				2009-02-24	Var/Cli/BAL/UK/2402/2009			124862				73		2015-05-13T00:00:00Z		GenBank		University College London, Division of Infection and Immunity	United Kingdom	Norberg,P.,Depledge,D.P.,Kundu,S.,Atkinson,C.,Brown,J.,Haque,T.,Hussaini,Y.,MacMahon,E.,Molyneaux,P.,Papaevangelou,V.,Sengupta,N.,Koay,E.S.,Tang,J.W.,Underhill,G.S.,Grahn,A.,Studahl,M.,Breuer,J.,Bergstrom,T.	2015-05-21T00:00:00Z								Human alphaherpesvirus 3		10335
KP771905.1			PARTIAL	73	United Kingdom	Europe									Homo sapiens		9606	true				2012-01-10	Var/Cli/UK/BAL/1001/2012			124829				73		2015-05-13T00:00:00Z		GenBank		University College London, Division of Infection and Immunity	United Kingdom	Norberg,P.,Depledge,D.P.,Kundu,S.,Atkinson,C.,Brown,J.,Haque,T.,Hussaini,Y.,MacMahon,E.,Molyneaux,P.,Papaevangelou,V.,Sengupta,N.,Koay,E.S.,Tang,J.W.,Underhill,G.S.,Grahn,A.,Studahl,M.,Breuer,J.,Bergstrom,T.	2015-05-21T00:00:00Z								Human alphaherpesvirus 3		10335
KP771906.1			PARTIAL	73	United Kingdom	Europe									Homo sapiens		9606	true				2012-01-13	Var/Cli/UK/BLD/1401/2012			124850				73		2015-05-13T00:00:00Z		GenBank		University College London, Division of Infection and Immunity	United Kingdom	Norberg,P.,Depledge,D.P.,Kundu,S.,Atkinson,C.,Brown,J.,Haque,T.,Hussaini,Y.,MacMahon,E.,Molyneaux,P.,Papaevangelou,V.,Sengupta,N.,Koay,E.S.,Tang,J.W.,Underhill,G.S.,Grahn,A.,Studahl,M.,Breuer,J.,Bergstrom,T.	2015-05-21T00:00:00Z								Human alphaherpesvirus 3		10335
KP771907.1			PARTIAL	73	United Kingdom	Europe									Homo sapiens		9606	true				2013-02-01	Var/Cli/UK/CSF/0102/2013			124854				73		2015-05-13T00:00:00Z		GenBank		University College London, Division of Infection and Immunity	United Kingdom	Norberg,P.,Depledge,D.P.,Kundu,S.,Atkinson,C.,Brown,J.,Haque,T.,Hussaini,Y.,MacMahon,E.,Molyneaux,P.,Papaevangelou,V.,Sengupta,N.,Koay,E.S.,Tang,J.W.,Underhill,G.S.,Grahn,A.,Studahl,M.,Breuer,J.,Bergstrom,T.	2015-05-21T00:00:00Z								Human alphaherpesvirus 3		10335
KP771908.1			PARTIAL	73	United Kingdom	Europe									Homo sapiens		9606	true				2012-12-29	Var/Cli/UK/CSF/2912/2012			124852				73		2015-05-13T00:00:00Z		GenBank		University College London, Division of Infection and Immunity	United Kingdom	Norberg,P.,Depledge,D.P.,Kundu,S.,Atkinson,C.,Brown,J.,Haque,T.,Hussaini,Y.,MacMahon,E.,Molyneaux,P.,Papaevangelou,V.,Sengupta,N.,Koay,E.S.,Tang,J.W.,Underhill,G.S.,Grahn,A.,Studahl,M.,Breuer,J.,Bergstrom,T.	2015-05-21T00:00:00Z								Human alphaherpesvirus 3		10335
KP771909.1			PARTIAL	73	United Kingdom	Europe									Homo sapiens		9606	true				2013-01-02	Var/Cli/UK/Ves/0201/2013			124853				73		2015-05-13T00:00:00Z		GenBank		University College London, Division of Infection and Immunity	United Kingdom	Norberg,P.,Depledge,D.P.,Kundu,S.,Atkinson,C.,Brown,J.,Haque,T.,Hussaini,Y.,MacMahon,E.,Molyneaux,P.,Papaevangelou,V.,Sengupta,N.,Koay,E.S.,Tang,J.W.,Underhill,G.S.,Grahn,A.,Studahl,M.,Breuer,J.,Bergstrom,T.	2015-05-21T00:00:00Z								Human alphaherpesvirus 3		10335
KP771910.1			PARTIAL	73	United Kingdom	Europe									Homo sapiens		9606	true				2013-06-07	Var/Cli/UK/Ves/0706/2013			124799				73		2015-05-13T00:00:00Z		GenBank		University College London, Division of Infection and Immunity	United Kingdom	Norberg,P.,Depledge,D.P.,Kundu,S.,Atkinson,C.,Brown,J.,Haque,T.,Hussaini,Y.,MacMahon,E.,Molyneaux,P.,Papaevangelou,V.,Sengupta,N.,Koay,E.S.,Tang,J.W.,Underhill,G.S.,Grahn,A.,Studahl,M.,Breuer,J.,Bergstrom,T.	2015-05-21T00:00:00Z								Human alphaherpesvirus 3		10335
KP771911.1			PARTIAL	71	United Kingdom	Europe									Homo sapiens		9606	true				2013-01-13	Var/Cli/UK/Ves/1301/2013			123822				71		2015-05-13T00:00:00Z		GenBank		University College London, Division of Infection and Immunity	United Kingdom	Norberg,P.,Depledge,D.P.,Kundu,S.,Atkinson,C.,Brown,J.,Haque,T.,Hussaini,Y.,MacMahon,E.,Molyneaux,P.,Papaevangelou,V.,Sengupta,N.,Koay,E.S.,Tang,J.W.,Underhill,G.S.,Grahn,A.,Studahl,M.,Breuer,J.,Bergstrom,T.	2015-05-21T00:00:00Z								Human alphaherpesvirus 3		10335
KP771912.1			PARTIAL	73	United Kingdom	Europe									Homo sapiens		9606	true				2013-03-22	Var/Cli/UK/Ves/2203/2013			124818				73		2015-05-13T00:00:00Z		GenBank		University College London, Division of Infection and Immunity	United Kingdom	Norberg,P.,Depledge,D.P.,Kundu,S.,Atkinson,C.,Brown,J.,Haque,T.,Hussaini,Y.,MacMahon,E.,Molyneaux,P.,Papaevangelou,V.,Sengupta,N.,Koay,E.S.,Tang,J.W.,Underhill,G.S.,Grahn,A.,Studahl,M.,Breuer,J.,Bergstrom,T.	2015-05-21T00:00:00Z								Human alphaherpesvirus 3		10335
KP771913.1			PARTIAL	73	United Kingdom	Europe									Homo sapiens		9606	true				2013-03-24	Var/Cli/UK/Ves/2403/2013			124758				73		2015-05-13T00:00:00Z		GenBank		University College London, Division of Infection and Immunity	United Kingdom	Norberg,P.,Depledge,D.P.,Kundu,S.,Atkinson,C.,Brown,J.,Haque,T.,Hussaini,Y.,MacMahon,E.,Molyneaux,P.,Papaevangelou,V.,Sengupta,N.,Koay,E.S.,Tang,J.W.,Underhill,G.S.,Grahn,A.,Studahl,M.,Breuer,J.,Bergstrom,T.	2015-05-21T00:00:00Z								Human alphaherpesvirus 3		10335
KP771914.1			PARTIAL	73	France	Europe									Homo sapiens		9606	true				2013-08-09	Var/Cli/Ves/FRA/98/2013			124822				73		2015-05-13T00:00:00Z		GenBank		University College London, Division of Infection and Immunity	United Kingdom	Norberg,P.,Depledge,D.P.,Kundu,S.,Atkinson,C.,Brown,J.,Haque,T.,Hussaini,Y.,MacMahon,E.,Molyneaux,P.,Papaevangelou,V.,Sengupta,N.,Koay,E.S.,Tang,J.W.,Underhill,G.S.,Grahn,A.,Studahl,M.,Breuer,J.,Bergstrom,T.	2015-05-21T00:00:00Z								Human alphaherpesvirus 3		10335
KP771915.1			PARTIAL	73	Germany	Europe									Homo sapiens		9606	true				2005-01-03	Var/Cli/Ves/GER/31/2005			124858				73		2015-05-13T00:00:00Z		GenBank		University College London, Division of Infection and Immunity	United Kingdom	Norberg,P.,Depledge,D.P.,Kundu,S.,Atkinson,C.,Brown,J.,Haque,T.,Hussaini,Y.,MacMahon,E.,Molyneaux,P.,Papaevangelou,V.,Sengupta,N.,Koay,E.S.,Tang,J.W.,Underhill,G.S.,Grahn,A.,Studahl,M.,Breuer,J.,Bergstrom,T.	2015-05-21T00:00:00Z								Human alphaherpesvirus 3		10335
KP771916.1			PARTIAL	73	Germany	Europe									Homo sapiens		9606	true				2010-03-04	Var/Cli/Ves/GER/43/2006			124827				73		2015-05-13T00:00:00Z		GenBank		University College London, Division of Infection and Immunity	United Kingdom	Norberg,P.,Depledge,D.P.,Kundu,S.,Atkinson,C.,Brown,J.,Haque,T.,Hussaini,Y.,MacMahon,E.,Molyneaux,P.,Papaevangelou,V.,Sengupta,N.,Koay,E.S.,Tang,J.W.,Underhill,G.S.,Grahn,A.,Studahl,M.,Breuer,J.,Bergstrom,T.	2015-05-21T00:00:00Z								Human alphaherpesvirus 3		10335
KP771917.1			PARTIAL	73	Germany	Europe									Homo sapiens		9606	true				2006-03-06	Var/Cli/Ves/GER/63/2006			124846				73		2015-05-13T00:00:00Z		GenBank		University College London, Division of Infection and Immunity	United Kingdom	Norberg,P.,Depledge,D.P.,Kundu,S.,Atkinson,C.,Brown,J.,Haque,T.,Hussaini,Y.,MacMahon,E.,Molyneaux,P.,Papaevangelou,V.,Sengupta,N.,Koay,E.S.,Tang,J.W.,Underhill,G.S.,Grahn,A.,Studahl,M.,Breuer,J.,Bergstrom,T.	2015-05-21T00:00:00Z								Human alphaherpesvirus 3		10335
KP771918.1			PARTIAL	73	Italy	Europe									Homo sapiens		9606	true				2006-01-05	Var/Cli/Ves/ITA/51/2006			124858				73		2015-05-13T00:00:00Z		GenBank		University College London, Division of Infection and Immunity	United Kingdom	Norberg,P.,Depledge,D.P.,Kundu,S.,Atkinson,C.,Brown,J.,Haque,T.,Hussaini,Y.,MacMahon,E.,Molyneaux,P.,Papaevangelou,V.,Sengupta,N.,Koay,E.S.,Tang,J.W.,Underhill,G.S.,Grahn,A.,Studahl,M.,Breuer,J.,Bergstrom,T.	2015-05-21T00:00:00Z								Human alphaherpesvirus 3		10335
KP771919.1			PARTIAL	73	Singapore	Asia									Homo sapiens		9606	true				2008-08-12	Var/Cli/Ves/SING/1308/2008			124832				73		2015-05-13T00:00:00Z		GenBank		University College London, Division of Infection and Immunity	United Kingdom	Norberg,P.,Depledge,D.P.,Kundu,S.,Atkinson,C.,Brown,J.,Haque,T.,Hussaini,Y.,MacMahon,E.,Molyneaux,P.,Papaevangelou,V.,Sengupta,N.,Koay,E.S.,Tang,J.W.,Underhill,G.S.,Grahn,A.,Studahl,M.,Breuer,J.,Bergstrom,T.	2015-05-21T00:00:00Z								Human alphaherpesvirus 3		10335
KP771920.1			PARTIAL	73	United Kingdom	Europe									Homo sapiens		9606	true				2012-01-10	Var/Cli/Ves/UK/1001/2012			124874				73		2015-05-13T00:00:00Z		GenBank		University College London, Division of Infection and Immunity	United Kingdom	Norberg,P.,Depledge,D.P.,Kundu,S.,Atkinson,C.,Brown,J.,Haque,T.,Hussaini,Y.,MacMahon,E.,Molyneaux,P.,Papaevangelou,V.,Sengupta,N.,Koay,E.S.,Tang,J.W.,Underhill,G.S.,Grahn,A.,Studahl,M.,Breuer,J.,Bergstrom,T.	2015-05-21T00:00:00Z								Human alphaherpesvirus 3		10335
KP771921.1			PARTIAL	73	Portugal	Europe									Homo sapiens		9606	true				2010	Ves/Cli/POR/Ves/5001			124792				73		2015-05-13T00:00:00Z		GenBank		University College London, Division of Infection and Immunity	United Kingdom	Norberg,P.,Depledge,D.P.,Kundu,S.,Atkinson,C.,Brown,J.,Haque,T.,Hussaini,Y.,MacMahon,E.,Molyneaux,P.,Papaevangelou,V.,Sengupta,N.,Koay,E.S.,Tang,J.W.,Underhill,G.S.,Grahn,A.,Studahl,M.,Breuer,J.,Bergstrom,T.	2015-05-21T00:00:00Z								Human alphaherpesvirus 3		10335
KP771922.1			PARTIAL	73	Singapore	Asia									Homo sapiens		9606	true				2008-08-10	Zos/Cli/CSF/SING/1008/2008			124824				73		2015-05-13T00:00:00Z		GenBank		University College London, Division of Infection and Immunity	United Kingdom	Norberg,P.,Depledge,D.P.,Kundu,S.,Atkinson,C.,Brown,J.,Haque,T.,Hussaini,Y.,MacMahon,E.,Molyneaux,P.,Papaevangelou,V.,Sengupta,N.,Koay,E.S.,Tang,J.W.,Underhill,G.S.,Grahn,A.,Studahl,M.,Breuer,J.,Bergstrom,T.	2015-05-21T00:00:00Z								Human alphaherpesvirus 3		10335
KP771923.1			PARTIAL	73	Greece	Europe									Homo sapiens		9606	true				2012-03-03	Zos/Cli/GRE/Ves/03/2012			124855				73		2015-05-13T00:00:00Z		GenBank		University College London, Division of Infection and Immunity	United Kingdom	Norberg,P.,Depledge,D.P.,Kundu,S.,Atkinson,C.,Brown,J.,Haque,T.,Hussaini,Y.,MacMahon,E.,Molyneaux,P.,Papaevangelou,V.,Sengupta,N.,Koay,E.S.,Tang,J.W.,Underhill,G.S.,Grahn,A.,Studahl,M.,Breuer,J.,Bergstrom,T.	2015-05-21T00:00:00Z								Human alphaherpesvirus 3		10335
KP771924.1			PARTIAL	73	Nigeria	Africa									Homo sapiens		9606	true				2010	Zos/Cli/Ves/NIG/9			124867				73		2015-05-13T00:00:00Z		GenBank		University College London, Division of Infection and Immunity	United Kingdom	Norberg,P.,Depledge,D.P.,Kundu,S.,Atkinson,C.,Brown,J.,Haque,T.,Hussaini,Y.,MacMahon,E.,Molyneaux,P.,Papaevangelou,V.,Sengupta,N.,Koay,E.S.,Tang,J.W.,Underhill,G.S.,Grahn,A.,Studahl,M.,Breuer,J.,Bergstrom,T.	2015-05-21T00:00:00Z								Human alphaherpesvirus 3		10335
KP771925.1			PARTIAL	73	United Kingdom	Europe									Homo sapiens		9606	true				2012-01-18	Zos/Cli/Ves/UK/1801/2012			124882				73		2015-05-13T00:00:00Z		GenBank		University College London, Division of Infection and Immunity	United Kingdom	Norberg,P.,Depledge,D.P.,Kundu,S.,Atkinson,C.,Brown,J.,Haque,T.,Hussaini,Y.,MacMahon,E.,Molyneaux,P.,Papaevangelou,V.,Sengupta,N.,Koay,E.S.,Tang,J.W.,Underhill,G.S.,Grahn,A.,Studahl,M.,Breuer,J.,Bergstrom,T.	2015-05-21T00:00:00Z								Human alphaherpesvirus 3		10335
KP902647.1			PARTIAL	1	Iran	Asia												true				2010-05-01	IR-893008-8-1			428				1		2015-09-09T00:00:00Z		GenBank		Iran University of Medical Sciences, Medical Virology	Iran	Karbalaie Niya,m.H.,Tavakoli,A.,Bokharaei-Slim,F.,Keyvani,H.	2015-09-09T00:00:00Z								Human alphaherpesvirus 3		10335
KP902648.1			PARTIAL	1	Iran	Asia												true				2010-05-01	IR-900760-14-2			425				1		2015-09-09T00:00:00Z		GenBank		Iran University of Medical Sciences, Medical Virology	Iran	Karbalaie Niya,m.H.,Tavakoli,A.,Bokharaei-Slim,F.,Keyvani,H.	2015-09-09T00:00:00Z								Human alphaherpesvirus 3		10335
KP902649.1			PARTIAL	1	Iran	Asia												true				2010-05-01	IR-904433-11-2			425				1		2015-09-09T00:00:00Z		GenBank		Iran University of Medical Sciences, Medical Virology	Iran	Karbalaie Niya,m.H.,Tavakoli,A.,Bokharaei-Slim,F.,Keyvani,H.	2015-09-09T00:00:00Z								Human alphaherpesvirus 3		10335
KP902650.1			PARTIAL	1	Iran	Asia												true				2010-05-01	IR-9019519-27-1			423				1		2015-09-09T00:00:00Z		GenBank		Iran University of Medical Sciences, Medical Virology	Iran	Karbalaie Niya,m.H.,Tavakoli,A.,Bokharaei-Slim,F.,Keyvani,H.	2015-09-09T00:00:00Z								Human alphaherpesvirus 3		10335
KP902651.1			PARTIAL	1	Iran	Asia												true				2010-05-01	IR-9204715-22-2			427				1		2015-09-09T00:00:00Z		GenBank		Iran University of Medical Sciences, Medical Virology	Iran	Karbalaie Niya,m.H.,Tavakoli,A.,Bokharaei-Slim,F.,Keyvani,H.	2015-09-09T00:00:00Z								Human alphaherpesvirus 3		10335
KP902652.1			PARTIAL	1	Iran	Asia												true				2010-05-01	IR-9226754-23-2			427				1		2015-09-09T00:00:00Z		GenBank		Iran University of Medical Sciences, Medical Virology	Iran	Karbalaie Niya,m.H.,Tavakoli,A.,Bokharaei-Slim,F.,Keyvani,H.	2015-09-09T00:00:00Z								Human alphaherpesvirus 3		10335
KP902653.1			PARTIAL	1	Iran	Asia												true				2010-05-01	IR-9303470-21-2			437				1		2015-09-09T00:00:00Z		GenBank		Iran University of Medical Sciences, Medical Virology	Iran	Karbalaie Niya,m.H.,Tavakoli,A.,Bokharaei-Slim,F.,Keyvani,H.	2015-09-09T00:00:00Z								Human alphaherpesvirus 3		10335
KP902654.1			PARTIAL	1	Iran	Asia												true				2010-05-01	IR-9309101-3-1			419				1		2015-09-09T00:00:00Z		GenBank		Iran University of Medical Sciences, Medical Virology	Iran	Karbalaie Niya,m.H.,Tavakoli,A.,Bokharaei-Slim,F.,Keyvani,H.	2015-09-09T00:00:00Z								Human alphaherpesvirus 3		10335
KP902655.1			PARTIAL	1	Iran	Asia												true				2010-05-01	IR-9310543-4-1			435				1		2015-09-09T00:00:00Z		GenBank		Iran University of Medical Sciences, Medical Virology	Iran	Karbalaie Niya,m.H.,Tavakoli,A.,Bokharaei-Slim,F.,Keyvani,H.	2015-09-09T00:00:00Z								Human alphaherpesvirus 3		10335
KP902656.1			PARTIAL	1	Iran	Asia												true				2010-05-01	IR-9316106-25-2			426				1		2015-09-09T00:00:00Z		GenBank		Iran University of Medical Sciences, Medical Virology	Iran	Karbalaie Niya,m.H.,Tavakoli,A.,Bokharaei-Slim,F.,Keyvani,H.	2015-09-09T00:00:00Z								Human alphaherpesvirus 3		10335
KP902657.1			PARTIAL	1	Iran	Asia												true				2010-05-01	IR-9318856-1-1			422				1		2015-09-09T00:00:00Z		GenBank		Iran University of Medical Sciences, Medical Virology	Iran	Karbalaie Niya,m.H.,Tavakoli,A.,Bokharaei-Slim,F.,Keyvani,H.	2015-09-09T00:00:00Z								Human alphaherpesvirus 3		10335
KP902658.1			PARTIAL	1	Iran	Asia												true				2010-05-01	IR-9318856-2-1			424				1		2015-09-09T00:00:00Z		GenBank		Iran University of Medical Sciences, Medical Virology	Iran	Karbalaie Niya,m.H.,Tavakoli,A.,Bokharaei-Slim,F.,Keyvani,H.	2015-09-09T00:00:00Z								Human alphaherpesvirus 3		10335
KP902659.1			PARTIAL	1	Iran	Asia												true				2010-05-01	IR-9404715-12-2			430				1		2015-09-09T00:00:00Z		GenBank		Iran University of Medical Sciences, Medical Virology	Iran	Karbalaie Niya,m.H.,Tavakoli,A.,Bokharaei-Slim,F.,Keyvani,H.	2015-09-09T00:00:00Z								Human alphaherpesvirus 3		10335
KP902660.1			PARTIAL	1	Iran	Asia												true				2010-05-01	IR-9404715-23-1			425				1		2015-09-09T00:00:00Z		GenBank		Iran University of Medical Sciences, Medical Virology	Iran	Karbalaie Niya,m.H.,Tavakoli,A.,Bokharaei-Slim,F.,Keyvani,H.	2015-09-09T00:00:00Z								Human alphaherpesvirus 3		10335
KT360938.1			PARTIAL	1	Iran	Asia									Homo sapiens		9606	true				2015-05-01	IR-1-4			448				1		2015-12-21T00:00:00Z		GenBank		Iran University of Medical Sciences, Medical Virology	Iran	Karbalaie Niya,M.H.,Tavakoli,A.,Safarnezhad Tameshkel,F.,Bokharaei Salim,F.,Monavari,S.H.R.,Keyvani,H.	2015-12-21T00:00:00Z								Human alphaherpesvirus 3		10335
KT360939.1			PARTIAL	1	Iran	Asia									Homo sapiens		9606	true				2015-05-01	IR-2-4			448				1		2015-12-21T00:00:00Z		GenBank		Iran University of Medical Sciences, Medical Virology	Iran	Karbalaie Niya,M.H.,Tavakoli,A.,Safarnezhad Tameshkel,F.,Bokharaei Salim,F.,Monavari,S.H.R.,Keyvani,H.	2015-12-21T00:00:00Z								Human alphaherpesvirus 3		10335
KT360940.1			PARTIAL	1	Iran	Asia									Homo sapiens		9606	true				2015-05-01	IR-3-4			448				1		2015-12-21T00:00:00Z		GenBank		Iran University of Medical Sciences, Medical Virology	Iran	Karbalaie Niya,M.H.,Tavakoli,A.,Safarnezhad Tameshkel,F.,Bokharaei Salim,F.,Monavari,S.H.R.,Keyvani,H.	2015-12-21T00:00:00Z								Human alphaherpesvirus 3		10335
KT360941.1			PARTIAL	1	Iran	Asia									Homo sapiens		9606	true				2015-05-01	IR-5-3			448				1		2015-12-21T00:00:00Z		GenBank		Iran University of Medical Sciences, Medical Virology	Iran	Karbalaie Niya,M.H.,Tavakoli,A.,Safarnezhad Tameshkel,F.,Bokharaei Salim,F.,Monavari,S.H.R.,Keyvani,H.	2015-12-21T00:00:00Z								Human alphaherpesvirus 3		10335
KT360942.1			PARTIAL	1	Iran	Asia									Homo sapiens		9606	true				2015-05-01	IR-6-3			440				1		2015-12-21T00:00:00Z		GenBank		Iran University of Medical Sciences, Medical Virology	Iran	Karbalaie Niya,M.H.,Tavakoli,A.,Safarnezhad Tameshkel,F.,Bokharaei Salim,F.,Monavari,S.H.R.,Keyvani,H.	2015-12-21T00:00:00Z								Human alphaherpesvirus 3		10335
KU529484.1			PARTIAL	1	France	Europe									Homo sapiens		9606	true				2010	POL_ORF28_VZV2			3585				1		2016-04-04T00:00:00Z		GenBank		AP-HP, Hopitaux Universitaires Pitie Salpetriere Charles Foix, Service de Virologie	France	Perrier,M.,Desire,N.,Deback,C.,Agut,H.,Boutolleau,D.,Burrel,S.	2016-04-04T00:00:00Z								Human alphaherpesvirus 3		10335
KU529485.1			PARTIAL	1	France	Europe									Homo sapiens		9606	true				2010	POL_ORF28_VZV3			3585				1		2016-04-04T00:00:00Z		GenBank		AP-HP, Hopitaux Universitaires Pitie Salpetriere Charles Foix, Service de Virologie	France	Perrier,M.,Desire,N.,Deback,C.,Agut,H.,Boutolleau,D.,Burrel,S.	2016-04-04T00:00:00Z								Human alphaherpesvirus 3		10335
KU529486.1			PARTIAL	1	France	Europe									Homo sapiens		9606	true				2010	POL_ORF28_VZV4			3585				1		2016-04-04T00:00:00Z		GenBank		AP-HP, Hopitaux Universitaires Pitie Salpetriere Charles Foix, Service de Virologie	France	Perrier,M.,Desire,N.,Deback,C.,Agut,H.,Boutolleau,D.,Burrel,S.	2016-04-04T00:00:00Z								Human alphaherpesvirus 3		10335
KU529487.1			PARTIAL	1	France	Europe									Homo sapiens		9606	true				2011	POL_ORF28_VZV5			3585				1		2016-04-04T00:00:00Z		GenBank		AP-HP, Hopitaux Universitaires Pitie Salpetriere Charles Foix, Service de Virologie	France	Perrier,M.,Desire,N.,Deback,C.,Agut,H.,Boutolleau,D.,Burrel,S.	2016-04-04T00:00:00Z								Human alphaherpesvirus 3		10335
KU529488.1			PARTIAL	1	France	Europe									Homo sapiens		9606	true				2011	POL_ORF28_VZV6			3585				1		2016-04-04T00:00:00Z		GenBank		AP-HP, Hopitaux Universitaires Pitie Salpetriere Charles Foix, Service de Virologie	France	Perrier,M.,Desire,N.,Deback,C.,Agut,H.,Boutolleau,D.,Burrel,S.	2016-04-04T00:00:00Z								Human alphaherpesvirus 3		10335
KU529489.1			PARTIAL	1	France	Europe									Homo sapiens		9606	true				2011	POL_ORF28_VZV7			3585				1		2016-04-04T00:00:00Z		GenBank		AP-HP, Hopitaux Universitaires Pitie Salpetriere Charles Foix, Service de Virologie	France	Perrier,M.,Desire,N.,Deback,C.,Agut,H.,Boutolleau,D.,Burrel,S.	2016-04-04T00:00:00Z								Human alphaherpesvirus 3		10335
KU529490.1			PARTIAL	1	France	Europe									Homo sapiens		9606	true				2010	POL_ORF28_VZV8			3585				1		2016-04-04T00:00:00Z		GenBank		AP-HP, Hopitaux Universitaires Pitie Salpetriere Charles Foix, Service de Virologie	France	Perrier,M.,Desire,N.,Deback,C.,Agut,H.,Boutolleau,D.,Burrel,S.	2016-04-04T00:00:00Z								Human alphaherpesvirus 3		10335
KU529491.1			PARTIAL	1	France	Europe									Homo sapiens		9606	true				2010	POL_ORF28_VZV9			3585				1		2016-04-04T00:00:00Z		GenBank		AP-HP, Hopitaux Universitaires Pitie Salpetriere Charles Foix, Service de Virologie	France	Perrier,M.,Desire,N.,Deback,C.,Agut,H.,Boutolleau,D.,Burrel,S.	2016-04-04T00:00:00Z								Human alphaherpesvirus 3		10335
KU529492.1			PARTIAL	1	France	Europe									Homo sapiens		9606	true				2010	POL_ORF28_VZV10			3585				1		2016-04-04T00:00:00Z		GenBank		AP-HP, Hopitaux Universitaires Pitie Salpetriere Charles Foix, Service de Virologie	France	Perrier,M.,Desire,N.,Deback,C.,Agut,H.,Boutolleau,D.,Burrel,S.	2016-04-04T00:00:00Z								Human alphaherpesvirus 3		10335
KU529493.1			PARTIAL	1	France	Europe									Homo sapiens		9606	true				2010	POL_ORF28_VZV11			3585				1		2016-04-04T00:00:00Z		GenBank		AP-HP, Hopitaux Universitaires Pitie Salpetriere Charles Foix, Service de Virologie	France	Perrier,M.,Desire,N.,Deback,C.,Agut,H.,Boutolleau,D.,Burrel,S.	2016-04-04T00:00:00Z								Human alphaherpesvirus 3		10335
KU529494.1			PARTIAL	1	France	Europe									Homo sapiens		9606	true				2010	POL_ORF28_VZV12			3585				1		2016-04-04T00:00:00Z		GenBank		AP-HP, Hopitaux Universitaires Pitie Salpetriere Charles Foix, Service de Virologie	France	Perrier,M.,Desire,N.,Deback,C.,Agut,H.,Boutolleau,D.,Burrel,S.	2016-04-04T00:00:00Z								Human alphaherpesvirus 3		10335
KU529495.1			PARTIAL	1	France	Europe									Homo sapiens		9606	true				2010	POL_ORF28_VZV13			3585				1		2016-04-04T00:00:00Z		GenBank		AP-HP, Hopitaux Universitaires Pitie Salpetriere Charles Foix, Service de Virologie	France	Perrier,M.,Desire,N.,Deback,C.,Agut,H.,Boutolleau,D.,Burrel,S.	2016-04-04T00:00:00Z								Human alphaherpesvirus 3		10335
KU529496.1			PARTIAL	1	France	Europe									Homo sapiens		9606	true				2010	POL_ORF28_VZV14			3585				1		2016-04-04T00:00:00Z		GenBank		AP-HP, Hopitaux Universitaires Pitie Salpetriere Charles Foix, Service de Virologie	France	Perrier,M.,Desire,N.,Deback,C.,Agut,H.,Boutolleau,D.,Burrel,S.	2016-04-04T00:00:00Z								Human alphaherpesvirus 3		10335
KU529497.1			PARTIAL	1	France	Europe									Homo sapiens		9606	true				2010	POL_ORF28_VZV15			3585				1		2016-04-04T00:00:00Z		GenBank		AP-HP, Hopitaux Universitaires Pitie Salpetriere Charles Foix, Service de Virologie	France	Perrier,M.,Desire,N.,Deback,C.,Agut,H.,Boutolleau,D.,Burrel,S.	2016-04-04T00:00:00Z								Human alphaherpesvirus 3		10335
KU529498.1			PARTIAL	1	France	Europe									Homo sapiens		9606	true				2011	POL_ORF28_VZV16			3585				1		2016-04-04T00:00:00Z		GenBank		AP-HP, Hopitaux Universitaires Pitie Salpetriere Charles Foix, Service de Virologie	France	Perrier,M.,Desire,N.,Deback,C.,Agut,H.,Boutolleau,D.,Burrel,S.	2016-04-04T00:00:00Z								Human alphaherpesvirus 3		10335
KU529499.1			PARTIAL	1	France	Europe									Homo sapiens		9606	true				2011	POL_ORF28_VZV17			3585				1		2016-04-04T00:00:00Z		GenBank		AP-HP, Hopitaux Universitaires Pitie Salpetriere Charles Foix, Service de Virologie	France	Perrier,M.,Desire,N.,Deback,C.,Agut,H.,Boutolleau,D.,Burrel,S.	2016-04-04T00:00:00Z								Human alphaherpesvirus 3		10335
KU529500.1			PARTIAL	1	France	Europe									Homo sapiens		9606	true				2011	POL_ORF28_VZV18			3585				1		2016-04-04T00:00:00Z		GenBank		AP-HP, Hopitaux Universitaires Pitie Salpetriere Charles Foix, Service de Virologie	France	Perrier,M.,Desire,N.,Deback,C.,Agut,H.,Boutolleau,D.,Burrel,S.	2016-04-04T00:00:00Z								Human alphaherpesvirus 3		10335
KU529501.1			PARTIAL	1	France	Europe									Homo sapiens		9606	true				2011	POL_ORF28_VZV19			3585				1		2016-04-04T00:00:00Z		GenBank		AP-HP, Hopitaux Universitaires Pitie Salpetriere Charles Foix, Service de Virologie	France	Perrier,M.,Desire,N.,Deback,C.,Agut,H.,Boutolleau,D.,Burrel,S.	2016-04-04T00:00:00Z								Human alphaherpesvirus 3		10335
KU529502.1			PARTIAL	1	France	Europe									Homo sapiens		9606	true				2011	POL_ORF28_VZV20			3585				1		2016-04-04T00:00:00Z		GenBank		AP-HP, Hopitaux Universitaires Pitie Salpetriere Charles Foix, Service de Virologie	France	Perrier,M.,Desire,N.,Deback,C.,Agut,H.,Boutolleau,D.,Burrel,S.	2016-04-04T00:00:00Z								Human alphaherpesvirus 3		10335
KU529503.1			PARTIAL	1	France	Europe									Homo sapiens		9606	true				2011	POL_ORF28_VZV21			3585				1		2016-04-04T00:00:00Z		GenBank		AP-HP, Hopitaux Universitaires Pitie Salpetriere Charles Foix, Service de Virologie	France	Perrier,M.,Desire,N.,Deback,C.,Agut,H.,Boutolleau,D.,Burrel,S.	2016-04-04T00:00:00Z								Human alphaherpesvirus 3		10335
KU529504.1			PARTIAL	1	France	Europe									Homo sapiens		9606	true				2011	POL_ORF28_VZV22			3585				1		2016-04-04T00:00:00Z		GenBank		AP-HP, Hopitaux Universitaires Pitie Salpetriere Charles Foix, Service de Virologie	France	Perrier,M.,Desire,N.,Deback,C.,Agut,H.,Boutolleau,D.,Burrel,S.	2016-04-04T00:00:00Z								Human alphaherpesvirus 3		10335
KU529505.1			PARTIAL	1	France	Europe									Homo sapiens		9606	true				2011	POL_ORF28_VZV23			3585				1		2016-04-04T00:00:00Z		GenBank		AP-HP, Hopitaux Universitaires Pitie Salpetriere Charles Foix, Service de Virologie	France	Perrier,M.,Desire,N.,Deback,C.,Agut,H.,Boutolleau,D.,Burrel,S.	2016-04-04T00:00:00Z								Human alphaherpesvirus 3		10335
KU529506.1			PARTIAL	1	France	Europe									Homo sapiens		9606	true				2011	POL_ORF28_VZV24			3585				1		2016-04-04T00:00:00Z		GenBank		AP-HP, Hopitaux Universitaires Pitie Salpetriere Charles Foix, Service de Virologie	France	Perrier,M.,Desire,N.,Deback,C.,Agut,H.,Boutolleau,D.,Burrel,S.	2016-04-04T00:00:00Z								Human alphaherpesvirus 3		10335
KU529507.1			PARTIAL	1	France	Europe									Homo sapiens		9606	true				2010	POL_ORF28_VZV25			3585				1		2016-04-04T00:00:00Z		GenBank		AP-HP, Hopitaux Universitaires Pitie Salpetriere Charles Foix, Service de Virologie	France	Perrier,M.,Desire,N.,Deback,C.,Agut,H.,Boutolleau,D.,Burrel,S.	2016-04-04T00:00:00Z								Human alphaherpesvirus 3		10335
KU529508.1			PARTIAL	1	France	Europe									Homo sapiens		9606	true				2010	POL_ORF28_VZV26			3585				1		2016-04-04T00:00:00Z		GenBank		AP-HP, Hopitaux Universitaires Pitie Salpetriere Charles Foix, Service de Virologie	France	Perrier,M.,Desire,N.,Deback,C.,Agut,H.,Boutolleau,D.,Burrel,S.	2016-04-04T00:00:00Z								Human alphaherpesvirus 3		10335
KU529509.1			PARTIAL	1	France	Europe									Homo sapiens		9606	true				2010	POL_ORF28_VZV27			3585				1		2016-04-04T00:00:00Z		GenBank		AP-HP, Hopitaux Universitaires Pitie Salpetriere Charles Foix, Service de Virologie	France	Perrier,M.,Desire,N.,Deback,C.,Agut,H.,Boutolleau,D.,Burrel,S.	2016-04-04T00:00:00Z								Human alphaherpesvirus 3		10335
KU529510.1			PARTIAL	1	France	Europe									Homo sapiens		9606	true				2010	POL_ORF28_VZV28			3585				1		2016-04-04T00:00:00Z		GenBank		AP-HP, Hopitaux Universitaires Pitie Salpetriere Charles Foix, Service de Virologie	France	Perrier,M.,Desire,N.,Deback,C.,Agut,H.,Boutolleau,D.,Burrel,S.	2016-04-04T00:00:00Z								Human alphaherpesvirus 3		10335
KU529511.1			PARTIAL	1	France	Europe									Homo sapiens		9606	true				2010	POL_ORF28_VZV29			3585				1		2016-04-04T00:00:00Z		GenBank		AP-HP, Hopitaux Universitaires Pitie Salpetriere Charles Foix, Service de Virologie	France	Perrier,M.,Desire,N.,Deback,C.,Agut,H.,Boutolleau,D.,Burrel,S.	2016-04-04T00:00:00Z								Human alphaherpesvirus 3		10335
KU529512.1			PARTIAL	1	France	Europe									Homo sapiens		9606	true				2010	POL_ORF28_VZV30			3585				1		2016-04-04T00:00:00Z		GenBank		AP-HP, Hopitaux Universitaires Pitie Salpetriere Charles Foix, Service de Virologie	France	Perrier,M.,Desire,N.,Deback,C.,Agut,H.,Boutolleau,D.,Burrel,S.	2016-04-04T00:00:00Z								Human alphaherpesvirus 3		10335
KU529513.1			PARTIAL	1	France	Europe									Homo sapiens		9606	true				2010	POL_ORF28_VZV31			3585				1		2016-04-04T00:00:00Z		GenBank		AP-HP, Hopitaux Universitaires Pitie Salpetriere Charles Foix, Service de Virologie	France	Perrier,M.,Desire,N.,Deback,C.,Agut,H.,Boutolleau,D.,Burrel,S.	2016-04-04T00:00:00Z								Human alphaherpesvirus 3		10335
KU529514.1			PARTIAL	1	France	Europe									Homo sapiens		9606	true				2010	POL_ORF28_VZV32			3585				1		2016-04-04T00:00:00Z		GenBank		AP-HP, Hopitaux Universitaires Pitie Salpetriere Charles Foix, Service de Virologie	France	Perrier,M.,Desire,N.,Deback,C.,Agut,H.,Boutolleau,D.,Burrel,S.	2016-04-04T00:00:00Z								Human alphaherpesvirus 3		10335
KU529515.1			PARTIAL	1	France	Europe									Homo sapiens		9606	true				2010	POL_ORF28_VZV33			3585				1		2016-04-04T00:00:00Z		GenBank		AP-HP, Hopitaux Universitaires Pitie Salpetriere Charles Foix, Service de Virologie	France	Perrier,M.,Desire,N.,Deback,C.,Agut,H.,Boutolleau,D.,Burrel,S.	2016-04-04T00:00:00Z								Human alphaherpesvirus 3		10335
KU529516.1			PARTIAL	1	France	Europe									Homo sapiens		9606	true				2010	POL_ORF28_VZV34			3585				1		2016-04-04T00:00:00Z		GenBank		AP-HP, Hopitaux Universitaires Pitie Salpetriere Charles Foix, Service de Virologie	France	Perrier,M.,Desire,N.,Deback,C.,Agut,H.,Boutolleau,D.,Burrel,S.	2016-04-04T00:00:00Z								Human alphaherpesvirus 3		10335
KU529517.1			PARTIAL	1	France	Europe									Homo sapiens		9606	true				2009	POL_ORF28_VZV35			3585				1		2016-04-04T00:00:00Z		GenBank		AP-HP, Hopitaux Universitaires Pitie Salpetriere Charles Foix, Service de Virologie	France	Perrier,M.,Desire,N.,Deback,C.,Agut,H.,Boutolleau,D.,Burrel,S.	2016-04-04T00:00:00Z								Human alphaherpesvirus 3		10335
KU529518.1			PARTIAL	1	France	Europe									Homo sapiens		9606	true				2009	POL_ORF28_VZV36			3585				1		2016-04-04T00:00:00Z		GenBank		AP-HP, Hopitaux Universitaires Pitie Salpetriere Charles Foix, Service de Virologie	France	Perrier,M.,Desire,N.,Deback,C.,Agut,H.,Boutolleau,D.,Burrel,S.	2016-04-04T00:00:00Z								Human alphaherpesvirus 3		10335
KU529519.1			PARTIAL	1	France	Europe									Homo sapiens		9606	true				2010	POL_ORF28_VZV37			3585				1		2016-04-04T00:00:00Z		GenBank		AP-HP, Hopitaux Universitaires Pitie Salpetriere Charles Foix, Service de Virologie	France	Perrier,M.,Desire,N.,Deback,C.,Agut,H.,Boutolleau,D.,Burrel,S.	2016-04-04T00:00:00Z								Human alphaherpesvirus 3		10335
KU529520.1			PARTIAL	1	France	Europe									Homo sapiens		9606	true				2010	POL_ORF28_VZV38			3585				1		2016-04-04T00:00:00Z		GenBank		AP-HP, Hopitaux Universitaires Pitie Salpetriere Charles Foix, Service de Virologie	France	Perrier,M.,Desire,N.,Deback,C.,Agut,H.,Boutolleau,D.,Burrel,S.	2016-04-04T00:00:00Z								Human alphaherpesvirus 3		10335
KU529521.1			PARTIAL	1	France	Europe									Homo sapiens		9606	true				2010	POL_ORF28_VZV39			3585				1		2016-04-04T00:00:00Z		GenBank		AP-HP, Hopitaux Universitaires Pitie Salpetriere Charles Foix, Service de Virologie	France	Perrier,M.,Desire,N.,Deback,C.,Agut,H.,Boutolleau,D.,Burrel,S.	2016-04-04T00:00:00Z								Human alphaherpesvirus 3		10335
KU529522.1			PARTIAL	1	France	Europe									Homo sapiens		9606	true				2010	POL_ORF28_VZV40			3585				1		2016-04-04T00:00:00Z		GenBank		AP-HP, Hopitaux Universitaires Pitie Salpetriere Charles Foix, Service de Virologie	France	Perrier,M.,Desire,N.,Deback,C.,Agut,H.,Boutolleau,D.,Burrel,S.	2016-04-04T00:00:00Z								Human alphaherpesvirus 3		10335
KU529523.1			PARTIAL	1	France	Europe									Homo sapiens		9606	true				2010	POL_ORF28_VZV41			3585				1		2016-04-04T00:00:00Z		GenBank		AP-HP, Hopitaux Universitaires Pitie Salpetriere Charles Foix, Service de Virologie	France	Perrier,M.,Desire,N.,Deback,C.,Agut,H.,Boutolleau,D.,Burrel,S.	2016-04-04T00:00:00Z								Human alphaherpesvirus 3		10335
KU529524.1			PARTIAL	1	France	Europe									Homo sapiens		9606	true				2010	POL_ORF28_VZV42			3585				1		2016-04-04T00:00:00Z		GenBank		AP-HP, Hopitaux Universitaires Pitie Salpetriere Charles Foix, Service de Virologie	France	Perrier,M.,Desire,N.,Deback,C.,Agut,H.,Boutolleau,D.,Burrel,S.	2016-04-04T00:00:00Z								Human alphaherpesvirus 3		10335
KU529525.1			PARTIAL	1	France	Europe									Homo sapiens		9606	true				2010	POL_ORF28_VZV43			3585				1		2016-04-04T00:00:00Z		GenBank		AP-HP, Hopitaux Universitaires Pitie Salpetriere Charles Foix, Service de Virologie	France	Perrier,M.,Desire,N.,Deback,C.,Agut,H.,Boutolleau,D.,Burrel,S.	2016-04-04T00:00:00Z								Human alphaherpesvirus 3		10335
KU529526.1			PARTIAL	1	France	Europe									Homo sapiens		9606	true				2010	POL_ORF28_VZV44			3585				1		2016-04-04T00:00:00Z		GenBank		AP-HP, Hopitaux Universitaires Pitie Salpetriere Charles Foix, Service de Virologie	France	Perrier,M.,Desire,N.,Deback,C.,Agut,H.,Boutolleau,D.,Burrel,S.	2016-04-04T00:00:00Z								Human alphaherpesvirus 3		10335
KU529527.1			PARTIAL	1	France	Europe									Homo sapiens		9606	true				2010	POL_ORF28_VZV45			3585				1		2016-04-04T00:00:00Z		GenBank		AP-HP, Hopitaux Universitaires Pitie Salpetriere Charles Foix, Service de Virologie	France	Perrier,M.,Desire,N.,Deback,C.,Agut,H.,Boutolleau,D.,Burrel,S.	2016-04-04T00:00:00Z								Human alphaherpesvirus 3		10335
KU529528.1			PARTIAL	1	France	Europe									Homo sapiens		9606	true				2010	POL_ORF28_VZV46			3585				1		2016-04-04T00:00:00Z		GenBank		AP-HP, Hopitaux Universitaires Pitie Salpetriere Charles Foix, Service de Virologie	France	Perrier,M.,Desire,N.,Deback,C.,Agut,H.,Boutolleau,D.,Burrel,S.	2016-04-04T00:00:00Z								Human alphaherpesvirus 3		10335
KU529529.1			PARTIAL	1	France	Europe									Homo sapiens		9606	true				2010	POL_ORF28_VZV47			3585				1		2016-04-04T00:00:00Z		GenBank		AP-HP, Hopitaux Universitaires Pitie Salpetriere Charles Foix, Service de Virologie	France	Perrier,M.,Desire,N.,Deback,C.,Agut,H.,Boutolleau,D.,Burrel,S.	2016-04-04T00:00:00Z								Human alphaherpesvirus 3		10335
KU529530.1			PARTIAL	1	France	Europe									Homo sapiens		9606	true				2009	POL_ORF28_VZV48			3585				1		2016-04-04T00:00:00Z		GenBank		AP-HP, Hopitaux Universitaires Pitie Salpetriere Charles Foix, Service de Virologie	France	Perrier,M.,Desire,N.,Deback,C.,Agut,H.,Boutolleau,D.,Burrel,S.	2016-04-04T00:00:00Z								Human alphaherpesvirus 3		10335
KU529531.1			PARTIAL	1	France	Europe									Homo sapiens		9606	true				2009	POL_ORF28_VZV49			3585				1		2016-04-04T00:00:00Z		GenBank		AP-HP, Hopitaux Universitaires Pitie Salpetriere Charles Foix, Service de Virologie	France	Perrier,M.,Desire,N.,Deback,C.,Agut,H.,Boutolleau,D.,Burrel,S.	2016-04-04T00:00:00Z								Human alphaherpesvirus 3		10335
KU529532.1			PARTIAL	1	France	Europe									Homo sapiens		9606	true				2007	POL_ORF28_VZV50			3585				1		2016-04-04T00:00:00Z		GenBank		AP-HP, Hopitaux Universitaires Pitie Salpetriere Charles Foix, Service de Virologie	France	Perrier,M.,Desire,N.,Deback,C.,Agut,H.,Boutolleau,D.,Burrel,S.	2016-04-04T00:00:00Z								Human alphaherpesvirus 3		10335
KU529533.1			PARTIAL	1	France	Europe									Homo sapiens		9606	true				2007	POL_ORF28_VZV51			3585				1		2016-04-04T00:00:00Z		GenBank		AP-HP, Hopitaux Universitaires Pitie Salpetriere Charles Foix, Service de Virologie	France	Perrier,M.,Desire,N.,Deback,C.,Agut,H.,Boutolleau,D.,Burrel,S.	2016-04-04T00:00:00Z								Human alphaherpesvirus 3		10335
KU529534.1			PARTIAL	1	France	Europe									Homo sapiens		9606	true				2008	POL_ORF28_VZV52			3585				1		2016-04-04T00:00:00Z		GenBank		AP-HP, Hopitaux Universitaires Pitie Salpetriere Charles Foix, Service de Virologie	France	Perrier,M.,Desire,N.,Deback,C.,Agut,H.,Boutolleau,D.,Burrel,S.	2016-04-04T00:00:00Z								Human alphaherpesvirus 3		10335
KU529535.1			PARTIAL	1	France	Europe									Homo sapiens		9606	true				2008	POL_ORF28_VZV53			3585				1		2016-04-04T00:00:00Z		GenBank		AP-HP, Hopitaux Universitaires Pitie Salpetriere Charles Foix, Service de Virologie	France	Perrier,M.,Desire,N.,Deback,C.,Agut,H.,Boutolleau,D.,Burrel,S.	2016-04-04T00:00:00Z								Human alphaherpesvirus 3		10335
KU529536.1			PARTIAL	1	France	Europe									Homo sapiens		9606	true				2008	POL_ORF28_VZV54			3585				1		2016-04-04T00:00:00Z		GenBank		AP-HP, Hopitaux Universitaires Pitie Salpetriere Charles Foix, Service de Virologie	France	Perrier,M.,Desire,N.,Deback,C.,Agut,H.,Boutolleau,D.,Burrel,S.	2016-04-04T00:00:00Z								Human alphaherpesvirus 3		10335
KU529537.1			PARTIAL	1	France	Europe									Homo sapiens		9606	true				2008	POL_ORF28_VZV55			3585				1		2016-04-04T00:00:00Z		GenBank		AP-HP, Hopitaux Universitaires Pitie Salpetriere Charles Foix, Service de Virologie	France	Perrier,M.,Desire,N.,Deback,C.,Agut,H.,Boutolleau,D.,Burrel,S.	2016-04-04T00:00:00Z								Human alphaherpesvirus 3		10335
KU529538.1			PARTIAL	1	France	Europe									Homo sapiens		9606	true				2008	POL_ORF28_VZV56			3585				1		2016-04-04T00:00:00Z		GenBank		AP-HP, Hopitaux Universitaires Pitie Salpetriere Charles Foix, Service de Virologie	France	Perrier,M.,Desire,N.,Deback,C.,Agut,H.,Boutolleau,D.,Burrel,S.	2016-04-04T00:00:00Z								Human alphaherpesvirus 3		10335
KU529539.1			PARTIAL	1	France	Europe									Homo sapiens		9606	true				2009	POL_ORF28_VZV57			3585				1		2016-04-04T00:00:00Z		GenBank		AP-HP, Hopitaux Universitaires Pitie Salpetriere Charles Foix, Service de Virologie	France	Perrier,M.,Desire,N.,Deback,C.,Agut,H.,Boutolleau,D.,Burrel,S.	2016-04-04T00:00:00Z								Human alphaherpesvirus 3		10335
KU529540.1			PARTIAL	1	France	Europe									Homo sapiens		9606	true				2009	POL_ORF28_VZV58			3585				1		2016-04-04T00:00:00Z		GenBank		AP-HP, Hopitaux Universitaires Pitie Salpetriere Charles Foix, Service de Virologie	France	Perrier,M.,Desire,N.,Deback,C.,Agut,H.,Boutolleau,D.,Burrel,S.	2016-04-04T00:00:00Z								Human alphaherpesvirus 3		10335
KU529541.1			PARTIAL	1	France	Europe									Homo sapiens		9606	true				2009	POL_ORF28_VZV59			3585				1		2016-04-04T00:00:00Z		GenBank		AP-HP, Hopitaux Universitaires Pitie Salpetriere Charles Foix, Service de Virologie	France	Perrier,M.,Desire,N.,Deback,C.,Agut,H.,Boutolleau,D.,Burrel,S.	2016-04-04T00:00:00Z								Human alphaherpesvirus 3		10335
KU529542.1			PARTIAL	1	France	Europe									Homo sapiens		9606	true				2009	POL_ORF28_VZV60			3585				1		2016-04-04T00:00:00Z		GenBank		AP-HP, Hopitaux Universitaires Pitie Salpetriere Charles Foix, Service de Virologie	France	Perrier,M.,Desire,N.,Deback,C.,Agut,H.,Boutolleau,D.,Burrel,S.	2016-04-04T00:00:00Z								Human alphaherpesvirus 3		10335
KU529543.1			PARTIAL	1	France	Europe									Homo sapiens		9606	true				2009	POL_ORF28_VZV61			3585				1		2016-04-04T00:00:00Z		GenBank		AP-HP, Hopitaux Universitaires Pitie Salpetriere Charles Foix, Service de Virologie	France	Perrier,M.,Desire,N.,Deback,C.,Agut,H.,Boutolleau,D.,Burrel,S.	2016-04-04T00:00:00Z								Human alphaherpesvirus 3		10335
KU529544.1			PARTIAL	1	France	Europe									Homo sapiens		9606	true				2009	POL_ORF28_VZV62			3585				1		2016-04-04T00:00:00Z		GenBank		AP-HP, Hopitaux Universitaires Pitie Salpetriere Charles Foix, Service de Virologie	France	Perrier,M.,Desire,N.,Deback,C.,Agut,H.,Boutolleau,D.,Burrel,S.	2016-04-04T00:00:00Z								Human alphaherpesvirus 3		10335
KU529545.1			PARTIAL	1	France	Europe									Homo sapiens		9606	true				2009	POL_ORF28_VZV63			3585				1		2016-04-04T00:00:00Z		GenBank		AP-HP, Hopitaux Universitaires Pitie Salpetriere Charles Foix, Service de Virologie	France	Perrier,M.,Desire,N.,Deback,C.,Agut,H.,Boutolleau,D.,Burrel,S.	2016-04-04T00:00:00Z								Human alphaherpesvirus 3		10335
KU529546.1			PARTIAL	1	France	Europe									Homo sapiens		9606	true				2009	POL_ORF28_VZV64			3585				1		2016-04-04T00:00:00Z		GenBank		AP-HP, Hopitaux Universitaires Pitie Salpetriere Charles Foix, Service de Virologie	France	Perrier,M.,Desire,N.,Deback,C.,Agut,H.,Boutolleau,D.,Burrel,S.	2016-04-04T00:00:00Z								Human alphaherpesvirus 3		10335
KU529547.1			PARTIAL	1	France	Europe									Homo sapiens		9606	true				2009	POL_ORF28_VZV65			3585				1		2016-04-04T00:00:00Z		GenBank		AP-HP, Hopitaux Universitaires Pitie Salpetriere Charles Foix, Service de Virologie	France	Perrier,M.,Desire,N.,Deback,C.,Agut,H.,Boutolleau,D.,Burrel,S.	2016-04-04T00:00:00Z								Human alphaherpesvirus 3		10335
KU529548.1			PARTIAL	1	France	Europe									Homo sapiens		9606	true				2009	POL_ORF28_VZV66			3585				1		2016-04-04T00:00:00Z		GenBank		AP-HP, Hopitaux Universitaires Pitie Salpetriere Charles Foix, Service de Virologie	France	Perrier,M.,Desire,N.,Deback,C.,Agut,H.,Boutolleau,D.,Burrel,S.	2016-04-04T00:00:00Z								Human alphaherpesvirus 3		10335
KU529549.1			PARTIAL	1	France	Europe									Homo sapiens		9606	true				2009	POL_ORF28_VZV67			3585				1		2016-04-04T00:00:00Z		GenBank		AP-HP, Hopitaux Universitaires Pitie Salpetriere Charles Foix, Service de Virologie	France	Perrier,M.,Desire,N.,Deback,C.,Agut,H.,Boutolleau,D.,Burrel,S.	2016-04-04T00:00:00Z								Human alphaherpesvirus 3		10335
KU529550.1			PARTIAL	1	France	Europe									Homo sapiens		9606	true				2010	POL_ORF28_VZV68			3585				1		2016-04-04T00:00:00Z		GenBank		AP-HP, Hopitaux Universitaires Pitie Salpetriere Charles Foix, Service de Virologie	France	Perrier,M.,Desire,N.,Deback,C.,Agut,H.,Boutolleau,D.,Burrel,S.	2016-04-04T00:00:00Z								Human alphaherpesvirus 3		10335
KU529551.1			PARTIAL	1	France	Europe									Homo sapiens		9606	true				2010	POL_ORF28_VZV69			3585				1		2016-04-04T00:00:00Z		GenBank		AP-HP, Hopitaux Universitaires Pitie Salpetriere Charles Foix, Service de Virologie	France	Perrier,M.,Desire,N.,Deback,C.,Agut,H.,Boutolleau,D.,Burrel,S.	2016-04-04T00:00:00Z								Human alphaherpesvirus 3		10335
KU529552.1			PARTIAL	1	France	Europe									Homo sapiens		9606	true				2010	POL_ORF28_VZV70			3585				1		2016-04-04T00:00:00Z		GenBank		AP-HP, Hopitaux Universitaires Pitie Salpetriere Charles Foix, Service de Virologie	France	Perrier,M.,Desire,N.,Deback,C.,Agut,H.,Boutolleau,D.,Burrel,S.	2016-04-04T00:00:00Z								Human alphaherpesvirus 3		10335
KU529553.1			PARTIAL	1	France	Europe									Homo sapiens		9606	true				2010	POL_ORF28_VZV71			3585				1		2016-04-04T00:00:00Z		GenBank		AP-HP, Hopitaux Universitaires Pitie Salpetriere Charles Foix, Service de Virologie	France	Perrier,M.,Desire,N.,Deback,C.,Agut,H.,Boutolleau,D.,Burrel,S.	2016-04-04T00:00:00Z								Human alphaherpesvirus 3		10335
KU529554.1			PARTIAL	1	France	Europe									Homo sapiens		9606	true				2010	POL_ORF28_VZV72			3585				1		2016-04-04T00:00:00Z		GenBank		AP-HP, Hopitaux Universitaires Pitie Salpetriere Charles Foix, Service de Virologie	France	Perrier,M.,Desire,N.,Deback,C.,Agut,H.,Boutolleau,D.,Burrel,S.	2016-04-04T00:00:00Z								Human alphaherpesvirus 3		10335
KU529555.1			PARTIAL	1	France	Europe									Homo sapiens		9606	true				2010	POL_ORF28_VZV73			3585				1		2016-04-04T00:00:00Z		GenBank		AP-HP, Hopitaux Universitaires Pitie Salpetriere Charles Foix, Service de Virologie	France	Perrier,M.,Desire,N.,Deback,C.,Agut,H.,Boutolleau,D.,Burrel,S.	2016-04-04T00:00:00Z								Human alphaherpesvirus 3		10335
KU529556.1			PARTIAL	1	France	Europe									Homo sapiens		9606	true				2011	POL_ORF28_VZV74			3585				1		2016-04-04T00:00:00Z		GenBank		AP-HP, Hopitaux Universitaires Pitie Salpetriere Charles Foix, Service de Virologie	France	Perrier,M.,Desire,N.,Deback,C.,Agut,H.,Boutolleau,D.,Burrel,S.	2016-04-04T00:00:00Z								Human alphaherpesvirus 3		10335
KU529557.1			PARTIAL	1	France	Europe									Homo sapiens		9606	true				2011	POL_ORF28_VZV75			3585				1		2016-04-04T00:00:00Z		GenBank		AP-HP, Hopitaux Universitaires Pitie Salpetriere Charles Foix, Service de Virologie	France	Perrier,M.,Desire,N.,Deback,C.,Agut,H.,Boutolleau,D.,Burrel,S.	2016-04-04T00:00:00Z								Human alphaherpesvirus 3		10335
KU529558.1			PARTIAL	1	France	Europe									Homo sapiens		9606	true				2011	POL_ORF28_VZV76			3585				1		2016-04-04T00:00:00Z		GenBank		AP-HP, Hopitaux Universitaires Pitie Salpetriere Charles Foix, Service de Virologie	France	Perrier,M.,Desire,N.,Deback,C.,Agut,H.,Boutolleau,D.,Burrel,S.	2016-04-04T00:00:00Z								Human alphaherpesvirus 3		10335
KU529559.1			PARTIAL	1	France	Europe									Homo sapiens		9606	true				2009	POL_ORF28_VZV77			3585				1		2016-04-04T00:00:00Z		GenBank		AP-HP, Hopitaux Universitaires Pitie Salpetriere Charles Foix, Service de Virologie	France	Perrier,M.,Desire,N.,Deback,C.,Agut,H.,Boutolleau,D.,Burrel,S.	2016-04-04T00:00:00Z								Human alphaherpesvirus 3		10335
KU529560.1			PARTIAL	1	France	Europe									Homo sapiens		9606	true				2011	POL_ORF28_VZV78			3585				1		2016-04-04T00:00:00Z		GenBank		AP-HP, Hopitaux Universitaires Pitie Salpetriere Charles Foix, Service de Virologie	France	Perrier,M.,Desire,N.,Deback,C.,Agut,H.,Boutolleau,D.,Burrel,S.	2016-04-04T00:00:00Z								Human alphaherpesvirus 3		10335
KU529561.1			PARTIAL	1	France	Europe									Homo sapiens		9606	true				2009	POL_ORF28_VZV79			3585				1		2016-04-04T00:00:00Z		GenBank		AP-HP, Hopitaux Universitaires Pitie Salpetriere Charles Foix, Service de Virologie	France	Perrier,M.,Desire,N.,Deback,C.,Agut,H.,Boutolleau,D.,Burrel,S.	2016-04-04T00:00:00Z								Human alphaherpesvirus 3		10335
KU529562.1			PARTIAL	1	France	Europe									Homo sapiens		9606	true				2009	POL_ORF28_VZV80			3585				1		2016-04-04T00:00:00Z		GenBank		AP-HP, Hopitaux Universitaires Pitie Salpetriere Charles Foix, Service de Virologie	France	Perrier,M.,Desire,N.,Deback,C.,Agut,H.,Boutolleau,D.,Burrel,S.	2016-04-04T00:00:00Z								Human alphaherpesvirus 3		10335
KU529563.1			PARTIAL	1	France	Europe									Homo sapiens		9606	true				2010	POL_ORF28_VZV81			3585				1		2016-04-04T00:00:00Z		GenBank		AP-HP, Hopitaux Universitaires Pitie Salpetriere Charles Foix, Service de Virologie	France	Perrier,M.,Desire,N.,Deback,C.,Agut,H.,Boutolleau,D.,Burrel,S.	2016-04-04T00:00:00Z								Human alphaherpesvirus 3		10335
KU529564.1			PARTIAL	1	France	Europe									Homo sapiens		9606	true				2009	POL_ORF28_VZV82			3585				1		2016-04-04T00:00:00Z		GenBank		AP-HP, Hopitaux Universitaires Pitie Salpetriere Charles Foix, Service de Virologie	France	Perrier,M.,Desire,N.,Deback,C.,Agut,H.,Boutolleau,D.,Burrel,S.	2016-04-04T00:00:00Z								Human alphaherpesvirus 3		10335
KU529565.1			PARTIAL	1	France	Europe									Homo sapiens		9606	true				2010	POL_ORF28_VZV83			3585				1		2016-04-04T00:00:00Z		GenBank		AP-HP, Hopitaux Universitaires Pitie Salpetriere Charles Foix, Service de Virologie	France	Perrier,M.,Desire,N.,Deback,C.,Agut,H.,Boutolleau,D.,Burrel,S.	2016-04-04T00:00:00Z								Human alphaherpesvirus 3		10335
KU529566.1			PARTIAL	1	France	Europe									Homo sapiens		9606	true				2010	POL_ORF28_VZV84			3585				1		2016-04-04T00:00:00Z		GenBank		AP-HP, Hopitaux Universitaires Pitie Salpetriere Charles Foix, Service de Virologie	France	Perrier,M.,Desire,N.,Deback,C.,Agut,H.,Boutolleau,D.,Burrel,S.	2016-04-04T00:00:00Z								Human alphaherpesvirus 3		10335
KU529567.1			PARTIAL	1	France	Europe									Homo sapiens		9606	true				2010	TK_ORF36_VZV2			1026				1		2016-04-04T00:00:00Z		GenBank		AP-HP, Hopitaux Universitaires Pitie Salpetriere Charles Foix, Service de Virologie	France	Perrier,M.,Desire,N.,Deback,C.,Agut,H.,Boutolleau,D.,Burrel,S.	2016-04-04T00:00:00Z								Human alphaherpesvirus 3		10335
KU529568.1			PARTIAL	1	France	Europe									Homo sapiens		9606	true				2010	TK_ORF36_VZV3			1026				1		2016-04-04T00:00:00Z		GenBank		AP-HP, Hopitaux Universitaires Pitie Salpetriere Charles Foix, Service de Virologie	France	Perrier,M.,Desire,N.,Deback,C.,Agut,H.,Boutolleau,D.,Burrel,S.	2016-04-04T00:00:00Z								Human alphaherpesvirus 3		10335
KU529569.1			PARTIAL	1	France	Europe									Homo sapiens		9606	true				2010	TK_ORF36_VZV4			1026				1		2016-04-04T00:00:00Z		GenBank		AP-HP, Hopitaux Universitaires Pitie Salpetriere Charles Foix, Service de Virologie	France	Perrier,M.,Desire,N.,Deback,C.,Agut,H.,Boutolleau,D.,Burrel,S.	2016-04-04T00:00:00Z								Human alphaherpesvirus 3		10335
KU529570.1			PARTIAL	1	France	Europe									Homo sapiens		9606	true				2011	TK_ORF36_VZV5			1026				1		2016-04-04T00:00:00Z		GenBank		AP-HP, Hopitaux Universitaires Pitie Salpetriere Charles Foix, Service de Virologie	France	Perrier,M.,Desire,N.,Deback,C.,Agut,H.,Boutolleau,D.,Burrel,S.	2016-04-04T00:00:00Z								Human alphaherpesvirus 3		10335
KU529571.1			PARTIAL	1	France	Europe									Homo sapiens		9606	true				2011	TK_ORF36_VZV6			1026				1		2016-04-04T00:00:00Z		GenBank		AP-HP, Hopitaux Universitaires Pitie Salpetriere Charles Foix, Service de Virologie	France	Perrier,M.,Desire,N.,Deback,C.,Agut,H.,Boutolleau,D.,Burrel,S.	2016-04-04T00:00:00Z								Human alphaherpesvirus 3		10335
KU529572.1			PARTIAL	1	France	Europe									Homo sapiens		9606	true				2011	TK_ORF36_VZV7			1026				1		2016-04-04T00:00:00Z		GenBank		AP-HP, Hopitaux Universitaires Pitie Salpetriere Charles Foix, Service de Virologie	France	Perrier,M.,Desire,N.,Deback,C.,Agut,H.,Boutolleau,D.,Burrel,S.	2016-04-04T00:00:00Z								Human alphaherpesvirus 3		10335
KU529573.1			PARTIAL	1	France	Europe									Homo sapiens		9606	true				2010	TK_ORF36_VZV8			1026				1		2016-04-04T00:00:00Z		GenBank		AP-HP, Hopitaux Universitaires Pitie Salpetriere Charles Foix, Service de Virologie	France	Perrier,M.,Desire,N.,Deback,C.,Agut,H.,Boutolleau,D.,Burrel,S.	2016-04-04T00:00:00Z								Human alphaherpesvirus 3		10335
KU529574.1			PARTIAL	1	France	Europe									Homo sapiens		9606	true				2010	TK_ORF36_VZV9			1026				1		2016-04-04T00:00:00Z		GenBank		AP-HP, Hopitaux Universitaires Pitie Salpetriere Charles Foix, Service de Virologie	France	Perrier,M.,Desire,N.,Deback,C.,Agut,H.,Boutolleau,D.,Burrel,S.	2016-04-04T00:00:00Z								Human alphaherpesvirus 3		10335
KU529575.1			PARTIAL	1	France	Europe									Homo sapiens		9606	true				2010	TK_ORF36_VZV10			1026				1		2016-04-04T00:00:00Z		GenBank		AP-HP, Hopitaux Universitaires Pitie Salpetriere Charles Foix, Service de Virologie	France	Perrier,M.,Desire,N.,Deback,C.,Agut,H.,Boutolleau,D.,Burrel,S.	2016-04-04T00:00:00Z								Human alphaherpesvirus 3		10335
KU529576.1			PARTIAL	1	France	Europe									Homo sapiens		9606	true				2010	TK_ORF36_VZV11			1026				1		2016-04-04T00:00:00Z		GenBank		AP-HP, Hopitaux Universitaires Pitie Salpetriere Charles Foix, Service de Virologie	France	Perrier,M.,Desire,N.,Deback,C.,Agut,H.,Boutolleau,D.,Burrel,S.	2016-04-04T00:00:00Z								Human alphaherpesvirus 3		10335
KU529577.1			PARTIAL	1	France	Europe									Homo sapiens		9606	true				2010	TK_ORF36_VZV12			1026				1		2016-04-04T00:00:00Z		GenBank		AP-HP, Hopitaux Universitaires Pitie Salpetriere Charles Foix, Service de Virologie	France	Perrier,M.,Desire,N.,Deback,C.,Agut,H.,Boutolleau,D.,Burrel,S.	2016-04-04T00:00:00Z								Human alphaherpesvirus 3		10335
KU529578.1			PARTIAL	1	France	Europe									Homo sapiens		9606	true				2010	TK_ORF36_VZV13			1026				1		2016-04-04T00:00:00Z		GenBank		AP-HP, Hopitaux Universitaires Pitie Salpetriere Charles Foix, Service de Virologie	France	Perrier,M.,Desire,N.,Deback,C.,Agut,H.,Boutolleau,D.,Burrel,S.	2016-04-04T00:00:00Z								Human alphaherpesvirus 3		10335
KU529579.1			PARTIAL	1	France	Europe									Homo sapiens		9606	true				2010	TK_ORF36_VZV14			1026				1		2016-04-04T00:00:00Z		GenBank		AP-HP, Hopitaux Universitaires Pitie Salpetriere Charles Foix, Service de Virologie	France	Perrier,M.,Desire,N.,Deback,C.,Agut,H.,Boutolleau,D.,Burrel,S.	2016-04-04T00:00:00Z								Human alphaherpesvirus 3		10335
KU529580.1			PARTIAL	1	France	Europe									Homo sapiens		9606	true				2010	TK_ORF36_VZV15			1026				1		2016-04-04T00:00:00Z		GenBank		AP-HP, Hopitaux Universitaires Pitie Salpetriere Charles Foix, Service de Virologie	France	Perrier,M.,Desire,N.,Deback,C.,Agut,H.,Boutolleau,D.,Burrel,S.	2016-04-04T00:00:00Z								Human alphaherpesvirus 3		10335
KU529581.1			PARTIAL	1	France	Europe									Homo sapiens		9606	true				2011	TK_ORF36_VZV16			1026				1		2016-04-04T00:00:00Z		GenBank		AP-HP, Hopitaux Universitaires Pitie Salpetriere Charles Foix, Service de Virologie	France	Perrier,M.,Desire,N.,Deback,C.,Agut,H.,Boutolleau,D.,Burrel,S.	2016-04-04T00:00:00Z								Human alphaherpesvirus 3		10335
KU529582.1			PARTIAL	1	France	Europe									Homo sapiens		9606	true				2011	TK_ORF36_VZV17			1026				1		2016-04-04T00:00:00Z		GenBank		AP-HP, Hopitaux Universitaires Pitie Salpetriere Charles Foix, Service de Virologie	France	Perrier,M.,Desire,N.,Deback,C.,Agut,H.,Boutolleau,D.,Burrel,S.	2016-04-04T00:00:00Z								Human alphaherpesvirus 3		10335
KU529583.1			PARTIAL	1	France	Europe									Homo sapiens		9606	true				2011	TK_ORF36_VZV18			1026				1		2016-04-04T00:00:00Z		GenBank		AP-HP, Hopitaux Universitaires Pitie Salpetriere Charles Foix, Service de Virologie	France	Perrier,M.,Desire,N.,Deback,C.,Agut,H.,Boutolleau,D.,Burrel,S.	2016-04-04T00:00:00Z								Human alphaherpesvirus 3		10335
KU529584.1			PARTIAL	1	France	Europe									Homo sapiens		9606	true				2011	TK_ORF36_VZV19			1026				1		2016-04-04T00:00:00Z		GenBank		AP-HP, Hopitaux Universitaires Pitie Salpetriere Charles Foix, Service de Virologie	France	Perrier,M.,Desire,N.,Deback,C.,Agut,H.,Boutolleau,D.,Burrel,S.	2016-04-04T00:00:00Z								Human alphaherpesvirus 3		10335
KU529585.1			PARTIAL	1	France	Europe									Homo sapiens		9606	true				2011	TK_ORF36_VZV20			1026				1		2016-04-04T00:00:00Z		GenBank		AP-HP, Hopitaux Universitaires Pitie Salpetriere Charles Foix, Service de Virologie	France	Perrier,M.,Desire,N.,Deback,C.,Agut,H.,Boutolleau,D.,Burrel,S.	2016-04-04T00:00:00Z								Human alphaherpesvirus 3		10335
KU529586.1			PARTIAL	1	France	Europe									Homo sapiens		9606	true				2011	TK_ORF36_VZV21			1026				1		2016-04-04T00:00:00Z		GenBank		AP-HP, Hopitaux Universitaires Pitie Salpetriere Charles Foix, Service de Virologie	France	Perrier,M.,Desire,N.,Deback,C.,Agut,H.,Boutolleau,D.,Burrel,S.	2016-04-04T00:00:00Z								Human alphaherpesvirus 3		10335
KU529587.1			PARTIAL	1	France	Europe									Homo sapiens		9606	true				2011	TK_ORF36_VZV22			1026				1		2016-04-04T00:00:00Z		GenBank		AP-HP, Hopitaux Universitaires Pitie Salpetriere Charles Foix, Service de Virologie	France	Perrier,M.,Desire,N.,Deback,C.,Agut,H.,Boutolleau,D.,Burrel,S.	2016-04-04T00:00:00Z								Human alphaherpesvirus 3		10335
KU529588.1			PARTIAL	1	France	Europe									Homo sapiens		9606	true				2011	TK_ORF36_VZV23			1026				1		2016-04-04T00:00:00Z		GenBank		AP-HP, Hopitaux Universitaires Pitie Salpetriere Charles Foix, Service de Virologie	France	Perrier,M.,Desire,N.,Deback,C.,Agut,H.,Boutolleau,D.,Burrel,S.	2016-04-04T00:00:00Z								Human alphaherpesvirus 3		10335
KU529589.1			PARTIAL	1	France	Europe									Homo sapiens		9606	true				2011	TK_ORF36_VZV24			1026				1		2016-04-04T00:00:00Z		GenBank		AP-HP, Hopitaux Universitaires Pitie Salpetriere Charles Foix, Service de Virologie	France	Perrier,M.,Desire,N.,Deback,C.,Agut,H.,Boutolleau,D.,Burrel,S.	2016-04-04T00:00:00Z								Human alphaherpesvirus 3		10335
KU529590.1			PARTIAL	1	France	Europe									Homo sapiens		9606	true				2010	TK_ORF36_VZV25			1026				1		2016-04-04T00:00:00Z		GenBank		AP-HP, Hopitaux Universitaires Pitie Salpetriere Charles Foix, Service de Virologie	France	Perrier,M.,Desire,N.,Deback,C.,Agut,H.,Boutolleau,D.,Burrel,S.	2016-04-04T00:00:00Z								Human alphaherpesvirus 3		10335
KU529591.1			PARTIAL	1	France	Europe									Homo sapiens		9606	true				2010	TK_ORF36_VZV26			1026				1		2016-04-04T00:00:00Z		GenBank		AP-HP, Hopitaux Universitaires Pitie Salpetriere Charles Foix, Service de Virologie	France	Perrier,M.,Desire,N.,Deback,C.,Agut,H.,Boutolleau,D.,Burrel,S.	2016-04-04T00:00:00Z								Human alphaherpesvirus 3		10335
KU529592.1			PARTIAL	1	France	Europe									Homo sapiens		9606	true				2010	TK_ORF36_VZV27			1026				1		2016-04-04T00:00:00Z		GenBank		AP-HP, Hopitaux Universitaires Pitie Salpetriere Charles Foix, Service de Virologie	France	Perrier,M.,Desire,N.,Deback,C.,Agut,H.,Boutolleau,D.,Burrel,S.	2016-04-04T00:00:00Z								Human alphaherpesvirus 3		10335
KU529593.1			PARTIAL	1	France	Europe									Homo sapiens		9606	true				2010	TK_ORF36_VZV28			1026				1		2016-04-04T00:00:00Z		GenBank		AP-HP, Hopitaux Universitaires Pitie Salpetriere Charles Foix, Service de Virologie	France	Perrier,M.,Desire,N.,Deback,C.,Agut,H.,Boutolleau,D.,Burrel,S.	2016-04-04T00:00:00Z								Human alphaherpesvirus 3		10335
KU529594.1			PARTIAL	1	France	Europe									Homo sapiens		9606	true				2010	TK_ORF36_VZV29			1026				1		2016-04-04T00:00:00Z		GenBank		AP-HP, Hopitaux Universitaires Pitie Salpetriere Charles Foix, Service de Virologie	France	Perrier,M.,Desire,N.,Deback,C.,Agut,H.,Boutolleau,D.,Burrel,S.	2016-04-04T00:00:00Z								Human alphaherpesvirus 3		10335
KU529595.1			PARTIAL	1	France	Europe									Homo sapiens		9606	true				2010	TK_ORF36_VZV30			1026				1		2016-04-04T00:00:00Z		GenBank		AP-HP, Hopitaux Universitaires Pitie Salpetriere Charles Foix, Service de Virologie	France	Perrier,M.,Desire,N.,Deback,C.,Agut,H.,Boutolleau,D.,Burrel,S.	2016-04-04T00:00:00Z								Human alphaherpesvirus 3		10335
KU529596.1			PARTIAL	1	France	Europe									Homo sapiens		9606	true				2010	TK_ORF36_VZV31			1026				1		2016-04-04T00:00:00Z		GenBank		AP-HP, Hopitaux Universitaires Pitie Salpetriere Charles Foix, Service de Virologie	France	Perrier,M.,Desire,N.,Deback,C.,Agut,H.,Boutolleau,D.,Burrel,S.	2016-04-04T00:00:00Z								Human alphaherpesvirus 3		10335
KU529597.1			PARTIAL	1	France	Europe									Homo sapiens		9606	true				2010	TK_ORF36_VZV32			1026				1		2016-04-04T00:00:00Z		GenBank		AP-HP, Hopitaux Universitaires Pitie Salpetriere Charles Foix, Service de Virologie	France	Perrier,M.,Desire,N.,Deback,C.,Agut,H.,Boutolleau,D.,Burrel,S.	2016-04-04T00:00:00Z								Human alphaherpesvirus 3		10335
KU529598.1			PARTIAL	1	France	Europe									Homo sapiens		9606	true				2010	TK_ORF36_VZV33			1026				1		2016-04-04T00:00:00Z		GenBank		AP-HP, Hopitaux Universitaires Pitie Salpetriere Charles Foix, Service de Virologie	France	Perrier,M.,Desire,N.,Deback,C.,Agut,H.,Boutolleau,D.,Burrel,S.	2016-04-04T00:00:00Z								Human alphaherpesvirus 3		10335
KU529599.1			PARTIAL	1	France	Europe									Homo sapiens		9606	true				2010	TK_ORF36_VZV34			1026				1		2016-04-04T00:00:00Z		GenBank		AP-HP, Hopitaux Universitaires Pitie Salpetriere Charles Foix, Service de Virologie	France	Perrier,M.,Desire,N.,Deback,C.,Agut,H.,Boutolleau,D.,Burrel,S.	2016-04-04T00:00:00Z								Human alphaherpesvirus 3		10335
KU529600.1			PARTIAL	1	France	Europe									Homo sapiens		9606	true				2009	TK_ORF36_VZV35			1026				1		2016-04-04T00:00:00Z		GenBank		AP-HP, Hopitaux Universitaires Pitie Salpetriere Charles Foix, Service de Virologie	France	Perrier,M.,Desire,N.,Deback,C.,Agut,H.,Boutolleau,D.,Burrel,S.	2016-04-04T00:00:00Z								Human alphaherpesvirus 3		10335
KU529601.1			PARTIAL	1	France	Europe									Homo sapiens		9606	true				2009	TK_ORF36_VZV36			1026				1		2016-04-04T00:00:00Z		GenBank		AP-HP, Hopitaux Universitaires Pitie Salpetriere Charles Foix, Service de Virologie	France	Perrier,M.,Desire,N.,Deback,C.,Agut,H.,Boutolleau,D.,Burrel,S.	2016-04-04T00:00:00Z								Human alphaherpesvirus 3		10335
KU529602.1			PARTIAL	1	France	Europe									Homo sapiens		9606	true				2010	TK_ORF36_VZV37			1026				1		2016-04-04T00:00:00Z		GenBank		AP-HP, Hopitaux Universitaires Pitie Salpetriere Charles Foix, Service de Virologie	France	Perrier,M.,Desire,N.,Deback,C.,Agut,H.,Boutolleau,D.,Burrel,S.	2016-04-04T00:00:00Z								Human alphaherpesvirus 3		10335
KU529603.1			PARTIAL	1	France	Europe									Homo sapiens		9606	true				2010	TK_ORF36_VZV38			1026				1		2016-04-04T00:00:00Z		GenBank		AP-HP, Hopitaux Universitaires Pitie Salpetriere Charles Foix, Service de Virologie	France	Perrier,M.,Desire,N.,Deback,C.,Agut,H.,Boutolleau,D.,Burrel,S.	2016-04-04T00:00:00Z								Human alphaherpesvirus 3		10335
KU529604.1			PARTIAL	1	France	Europe									Homo sapiens		9606	true				2010	TK_ORF36_VZV39			1026				1		2016-04-04T00:00:00Z		GenBank		AP-HP, Hopitaux Universitaires Pitie Salpetriere Charles Foix, Service de Virologie	France	Perrier,M.,Desire,N.,Deback,C.,Agut,H.,Boutolleau,D.,Burrel,S.	2016-04-04T00:00:00Z								Human alphaherpesvirus 3		10335
KU529605.1			PARTIAL	1	France	Europe									Homo sapiens		9606	true				2010	TK_ORF36_VZV40			1026				1		2016-04-04T00:00:00Z		GenBank		AP-HP, Hopitaux Universitaires Pitie Salpetriere Charles Foix, Service de Virologie	France	Perrier,M.,Desire,N.,Deback,C.,Agut,H.,Boutolleau,D.,Burrel,S.	2016-04-04T00:00:00Z								Human alphaherpesvirus 3		10335
KU529606.1			PARTIAL	1	France	Europe									Homo sapiens		9606	true				2010	TK_ORF36_VZV41			1026				1		2016-04-04T00:00:00Z		GenBank		AP-HP, Hopitaux Universitaires Pitie Salpetriere Charles Foix, Service de Virologie	France	Perrier,M.,Desire,N.,Deback,C.,Agut,H.,Boutolleau,D.,Burrel,S.	2016-04-04T00:00:00Z								Human alphaherpesvirus 3		10335
KU529607.1			PARTIAL	1	France	Europe									Homo sapiens		9606	true				2010	TK_ORF36_VZV42			1026				1		2016-04-04T00:00:00Z		GenBank		AP-HP, Hopitaux Universitaires Pitie Salpetriere Charles Foix, Service de Virologie	France	Perrier,M.,Desire,N.,Deback,C.,Agut,H.,Boutolleau,D.,Burrel,S.	2016-04-04T00:00:00Z								Human alphaherpesvirus 3		10335
KU529608.1			PARTIAL	1	France	Europe									Homo sapiens		9606	true				2010	TK_ORF36_VZV43			1026				1		2016-04-04T00:00:00Z		GenBank		AP-HP, Hopitaux Universitaires Pitie Salpetriere Charles Foix, Service de Virologie	France	Perrier,M.,Desire,N.,Deback,C.,Agut,H.,Boutolleau,D.,Burrel,S.	2016-04-04T00:00:00Z								Human alphaherpesvirus 3		10335
KU529609.1			PARTIAL	1	France	Europe									Homo sapiens		9606	true				2010	TK_ORF36_VZV44			1026				1		2016-04-04T00:00:00Z		GenBank		AP-HP, Hopitaux Universitaires Pitie Salpetriere Charles Foix, Service de Virologie	France	Perrier,M.,Desire,N.,Deback,C.,Agut,H.,Boutolleau,D.,Burrel,S.	2016-04-04T00:00:00Z								Human alphaherpesvirus 3		10335
KU529610.1			PARTIAL	1	France	Europe									Homo sapiens		9606	true				2010	TK_ORF36_VZV45			1026				1		2016-04-04T00:00:00Z		GenBank		AP-HP, Hopitaux Universitaires Pitie Salpetriere Charles Foix, Service de Virologie	France	Perrier,M.,Desire,N.,Deback,C.,Agut,H.,Boutolleau,D.,Burrel,S.	2016-04-04T00:00:00Z								Human alphaherpesvirus 3		10335
KU529611.1			PARTIAL	1	France	Europe									Homo sapiens		9606	true				2010	TK_ORF36_VZV46			1026				1		2016-04-04T00:00:00Z		GenBank		AP-HP, Hopitaux Universitaires Pitie Salpetriere Charles Foix, Service de Virologie	France	Perrier,M.,Desire,N.,Deback,C.,Agut,H.,Boutolleau,D.,Burrel,S.	2016-04-04T00:00:00Z								Human alphaherpesvirus 3		10335
KU529612.1			PARTIAL	1	France	Europe									Homo sapiens		9606	true				2010	TK_ORF36_VZV47			1026				1		2016-04-04T00:00:00Z		GenBank		AP-HP, Hopitaux Universitaires Pitie Salpetriere Charles Foix, Service de Virologie	France	Perrier,M.,Desire,N.,Deback,C.,Agut,H.,Boutolleau,D.,Burrel,S.	2016-04-04T00:00:00Z								Human alphaherpesvirus 3		10335
KU529613.1			PARTIAL	1	France	Europe									Homo sapiens		9606	true				2009	TK_ORF36_VZV48			1026				1		2016-04-04T00:00:00Z		GenBank		AP-HP, Hopitaux Universitaires Pitie Salpetriere Charles Foix, Service de Virologie	France	Perrier,M.,Desire,N.,Deback,C.,Agut,H.,Boutolleau,D.,Burrel,S.	2016-04-04T00:00:00Z								Human alphaherpesvirus 3		10335
KU529614.1			PARTIAL	1	France	Europe									Homo sapiens		9606	true				2009	TK_ORF36_VZV49			1026				1		2016-04-04T00:00:00Z		GenBank		AP-HP, Hopitaux Universitaires Pitie Salpetriere Charles Foix, Service de Virologie	France	Perrier,M.,Desire,N.,Deback,C.,Agut,H.,Boutolleau,D.,Burrel,S.	2016-04-04T00:00:00Z								Human alphaherpesvirus 3		10335
KU529615.1			PARTIAL	1	France	Europe									Homo sapiens		9606	true				2007	TK_ORF36_VZV50			1026				1		2016-04-04T00:00:00Z		GenBank		AP-HP, Hopitaux Universitaires Pitie Salpetriere Charles Foix, Service de Virologie	France	Perrier,M.,Desire,N.,Deback,C.,Agut,H.,Boutolleau,D.,Burrel,S.	2016-04-04T00:00:00Z								Human alphaherpesvirus 3		10335
KU529616.1			PARTIAL	1	France	Europe									Homo sapiens		9606	true				2007	TK_ORF36_VZV51			1026				1		2016-04-04T00:00:00Z		GenBank		AP-HP, Hopitaux Universitaires Pitie Salpetriere Charles Foix, Service de Virologie	France	Perrier,M.,Desire,N.,Deback,C.,Agut,H.,Boutolleau,D.,Burrel,S.	2016-04-04T00:00:00Z								Human alphaherpesvirus 3		10335
KU529617.1			PARTIAL	1	France	Europe									Homo sapiens		9606	true				2008	TK_ORF36_VZV52			1026				1		2016-04-04T00:00:00Z		GenBank		AP-HP, Hopitaux Universitaires Pitie Salpetriere Charles Foix, Service de Virologie	France	Perrier,M.,Desire,N.,Deback,C.,Agut,H.,Boutolleau,D.,Burrel,S.	2016-04-04T00:00:00Z								Human alphaherpesvirus 3		10335
KU529618.1			PARTIAL	1	France	Europe									Homo sapiens		9606	true				2008	TK_ORF36_VZV53			1026				1		2016-04-04T00:00:00Z		GenBank		AP-HP, Hopitaux Universitaires Pitie Salpetriere Charles Foix, Service de Virologie	France	Perrier,M.,Desire,N.,Deback,C.,Agut,H.,Boutolleau,D.,Burrel,S.	2016-04-04T00:00:00Z								Human alphaherpesvirus 3		10335
KU529619.1			PARTIAL	1	France	Europe									Homo sapiens		9606	true				2008	TK_ORF36_VZV54			1026				1		2016-04-04T00:00:00Z		GenBank		AP-HP, Hopitaux Universitaires Pitie Salpetriere Charles Foix, Service de Virologie	France	Perrier,M.,Desire,N.,Deback,C.,Agut,H.,Boutolleau,D.,Burrel,S.	2016-04-04T00:00:00Z								Human alphaherpesvirus 3		10335
KU529620.1			PARTIAL	1	France	Europe									Homo sapiens		9606	true				2008	TK_ORF36_VZV55			1026				1		2016-04-04T00:00:00Z		GenBank		AP-HP, Hopitaux Universitaires Pitie Salpetriere Charles Foix, Service de Virologie	France	Perrier,M.,Desire,N.,Deback,C.,Agut,H.,Boutolleau,D.,Burrel,S.	2016-04-04T00:00:00Z								Human alphaherpesvirus 3		10335
KU529621.1			PARTIAL	1	France	Europe									Homo sapiens		9606	true				2008	TK_ORF36_VZV56			1026				1		2016-04-04T00:00:00Z		GenBank		AP-HP, Hopitaux Universitaires Pitie Salpetriere Charles Foix, Service de Virologie	France	Perrier,M.,Desire,N.,Deback,C.,Agut,H.,Boutolleau,D.,Burrel,S.	2016-04-04T00:00:00Z								Human alphaherpesvirus 3		10335
KU529622.1			PARTIAL	1	France	Europe									Homo sapiens		9606	true				2009	TK_ORF36_VZV57			1026				1		2016-04-04T00:00:00Z		GenBank		AP-HP, Hopitaux Universitaires Pitie Salpetriere Charles Foix, Service de Virologie	France	Perrier,M.,Desire,N.,Deback,C.,Agut,H.,Boutolleau,D.,Burrel,S.	2016-04-04T00:00:00Z								Human alphaherpesvirus 3		10335
KU529623.1			PARTIAL	1	France	Europe									Homo sapiens		9606	true				2009	TK_ORF36_VZV58			1026				1		2016-04-04T00:00:00Z		GenBank		AP-HP, Hopitaux Universitaires Pitie Salpetriere Charles Foix, Service de Virologie	France	Perrier,M.,Desire,N.,Deback,C.,Agut,H.,Boutolleau,D.,Burrel,S.	2016-04-04T00:00:00Z								Human alphaherpesvirus 3		10335
KU529624.1			PARTIAL	1	France	Europe									Homo sapiens		9606	true				2009	TK_ORF36_VZV59			1026				1		2016-04-04T00:00:00Z		GenBank		AP-HP, Hopitaux Universitaires Pitie Salpetriere Charles Foix, Service de Virologie	France	Perrier,M.,Desire,N.,Deback,C.,Agut,H.,Boutolleau,D.,Burrel,S.	2016-04-04T00:00:00Z								Human alphaherpesvirus 3		10335
KU529625.1			PARTIAL	1	France	Europe									Homo sapiens		9606	true				2009	TK_ORF36_VZV60			1026				1		2016-04-04T00:00:00Z		GenBank		AP-HP, Hopitaux Universitaires Pitie Salpetriere Charles Foix, Service de Virologie	France	Perrier,M.,Desire,N.,Deback,C.,Agut,H.,Boutolleau,D.,Burrel,S.	2016-04-04T00:00:00Z								Human alphaherpesvirus 3		10335
KU529626.1			PARTIAL	1	France	Europe									Homo sapiens		9606	true				2009	TK_ORF36_VZV61			1026				1		2016-04-04T00:00:00Z		GenBank		AP-HP, Hopitaux Universitaires Pitie Salpetriere Charles Foix, Service de Virologie	France	Perrier,M.,Desire,N.,Deback,C.,Agut,H.,Boutolleau,D.,Burrel,S.	2016-04-04T00:00:00Z								Human alphaherpesvirus 3		10335
KU529627.1			PARTIAL	1	France	Europe									Homo sapiens		9606	true				2009	TK_ORF36_VZV62			1026				1		2016-04-04T00:00:00Z		GenBank		AP-HP, Hopitaux Universitaires Pitie Salpetriere Charles Foix, Service de Virologie	France	Perrier,M.,Desire,N.,Deback,C.,Agut,H.,Boutolleau,D.,Burrel,S.	2016-04-04T00:00:00Z								Human alphaherpesvirus 3		10335
KU529628.1			PARTIAL	1	France	Europe									Homo sapiens		9606	true				2009	TK_ORF36_VZV63			1026				1		2016-04-04T00:00:00Z		GenBank		AP-HP, Hopitaux Universitaires Pitie Salpetriere Charles Foix, Service de Virologie	France	Perrier,M.,Desire,N.,Deback,C.,Agut,H.,Boutolleau,D.,Burrel,S.	2016-04-04T00:00:00Z								Human alphaherpesvirus 3		10335
KU529629.1			PARTIAL	1	France	Europe									Homo sapiens		9606	true				2009	TK_ORF36_VZV64			1026				1		2016-04-04T00:00:00Z		GenBank		AP-HP, Hopitaux Universitaires Pitie Salpetriere Charles Foix, Service de Virologie	France	Perrier,M.,Desire,N.,Deback,C.,Agut,H.,Boutolleau,D.,Burrel,S.	2016-04-04T00:00:00Z								Human alphaherpesvirus 3		10335
KU529630.1			PARTIAL	1	France	Europe									Homo sapiens		9606	true				2009	TK_ORF36_VZV65			1026				1		2016-04-04T00:00:00Z		GenBank		AP-HP, Hopitaux Universitaires Pitie Salpetriere Charles Foix, Service de Virologie	France	Perrier,M.,Desire,N.,Deback,C.,Agut,H.,Boutolleau,D.,Burrel,S.	2016-04-04T00:00:00Z								Human alphaherpesvirus 3		10335
KU529631.1			PARTIAL	1	France	Europe									Homo sapiens		9606	true				2009	TK_ORF36_VZV66			1026				1		2016-04-04T00:00:00Z		GenBank		AP-HP, Hopitaux Universitaires Pitie Salpetriere Charles Foix, Service de Virologie	France	Perrier,M.,Desire,N.,Deback,C.,Agut,H.,Boutolleau,D.,Burrel,S.	2016-04-04T00:00:00Z								Human alphaherpesvirus 3		10335
KU529632.1			PARTIAL	1	France	Europe									Homo sapiens		9606	true				2009	TK_ORF36_VZV67			1026				1		2016-04-04T00:00:00Z		GenBank		AP-HP, Hopitaux Universitaires Pitie Salpetriere Charles Foix, Service de Virologie	France	Perrier,M.,Desire,N.,Deback,C.,Agut,H.,Boutolleau,D.,Burrel,S.	2016-04-04T00:00:00Z								Human alphaherpesvirus 3		10335
KU529633.1			PARTIAL	1	France	Europe									Homo sapiens		9606	true				2010	TK_ORF36_VZV68			1026				1		2016-04-04T00:00:00Z		GenBank		AP-HP, Hopitaux Universitaires Pitie Salpetriere Charles Foix, Service de Virologie	France	Perrier,M.,Desire,N.,Deback,C.,Agut,H.,Boutolleau,D.,Burrel,S.	2016-04-04T00:00:00Z								Human alphaherpesvirus 3		10335
KU529634.1			PARTIAL	1	France	Europe									Homo sapiens		9606	true				2010	TK_ORF36_VZV69			1026				1		2016-04-04T00:00:00Z		GenBank		AP-HP, Hopitaux Universitaires Pitie Salpetriere Charles Foix, Service de Virologie	France	Perrier,M.,Desire,N.,Deback,C.,Agut,H.,Boutolleau,D.,Burrel,S.	2016-04-04T00:00:00Z								Human alphaherpesvirus 3		10335
KU529635.1			PARTIAL	1	France	Europe									Homo sapiens		9606	true				2010	TK_ORF36_VZV70			1026				1		2016-04-04T00:00:00Z		GenBank		AP-HP, Hopitaux Universitaires Pitie Salpetriere Charles Foix, Service de Virologie	France	Perrier,M.,Desire,N.,Deback,C.,Agut,H.,Boutolleau,D.,Burrel,S.	2016-04-04T00:00:00Z								Human alphaherpesvirus 3		10335
KU529636.1			PARTIAL	1	France	Europe									Homo sapiens		9606	true				2010	TK_ORF36_VZV71			1026				1		2016-04-04T00:00:00Z		GenBank		AP-HP, Hopitaux Universitaires Pitie Salpetriere Charles Foix, Service de Virologie	France	Perrier,M.,Desire,N.,Deback,C.,Agut,H.,Boutolleau,D.,Burrel,S.	2016-04-04T00:00:00Z								Human alphaherpesvirus 3		10335
KU529637.1			PARTIAL	1	France	Europe									Homo sapiens		9606	true				2010	TK_ORF36_VZV72			1026				1		2016-04-04T00:00:00Z		GenBank		AP-HP, Hopitaux Universitaires Pitie Salpetriere Charles Foix, Service de Virologie	France	Perrier,M.,Desire,N.,Deback,C.,Agut,H.,Boutolleau,D.,Burrel,S.	2016-04-04T00:00:00Z								Human alphaherpesvirus 3		10335
KU529638.1			PARTIAL	1	France	Europe									Homo sapiens		9606	true				2010	TK_ORF36_VZV73			1026				1		2016-04-04T00:00:00Z		GenBank		AP-HP, Hopitaux Universitaires Pitie Salpetriere Charles Foix, Service de Virologie	France	Perrier,M.,Desire,N.,Deback,C.,Agut,H.,Boutolleau,D.,Burrel,S.	2016-04-04T00:00:00Z								Human alphaherpesvirus 3		10335
KU529639.1			PARTIAL	1	France	Europe									Homo sapiens		9606	true				2011	TK_ORF36_VZV74			1026				1		2016-04-04T00:00:00Z		GenBank		AP-HP, Hopitaux Universitaires Pitie Salpetriere Charles Foix, Service de Virologie	France	Perrier,M.,Desire,N.,Deback,C.,Agut,H.,Boutolleau,D.,Burrel,S.	2016-04-04T00:00:00Z								Human alphaherpesvirus 3		10335
KU529640.1			PARTIAL	1	France	Europe									Homo sapiens		9606	true				2011	TK_ORF36_VZV75			1026				1		2016-04-04T00:00:00Z		GenBank		AP-HP, Hopitaux Universitaires Pitie Salpetriere Charles Foix, Service de Virologie	France	Perrier,M.,Desire,N.,Deback,C.,Agut,H.,Boutolleau,D.,Burrel,S.	2016-04-04T00:00:00Z								Human alphaherpesvirus 3		10335
KU529641.1			PARTIAL	1	France	Europe									Homo sapiens		9606	true				2011	TK_ORF36_VZV76			1026				1		2016-04-04T00:00:00Z		GenBank		AP-HP, Hopitaux Universitaires Pitie Salpetriere Charles Foix, Service de Virologie	France	Perrier,M.,Desire,N.,Deback,C.,Agut,H.,Boutolleau,D.,Burrel,S.	2016-04-04T00:00:00Z								Human alphaherpesvirus 3		10335
KU529642.1			PARTIAL	1	France	Europe									Homo sapiens		9606	true				2009	TK_ORF36_VZV77			1026				1		2016-04-04T00:00:00Z		GenBank		AP-HP, Hopitaux Universitaires Pitie Salpetriere Charles Foix, Service de Virologie	France	Perrier,M.,Desire,N.,Deback,C.,Agut,H.,Boutolleau,D.,Burrel,S.	2016-04-04T00:00:00Z								Human alphaherpesvirus 3		10335
KU529643.1			PARTIAL	1	France	Europe									Homo sapiens		9606	true				2011	TK_ORF36_VZV78			1026				1		2016-04-04T00:00:00Z		GenBank		AP-HP, Hopitaux Universitaires Pitie Salpetriere Charles Foix, Service de Virologie	France	Perrier,M.,Desire,N.,Deback,C.,Agut,H.,Boutolleau,D.,Burrel,S.	2016-04-04T00:00:00Z								Human alphaherpesvirus 3		10335
KU529644.1			PARTIAL	1	France	Europe									Homo sapiens		9606	true				2009	TK_ORF36_VZV79			1026				1		2016-04-04T00:00:00Z		GenBank		AP-HP, Hopitaux Universitaires Pitie Salpetriere Charles Foix, Service de Virologie	France	Perrier,M.,Desire,N.,Deback,C.,Agut,H.,Boutolleau,D.,Burrel,S.	2016-04-04T00:00:00Z								Human alphaherpesvirus 3		10335
KU529645.1			PARTIAL	1	France	Europe									Homo sapiens		9606	true				2009	TK_ORF36_VZV80			1026				1		2016-04-04T00:00:00Z		GenBank		AP-HP, Hopitaux Universitaires Pitie Salpetriere Charles Foix, Service de Virologie	France	Perrier,M.,Desire,N.,Deback,C.,Agut,H.,Boutolleau,D.,Burrel,S.	2016-04-04T00:00:00Z								Human alphaherpesvirus 3		10335
KU529646.1			PARTIAL	1	France	Europe									Homo sapiens		9606	true				2010	TK_ORF36_VZV81			1026				1		2016-04-04T00:00:00Z		GenBank		AP-HP, Hopitaux Universitaires Pitie Salpetriere Charles Foix, Service de Virologie	France	Perrier,M.,Desire,N.,Deback,C.,Agut,H.,Boutolleau,D.,Burrel,S.	2016-04-04T00:00:00Z								Human alphaherpesvirus 3		10335
KU529647.1			PARTIAL	1	France	Europe									Homo sapiens		9606	true				2009	TK_ORF36_VZV82			1026				1		2016-04-04T00:00:00Z		GenBank		AP-HP, Hopitaux Universitaires Pitie Salpetriere Charles Foix, Service de Virologie	France	Perrier,M.,Desire,N.,Deback,C.,Agut,H.,Boutolleau,D.,Burrel,S.	2016-04-04T00:00:00Z								Human alphaherpesvirus 3		10335
KU529648.1			PARTIAL	1	France	Europe									Homo sapiens		9606	true				2010	TK_ORF36_VZV83			1026				1		2016-04-04T00:00:00Z		GenBank		AP-HP, Hopitaux Universitaires Pitie Salpetriere Charles Foix, Service de Virologie	France	Perrier,M.,Desire,N.,Deback,C.,Agut,H.,Boutolleau,D.,Burrel,S.	2016-04-04T00:00:00Z								Human alphaherpesvirus 3		10335
KU529649.1			PARTIAL	1	France	Europe									Homo sapiens		9606	true				2010	TK_ORF36_VZV84			1026				1		2016-04-04T00:00:00Z		GenBank		AP-HP, Hopitaux Universitaires Pitie Salpetriere Charles Foix, Service de Virologie	France	Perrier,M.,Desire,N.,Deback,C.,Agut,H.,Boutolleau,D.,Burrel,S.	2016-04-04T00:00:00Z								Human alphaherpesvirus 3		10335
KU926311.1			COMPLETE	74	South Korea	Asia												true				2014	ATCC VR-1367			124789				74		2016-07-17T00:00:00Z		GenBank		Chungbuk National University, Microbiology	Korea	Jeon,J.S.,Won,Y.H.,Kim,I.K.,Ahn,J.H.,Shin,O.S.,Kim,J.H.,Lee,C.H.	2016-07-17T00:00:00Z								Human alphaherpesvirus 3		10335
KU926312.1			COMPLETE	74	South Korea	Asia												true				2013	Suduvax Lot No. 08-027			124767				74		2016-07-17T00:00:00Z		GenBank		Chungbuk National University, Microbiology	Korea	Jeon,J.S.,Won,Y.H.,Kim,I.K.,Ahn,J.H.,Shin,O.S.,Kim,J.H.,Lee,C.H.	2016-07-17T00:00:00Z								Human alphaherpesvirus 3		10335
KU926313.1			COMPLETE	74	South Korea	Asia												true				2012	Varilrix Lot No. A70CB482A			124825				74		2016-07-17T00:00:00Z		GenBank		Chungbuk National University, Microbiology	Korea	Jeon,J.S.,Won,Y.H.,Kim,I.K.,Ahn,J.H.,Shin,O.S.,Kim,J.H.,Lee,C.H.	2016-07-17T00:00:00Z								Human alphaherpesvirus 3		10335
KU926314.1			COMPLETE	74	South Korea	Asia												true				2012	Varivax Lot No. R1291			124816				74		2016-07-17T00:00:00Z		GenBank		Chungbuk National University, Microbiology	Korea	Jeon,J.S.,Won,Y.H.,Kim,I.K.,Ahn,J.H.,Shin,O.S.,Kim,J.H.,Lee,C.H.	2016-07-17T00:00:00Z								Human alphaherpesvirus 3		10335
KU926315.1			COMPLETE	74	South Korea	Asia									Homo sapiens		9606	true				2012	YC01			125135				74		2016-07-17T00:00:00Z		GenBank		Chungbuk National University, Microbiology	Korea	Jeon,J.S.,Won,Y.H.,Kim,I.K.,Ahn,J.H.,Shin,O.S.,Kim,J.H.,Lee,C.H.	2016-07-17T00:00:00Z								Human alphaherpesvirus 3		10335
KU926316.1			COMPLETE	74	South Korea	Asia									Homo sapiens		9606	true				2012	YC01			125134				74		2016-07-17T00:00:00Z		GenBank		Chungbuk National University, Microbiology	Korea	Jeon,J.S.,Won,Y.H.,Kim,I.K.,Ahn,J.H.,Shin,O.S.,Kim,J.H.,Lee,C.H.	2016-07-17T00:00:00Z								Human alphaherpesvirus 3		10335
KU926317.1			COMPLETE	74	South Korea	Asia									Homo sapiens		9606	true				2012	YC01			125138				74		2016-07-17T00:00:00Z		GenBank		Chungbuk National University, Microbiology	Korea	Jeon,J.S.,Won,Y.H.,Kim,I.K.,Ahn,J.H.,Shin,O.S.,Kim,J.H.,Lee,C.H.	2016-07-17T00:00:00Z								Human alphaherpesvirus 3		10335
KU926318.1			COMPLETE	74	South Korea	Asia									Homo sapiens		9606	true				2012	YC01			125120				72		2016-07-17T00:00:00Z		GenBank		Chungbuk National University, Microbiology	Korea	Jeon,J.S.,Won,Y.H.,Kim,I.K.,Ahn,J.H.,Shin,O.S.,Kim,J.H.,Lee,C.H.	2016-07-17T00:00:00Z								Human alphaherpesvirus 3		10335
KU926319.1			COMPLETE	74	South Korea	Asia									Homo sapiens		9606	true				2012	YC02			125121				74		2016-07-17T00:00:00Z		GenBank		Chungbuk National University, Microbiology	Korea	Jeon,J.S.,Won,Y.H.,Kim,I.K.,Ahn,J.H.,Shin,O.S.,Kim,J.H.,Lee,C.H.	2016-07-17T00:00:00Z								Human alphaherpesvirus 3		10335
KU926320.1			COMPLETE	74	South Korea	Asia									Homo sapiens		9606	true				2012	YC02			125131				74		2016-07-17T00:00:00Z		GenBank		Chungbuk National University, Microbiology	Korea	Jeon,J.S.,Won,Y.H.,Kim,I.K.,Ahn,J.H.,Shin,O.S.,Kim,J.H.,Lee,C.H.	2016-07-17T00:00:00Z								Human alphaherpesvirus 3		10335
KU926321.1			COMPLETE	74	South Korea	Asia									Homo sapiens		9606	true				2012	YC03			125150				74		2016-07-17T00:00:00Z		GenBank		Chungbuk National University, Microbiology	Korea	Jeon,J.S.,Won,Y.H.,Kim,I.K.,Ahn,J.H.,Shin,O.S.,Kim,J.H.,Lee,C.H.	2016-07-17T00:00:00Z								Human alphaherpesvirus 3		10335
KU926322.1			COMPLETE	74	South Korea	Asia									Homo sapiens		9606	true				2012	YC03			125141				74		2016-07-17T00:00:00Z		GenBank		Chungbuk National University, Microbiology	Korea	Jeon,J.S.,Won,Y.H.,Kim,I.K.,Ahn,J.H.,Shin,O.S.,Kim,J.H.,Lee,C.H.	2016-07-17T00:00:00Z								Human alphaherpesvirus 3		10335
KX262864.1			PARTIAL	73	United Kingdom	Europe									Homo sapiens		9606	true				2013-03-08	Var/Cli/UK/Ves/0803/2013			124852				73		2016-09-13T00:00:00Z		GenBank		University College London, Division of Infection and Immunity	United Kingdom	Depledge,D.P.,Brown,J.,Macanovic,J.,Underhill,G.,Breuer,J.	2016-09-13T00:00:00Z								Human alphaherpesvirus 3		10335
KX262865.1			PARTIAL	73	United Kingdom	Europe									Homo sapiens		9606	true				2013-10-13	Var/Cli/UK/Ves/1310/2013			124862				73		2016-09-13T00:00:00Z		GenBank		University College London, Division of Infection and Immunity	United Kingdom	Depledge,D.P.,Brown,J.,Macanovic,J.,Underhill,G.,Breuer,J.	2016-09-13T00:00:00Z								Human alphaherpesvirus 3		10335
KX262866.1			PARTIAL	73	United Kingdom	Europe									Homo sapiens		9606	true				2013-09-29	Var/Cli/UK/Ves/2909/2013			124873				73		2016-09-13T00:00:00Z		GenBank		University College London, Division of Infection and Immunity	United Kingdom	Depledge,D.P.,Brown,J.,Macanovic,J.,Underhill,G.,Breuer,J.	2016-09-13T00:00:00Z								Human alphaherpesvirus 3		10335
KX352173.1			PARTIAL	1	Brazil: Para, Ananindeua	South America									Homo sapiens		9606	true				2011	VZVs/Belem.BRA/51.11/Z[1or3]			436				1		2016-12-21T00:00:00Z		GenBank		Instituto Evandro Chagas, Virology	Brazil	Costa,M.R.M.,Monteiro,T.A.F.,Linhares,A.C.,Costa,I.B.,Kaiano,J.H.L.,Oliveira,D.S.,Ramos,F.L.P.,Sousa,R.C.M.	2016-12-21T00:00:00Z								Human alphaherpesvirus 3		10335
KX352174.1			PARTIAL	1	Brazil: Para, Belem	South America									Homo sapiens		9606	true				2012	VZVs/Ananindeua.BRA/07.12/V[1or3]			448				1		2016-12-21T00:00:00Z		GenBank		Instituto Evandro Chagas, Virology	Brazil	Costa,M.R.M.,Monteiro,T.A.F.,Linhares,A.C.,Costa,I.B.,Kaiano,J.H.L.,Oliveira,D.S.,Ramos,F.L.P.,Sousa,R.C.M.	2016-12-21T00:00:00Z								Human alphaherpesvirus 3		10335
KX352175.1			PARTIAL	1	Brazil: Para, Belem	South America									Homo sapiens		9606	true				2012	VZVs/Belem.BRA/08.12/V[1or3]			448				1		2016-12-21T00:00:00Z		GenBank		Instituto Evandro Chagas, Virology	Brazil	Costa,M.R.M.,Monteiro,T.A.F.,Linhares,A.C.,Costa,I.B.,Kaiano,J.H.L.,Oliveira,D.S.,Ramos,F.L.P.,Sousa,R.C.M.	2016-12-21T00:00:00Z								Human alphaherpesvirus 3		10335
KX352176.1			PARTIAL	1	Brazil: Para, Ananindeua	South America									Homo sapiens		9606	true				2012	VZVs/Ananindeua.BRA/10.12/Z[1or3]			448				1		2016-12-21T00:00:00Z		GenBank		Instituto Evandro Chagas, Virology	Brazil	Costa,M.R.M.,Monteiro,T.A.F.,Linhares,A.C.,Costa,I.B.,Kaiano,J.H.L.,Oliveira,D.S.,Ramos,F.L.P.,Sousa,R.C.M.	2016-12-21T00:00:00Z								Human alphaherpesvirus 3		10335
KX352177.1			PARTIAL	1	Brazil: Para, Ananindeua	South America									Homo sapiens		9606	true				2012	VZVs/Ananindeua.BRA/18.12/V[1or3]			448				1		2016-12-21T00:00:00Z		GenBank		Instituto Evandro Chagas, Virology	Brazil	Costa,M.R.M.,Monteiro,T.A.F.,Linhares,A.C.,Costa,I.B.,Kaiano,J.H.L.,Oliveira,D.S.,Ramos,F.L.P.,Sousa,R.C.M.	2016-12-21T00:00:00Z								Human alphaherpesvirus 3		10335
KX352178.1			PARTIAL	1	Brazil: Para, Belem	South America									Homo sapiens		9606	true				2012	VZVs/Belem.BRA/18.12/V[1or3]			448				1		2016-12-21T00:00:00Z		GenBank		Instituto Evandro Chagas, Virology	Brazil	Costa,M.R.M.,Monteiro,T.A.F.,Linhares,A.C.,Costa,I.B.,Kaiano,J.H.L.,Oliveira,D.S.,Ramos,F.L.P.,Sousa,R.C.M.	2016-12-21T00:00:00Z								Human alphaherpesvirus 3		10335
KX352179.1			PARTIAL	1	Brazil: Para, Ananindeua	South America									Homo sapiens		9606	true				2012	VZVs/Ananindeua.BRA/18.12(2)/V[1or3]			448				1		2016-12-21T00:00:00Z		GenBank		Instituto Evandro Chagas, Virology	Brazil	Costa,M.R.M.,Monteiro,T.A.F.,Linhares,A.C.,Costa,I.B.,Kaiano,J.H.L.,Oliveira,D.S.,Ramos,F.L.P.,Sousa,R.C.M.	2016-12-21T00:00:00Z								Human alphaherpesvirus 3		10335
KX352180.1			PARTIAL	1	Brazil: Para, Ananindeua	South America									Homo sapiens		9606	true				2012	VZVs/Ananindeua.BRA/18.12(3)/V[1or3]			393				1		2016-12-21T00:00:00Z		GenBank		Instituto Evandro Chagas, Virology	Brazil	Costa,M.R.M.,Monteiro,T.A.F.,Linhares,A.C.,Costa,I.B.,Kaiano,J.H.L.,Oliveira,D.S.,Ramos,F.L.P.,Sousa,R.C.M.	2016-12-21T00:00:00Z								Human alphaherpesvirus 3		10335
KX352181.1			PARTIAL	1	Brazil: Para, Ananindeua	South America									Homo sapiens		9606	true				2012	VZVs/Ananindeua.BRA/18.12/V[5]			448				1		2016-12-21T00:00:00Z		GenBank		Instituto Evandro Chagas, Virology	Brazil	Costa,M.R.M.,Monteiro,T.A.F.,Linhares,A.C.,Costa,I.B.,Kaiano,J.H.L.,Oliveira,D.S.,Ramos,F.L.P.,Sousa,R.C.M.	2016-12-21T00:00:00Z								Human alphaherpesvirus 3		10335
KX352182.1			PARTIAL	1	Brazil: Para, Belem	South America									Homo sapiens		9606	true				2012	VZVs/Belem.BRA/26.12/V[1or3]			448				1		2016-12-21T00:00:00Z		GenBank		Instituto Evandro Chagas, Virology	Brazil	Costa,M.R.M.,Monteiro,T.A.F.,Linhares,A.C.,Costa,I.B.,Kaiano,J.H.L.,Oliveira,D.S.,Ramos,F.L.P.,Sousa,R.C.M.	2016-12-21T00:00:00Z								Human alphaherpesvirus 3		10335
KX352183.1			PARTIAL	1	Brazil: Para, Ananindeua	South America									Homo sapiens		9606	true				2012	VZVs/Ananindeua.BRA/26.12/V[5]			448				1		2016-12-21T00:00:00Z		GenBank		Instituto Evandro Chagas, Virology	Brazil	Costa,M.R.M.,Monteiro,T.A.F.,Linhares,A.C.,Costa,I.B.,Kaiano,J.H.L.,Oliveira,D.S.,Ramos,F.L.P.,Sousa,R.C.M.	2016-12-21T00:00:00Z								Human alphaherpesvirus 3		10335
KX352184.1			PARTIAL	1	Brazil: Para, Ananindeua	South America									Homo sapiens		9606	true				2012	VZVs/Ananindeua.BRA/28.12/V[1or3]			448				1		2016-12-21T00:00:00Z		GenBank		Instituto Evandro Chagas, Virology	Brazil	Costa,M.R.M.,Monteiro,T.A.F.,Linhares,A.C.,Costa,I.B.,Kaiano,J.H.L.,Oliveira,D.S.,Ramos,F.L.P.,Sousa,R.C.M.	2016-12-21T00:00:00Z								Human alphaherpesvirus 3		10335
KX352185.1			PARTIAL	1	Brazil: Para, Marituba	South America									Homo sapiens		9606	true				2012	VZVs/Marituba.BRA/30.12/V[1or3]			448				1		2016-12-21T00:00:00Z		GenBank		Instituto Evandro Chagas, Virology	Brazil	Costa,M.R.M.,Monteiro,T.A.F.,Linhares,A.C.,Costa,I.B.,Kaiano,J.H.L.,Oliveira,D.S.,Ramos,F.L.P.,Sousa,R.C.M.	2016-12-21T00:00:00Z								Human alphaherpesvirus 3		10335
KX352186.1			PARTIAL	1	Brazil: Para, Ananindeua	South America									Homo sapiens		9606	true				2011	VZVs/Belem.BRA/51.11/Z[1or3]			351				1		2016-12-21T00:00:00Z		GenBank		Instituto Evandro Chagas, Virology	Brazil	Costa,M.R.M.,Monteiro,T.A.F.,Linhares,A.C.,Costa,I.B.,Kaiano,J.H.L.,Oliveira,D.S.,Ramos,F.L.P.,Sousa,R.C.M.	2016-12-21T00:00:00Z								Human alphaherpesvirus 3		10335
KX352187.1			PARTIAL	1	Brazil: Para, Belem	South America									Homo sapiens		9606	true				2012	VZVs/Ananindeua.BRA/07.12/V[1or3]			351				1		2016-12-21T00:00:00Z		GenBank		Instituto Evandro Chagas, Virology	Brazil	Costa,M.R.M.,Monteiro,T.A.F.,Linhares,A.C.,Costa,I.B.,Kaiano,J.H.L.,Oliveira,D.S.,Ramos,F.L.P.,Sousa,R.C.M.	2016-12-21T00:00:00Z								Human alphaherpesvirus 3		10335
KX352188.1			PARTIAL	1	Brazil: Para, Belem	South America									Homo sapiens		9606	true				2012	VZVs/Belem.BRA/08.12/V[1or3]			351				1		2016-12-21T00:00:00Z		GenBank		Instituto Evandro Chagas, Virology	Brazil	Costa,M.R.M.,Monteiro,T.A.F.,Linhares,A.C.,Costa,I.B.,Kaiano,J.H.L.,Oliveira,D.S.,Ramos,F.L.P.,Sousa,R.C.M.	2016-12-21T00:00:00Z								Human alphaherpesvirus 3		10335
KX352189.1			PARTIAL	1	Brazil: Para, Ananindeua	South America									Homo sapiens		9606	true				2012	VZVs/Ananindeua.BRA/10.12/Z[1or3]			351				1		2016-12-21T00:00:00Z		GenBank		Instituto Evandro Chagas, Virology	Brazil	Costa,M.R.M.,Monteiro,T.A.F.,Linhares,A.C.,Costa,I.B.,Kaiano,J.H.L.,Oliveira,D.S.,Ramos,F.L.P.,Sousa,R.C.M.	2016-12-21T00:00:00Z								Human alphaherpesvirus 3		10335
KX352190.1			PARTIAL	1	Brazil: Para, Ananindeua	South America									Homo sapiens		9606	true				2012	VZVs/Ananindeua.BRA/18.12/V[1or3]			351				1		2016-12-21T00:00:00Z		GenBank		Instituto Evandro Chagas, Virology	Brazil	Costa,M.R.M.,Monteiro,T.A.F.,Linhares,A.C.,Costa,I.B.,Kaiano,J.H.L.,Oliveira,D.S.,Ramos,F.L.P.,Sousa,R.C.M.	2016-12-21T00:00:00Z								Human alphaherpesvirus 3		10335
KX352191.1			PARTIAL	1	Brazil: Para, Belem	South America									Homo sapiens		9606	true				2012	VZVs/Belem.BRA/18.12/V[1or3]			351				1		2016-12-21T00:00:00Z		GenBank		Instituto Evandro Chagas, Virology	Brazil	Costa,M.R.M.,Monteiro,T.A.F.,Linhares,A.C.,Costa,I.B.,Kaiano,J.H.L.,Oliveira,D.S.,Ramos,F.L.P.,Sousa,R.C.M.	2016-12-21T00:00:00Z								Human alphaherpesvirus 3		10335
KX352192.1			PARTIAL	1	Brazil: Para, Ananindeua	South America									Homo sapiens		9606	true				2012	VZVs/Ananindeua.BRA/18.12(2)/V[1or3]			351				1		2016-12-21T00:00:00Z		GenBank		Instituto Evandro Chagas, Virology	Brazil	Costa,M.R.M.,Monteiro,T.A.F.,Linhares,A.C.,Costa,I.B.,Kaiano,J.H.L.,Oliveira,D.S.,Ramos,F.L.P.,Sousa,R.C.M.	2016-12-21T00:00:00Z								Human alphaherpesvirus 3		10335
KX352193.1			PARTIAL	1	Brazil: Para, Ananindeua	South America									Homo sapiens		9606	true				2012	VZVs/Ananindeua.BRA/18.12(3)/V[1or3]			351				1		2016-12-21T00:00:00Z		GenBank		Instituto Evandro Chagas, Virology	Brazil	Costa,M.R.M.,Monteiro,T.A.F.,Linhares,A.C.,Costa,I.B.,Kaiano,J.H.L.,Oliveira,D.S.,Ramos,F.L.P.,Sousa,R.C.M.	2016-12-21T00:00:00Z								Human alphaherpesvirus 3		10335
KX352194.1			PARTIAL	1	Brazil: Para, Ananindeua	South America									Homo sapiens		9606	true				2012	VZVs/Ananindeua.BRA/18.12/V[5]			351				1		2016-12-21T00:00:00Z		GenBank		Instituto Evandro Chagas, Virology	Brazil	Costa,M.R.M.,Monteiro,T.A.F.,Linhares,A.C.,Costa,I.B.,Kaiano,J.H.L.,Oliveira,D.S.,Ramos,F.L.P.,Sousa,R.C.M.	2016-12-21T00:00:00Z								Human alphaherpesvirus 3		10335
KX352195.1			PARTIAL	1	Brazil: Para, Belem	South America									Homo sapiens		9606	true				2012	VZVs/Belem.BRA/26.12/V[1or3]			351				1		2016-12-21T00:00:00Z		GenBank		Instituto Evandro Chagas, Virology	Brazil	Costa,M.R.M.,Monteiro,T.A.F.,Linhares,A.C.,Costa,I.B.,Kaiano,J.H.L.,Oliveira,D.S.,Ramos,F.L.P.,Sousa,R.C.M.	2016-12-21T00:00:00Z								Human alphaherpesvirus 3		10335
KX352196.1			PARTIAL	1	Brazil: Para, Ananindeua	South America									Homo sapiens		9606	true				2012	VZVs/Ananindeua.BRA/26.12/V[5]			351				1		2016-12-21T00:00:00Z		GenBank		Instituto Evandro Chagas, Virology	Brazil	Costa,M.R.M.,Monteiro,T.A.F.,Linhares,A.C.,Costa,I.B.,Kaiano,J.H.L.,Oliveira,D.S.,Ramos,F.L.P.,Sousa,R.C.M.	2016-12-21T00:00:00Z								Human alphaherpesvirus 3		10335
KX352197.1			PARTIAL	1	Brazil: Para, Ananindeua	South America									Homo sapiens		9606	true				2012	VZVs/Ananindeua.BRA/28.12/V[1or3]			351				1		2016-12-21T00:00:00Z		GenBank		Instituto Evandro Chagas, Virology	Brazil	Costa,M.R.M.,Monteiro,T.A.F.,Linhares,A.C.,Costa,I.B.,Kaiano,J.H.L.,Oliveira,D.S.,Ramos,F.L.P.,Sousa,R.C.M.	2016-12-21T00:00:00Z								Human alphaherpesvirus 3		10335
KX352198.1			PARTIAL	1	Brazil: Para, Marituba	South America									Homo sapiens		9606	true				2012	VZVs/Marituba.BRA/30.12/V[1or3]			351				1		2016-12-21T00:00:00Z		GenBank		Instituto Evandro Chagas, Virology	Brazil	Costa,M.R.M.,Monteiro,T.A.F.,Linhares,A.C.,Costa,I.B.,Kaiano,J.H.L.,Oliveira,D.S.,Ramos,F.L.P.,Sousa,R.C.M.	2016-12-21T00:00:00Z								Human alphaherpesvirus 3		10335
KX352199.1			PARTIAL	1	Brazil: Para, Ananindeua	South America									Homo sapiens		9606	true				2011	VZVs/Belem.BRA/51.11/Z[1or3]			223				1		2016-12-21T00:00:00Z		GenBank		Instituto Evandro Chagas, Virology	Brazil	Costa,M.R.M.,Monteiro,T.A.F.,Linhares,A.C.,Costa,I.B.,Kaiano,J.H.L.,Oliveira,D.S.,Ramos,F.L.P.,Sousa,R.C.M.	2016-12-21T00:00:00Z								Human alphaherpesvirus 3		10335
KX352200.1			PARTIAL	1	Brazil: Para, Belem	South America									Homo sapiens		9606	true				2012	VZVs/Ananindeua.BRA/07.12/V[1or3]			223				1		2016-12-21T00:00:00Z		GenBank		Instituto Evandro Chagas, Virology	Brazil	Costa,M.R.M.,Monteiro,T.A.F.,Linhares,A.C.,Costa,I.B.,Kaiano,J.H.L.,Oliveira,D.S.,Ramos,F.L.P.,Sousa,R.C.M.	2016-12-21T00:00:00Z								Human alphaherpesvirus 3		10335
KX352201.1			PARTIAL	1	Brazil: Para, Belem	South America									Homo sapiens		9606	true				2012	VZVs/Belem.BRA/08.12/V[1or3]			223				1		2016-12-21T00:00:00Z		GenBank		Instituto Evandro Chagas, Virology	Brazil	Costa,M.R.M.,Monteiro,T.A.F.,Linhares,A.C.,Costa,I.B.,Kaiano,J.H.L.,Oliveira,D.S.,Ramos,F.L.P.,Sousa,R.C.M.	2016-12-21T00:00:00Z								Human alphaherpesvirus 3		10335
KX352202.1			PARTIAL	1	Brazil: Para, Ananindeua	South America									Homo sapiens		9606	true				2012	VZVs/Ananindeua.BRA/10.12/Z[1or3]			223				1		2016-12-21T00:00:00Z		GenBank		Instituto Evandro Chagas, Virology	Brazil	Costa,M.R.M.,Monteiro,T.A.F.,Linhares,A.C.,Costa,I.B.,Kaiano,J.H.L.,Oliveira,D.S.,Ramos,F.L.P.,Sousa,R.C.M.	2016-12-21T00:00:00Z								Human alphaherpesvirus 3		10335
KX352203.1			PARTIAL	1	Brazil: Para, Ananindeua	South America									Homo sapiens		9606	true				2012	VZVs/Ananindeua.BRA/18.12/V[1or3]			223				1		2016-12-21T00:00:00Z		GenBank		Instituto Evandro Chagas, Virology	Brazil	Costa,M.R.M.,Monteiro,T.A.F.,Linhares,A.C.,Costa,I.B.,Kaiano,J.H.L.,Oliveira,D.S.,Ramos,F.L.P.,Sousa,R.C.M.	2016-12-21T00:00:00Z								Human alphaherpesvirus 3		10335
KX352204.1			PARTIAL	1	Brazil: Para, Belem	South America									Homo sapiens		9606	true				2012	VZVs/Belem.BRA/18.12/V[1or3]			223				1		2016-12-21T00:00:00Z		GenBank		Instituto Evandro Chagas, Virology	Brazil	Costa,M.R.M.,Monteiro,T.A.F.,Linhares,A.C.,Costa,I.B.,Kaiano,J.H.L.,Oliveira,D.S.,Ramos,F.L.P.,Sousa,R.C.M.	2016-12-21T00:00:00Z								Human alphaherpesvirus 3		10335
KX352205.1			PARTIAL	1	Brazil: Para, Ananindeua	South America									Homo sapiens		9606	true				2012	VZVs/Ananindeua.BRA/18.12(2)/V[1or3]			223				1		2016-12-21T00:00:00Z		GenBank		Instituto Evandro Chagas, Virology	Brazil	Costa,M.R.M.,Monteiro,T.A.F.,Linhares,A.C.,Costa,I.B.,Kaiano,J.H.L.,Oliveira,D.S.,Ramos,F.L.P.,Sousa,R.C.M.	2016-12-21T00:00:00Z								Human alphaherpesvirus 3		10335
KX352206.1			PARTIAL	1	Brazil: Para, Ananindeua	South America									Homo sapiens		9606	true				2012	VZVs/Ananindeua.BRA/18.12(3)/V[1or3]			223				1		2016-12-21T00:00:00Z		GenBank		Instituto Evandro Chagas, Virology	Brazil	Costa,M.R.M.,Monteiro,T.A.F.,Linhares,A.C.,Costa,I.B.,Kaiano,J.H.L.,Oliveira,D.S.,Ramos,F.L.P.,Sousa,R.C.M.	2016-12-21T00:00:00Z								Human alphaherpesvirus 3		10335
KX352207.1			PARTIAL	1	Brazil: Para, Ananindeua	South America									Homo sapiens		9606	true				2012	VZVs/Ananindeua.BRA/18.12/V[5]			223				1		2016-12-21T00:00:00Z		GenBank		Instituto Evandro Chagas, Virology	Brazil	Costa,M.R.M.,Monteiro,T.A.F.,Linhares,A.C.,Costa,I.B.,Kaiano,J.H.L.,Oliveira,D.S.,Ramos,F.L.P.,Sousa,R.C.M.	2016-12-21T00:00:00Z								Human alphaherpesvirus 3		10335
KX352208.1			PARTIAL	1	Brazil: Para, Belem	South America									Homo sapiens		9606	true				2012	VZVs/Belem.BRA/26.12/V[1or3]			223				1		2016-12-21T00:00:00Z		GenBank		Instituto Evandro Chagas, Virology	Brazil	Costa,M.R.M.,Monteiro,T.A.F.,Linhares,A.C.,Costa,I.B.,Kaiano,J.H.L.,Oliveira,D.S.,Ramos,F.L.P.,Sousa,R.C.M.	2016-12-21T00:00:00Z								Human alphaherpesvirus 3		10335
KX352209.1			PARTIAL	1	Brazil: Para, Ananindeua	South America									Homo sapiens		9606	true				2012	VZVs/Ananindeua.BRA/26.12/V[5]			223				1		2016-12-21T00:00:00Z		GenBank		Instituto Evandro Chagas, Virology	Brazil	Costa,M.R.M.,Monteiro,T.A.F.,Linhares,A.C.,Costa,I.B.,Kaiano,J.H.L.,Oliveira,D.S.,Ramos,F.L.P.,Sousa,R.C.M.	2016-12-21T00:00:00Z								Human alphaherpesvirus 3		10335
KX352210.1			PARTIAL	1	Brazil: Para, Ananindeua	South America									Homo sapiens		9606	true				2012	VZVs/Ananindeua.BRA/28.12/V[1or3]			223				1		2016-12-21T00:00:00Z		GenBank		Instituto Evandro Chagas, Virology	Brazil	Costa,M.R.M.,Monteiro,T.A.F.,Linhares,A.C.,Costa,I.B.,Kaiano,J.H.L.,Oliveira,D.S.,Ramos,F.L.P.,Sousa,R.C.M.	2016-12-21T00:00:00Z								Human alphaherpesvirus 3		10335
KX352211.1			PARTIAL	1	Brazil: Para, Marituba	South America									Homo sapiens		9606	true				2012	VZVs/Marituba.BRA/30.12/V[1or3]			223				1		2016-12-21T00:00:00Z		GenBank		Instituto Evandro Chagas, Virology	Brazil	Costa,M.R.M.,Monteiro,T.A.F.,Linhares,A.C.,Costa,I.B.,Kaiano,J.H.L.,Oliveira,D.S.,Ramos,F.L.P.,Sousa,R.C.M.	2016-12-21T00:00:00Z								Human alphaherpesvirus 3		10335
KY037796.1			COMPLETE	73	USA	North America									Homo sapiens		9606	true				2012-03-19	VZVs/PicoRivera.CA.USA/12.12/Z_2			125220				73		2017-03-04T00:00:00Z		GenBank		Centers for Disease Control and Prevention, Measles, Mumps, Rubella & Herpesviruses Laboratory Branch; Division of Viral Diseases	USA	Jensen,N.J.,Rivailler,P.,Tseng,H.F.,Quinlivan,M.L.,Radford,K.,Folster,J.,Harpaz,R.,LaRussa,P.,Jacobsen,S.,Scott Schmid,D.,Jensen,N.,Radford,K.W.,Tseng,H.-F.,Larussa,P.S.,Jacobsen,S.J.,Schmid,S.D.	2020-12-16T00:00:00Z								Human alphaherpesvirus 3		10335
KY037797.1			COMPLETE	73	USA	North America									Homo sapiens		9606	true				2014-08-18	VZVs/RanchoCucamong.CA.USA/34.14/Z_5			124840				73		2017-03-04T00:00:00Z		GenBank		Centers for Disease Control and Prevention, Measles, Mumps, Rubella & Herpesviruses Laboratory Branch; Division of Viral Diseases	USA	Jensen,N.J.,Rivailler,P.,Tseng,H.F.,Quinlivan,M.L.,Radford,K.,Folster,J.,Harpaz,R.,LaRussa,P.,Jacobsen,S.,Scott Schmid,D.,Jensen,N.,Radford,K.W.,Tseng,H.-F.,Larussa,P.S.,Jacobsen,S.J.,Schmid,S.D.	2020-12-16T00:00:00Z								Human alphaherpesvirus 3		10335
KY037798.1			COMPLETE	73	USA	North America									Homo sapiens		9606	true				2012-04-23	VZVs/SanDimas.CA.USA/17.12/Z_9			125213				73		2017-03-04T00:00:00Z		GenBank		Centers for Disease Control and Prevention, Measles, Mumps, Rubella & Herpesviruses Laboratory Branch; Division of Viral Diseases	USA	Jensen,N.J.,Rivailler,P.,Tseng,H.F.,Quinlivan,M.L.,Radford,K.,Folster,J.,Harpaz,R.,LaRussa,P.,Jacobsen,S.,Scott Schmid,D.,Jensen,N.,Radford,K.W.,Tseng,H.-F.,Larussa,P.S.,Jacobsen,S.J.,Schmid,S.D.	2020-12-16T00:00:00Z								Human alphaherpesvirus 3		10335
KY405826.1			PARTIAL																				vaccine ZostaVax			307						2017-08-06T00:00:00Z		GenBank		National Infection Service, Public Health England, Virus Reference Department		Jin,L.,Xu,S.,Maple,P.A.C.,Xu,W.,Brown,K.E.	2017-08-06T00:00:00Z								Human alphaherpesvirus 3		10335
KY405827.1			PARTIAL																				vaccine ZostaVax			299						2017-08-06T00:00:00Z		GenBank		National Infection Service, Public Health England, Virus Reference Department		Jin,L.,Xu,S.,Maple,P.A.C.,Xu,W.,Brown,K.E.	2017-08-06T00:00:00Z								Human alphaherpesvirus 3		10335
KY405828.1			PARTIAL																				vaccine ZostaVax			320						2017-08-06T00:00:00Z		GenBank		National Infection Service, Public Health England, Virus Reference Department		Jin,L.,Xu,S.,Maple,P.A.C.,Xu,W.,Brown,K.E.	2017-08-06T00:00:00Z								Human alphaherpesvirus 3		10335
KY405829.1			PARTIAL																				vaccine ZostaVax			310						2017-08-06T00:00:00Z		GenBank		National Infection Service, Public Health England, Virus Reference Department		Jin,L.,Xu,S.,Maple,P.A.C.,Xu,W.,Brown,K.E.	2017-08-06T00:00:00Z								Human alphaherpesvirus 3		10335
KY405830.1			PARTIAL																				vaccine Baike			307						2017-08-06T00:00:00Z		GenBank		National Infection Service, Public Health England, Virus Reference Department		Jin,L.,Xu,S.,Maple,P.A.C.,Xu,W.,Brown,K.E.	2017-08-06T00:00:00Z								Human alphaherpesvirus 3		10335
KY405831.1			PARTIAL																				vaccine Baike			299						2017-08-06T00:00:00Z		GenBank		National Infection Service, Public Health England, Virus Reference Department		Jin,L.,Xu,S.,Maple,P.A.C.,Xu,W.,Brown,K.E.	2017-08-06T00:00:00Z								Human alphaherpesvirus 3		10335
KY405832.1			PARTIAL																				vaccine Baike			320						2017-08-06T00:00:00Z		GenBank		National Infection Service, Public Health England, Virus Reference Department		Jin,L.,Xu,S.,Maple,P.A.C.,Xu,W.,Brown,K.E.	2017-08-06T00:00:00Z								Human alphaherpesvirus 3		10335
KY405833.1			PARTIAL																				vaccine Baike			310						2017-08-06T00:00:00Z		GenBank		National Infection Service, Public Health England, Virus Reference Department		Jin,L.,Xu,S.,Maple,P.A.C.,Xu,W.,Brown,K.E.	2017-08-06T00:00:00Z								Human alphaherpesvirus 3		10335
KY405834.1			PARTIAL																				SNP69349			300						2017-08-06T00:00:00Z		GenBank		National Infection Service, Public Health England, Virus Reference Department		Jin,L.,Xu,S.,Maple,P.A.C.,Xu,W.,Brown,K.E.	2017-08-06T00:00:00Z								Human alphaherpesvirus 3		10335
KY405835.1			PARTIAL																				SNP106262			299						2017-08-06T00:00:00Z		GenBank		National Infection Service, Public Health England, Virus Reference Department		Jin,L.,Xu,S.,Maple,P.A.C.,Xu,W.,Brown,K.E.	2017-08-06T00:00:00Z								Human alphaherpesvirus 3		10335
KY405836.1			PARTIAL																				SNP107252			320						2017-08-06T00:00:00Z		GenBank		National Infection Service, Public Health England, Virus Reference Department		Jin,L.,Xu,S.,Maple,P.A.C.,Xu,W.,Brown,K.E.	2017-08-06T00:00:00Z								Human alphaherpesvirus 3		10335
KY405837.1			PARTIAL																				SNP108111			310						2017-08-06T00:00:00Z		GenBank		National Infection Service, Public Health England, Virus Reference Department		Jin,L.,Xu,S.,Maple,P.A.C.,Xu,W.,Brown,K.E.	2017-08-06T00:00:00Z								Human alphaherpesvirus 3		10335
LC314446.1			PARTIAL	1	Japan	Asia									Homo sapiens		9606	true				2016-05-14	patientKyoT			1026				1		2017-08-03T00:00:00Z		GenBank		Department of Virology; 2630 Sugitani, Toyama, Toyama 930-0194	Japan	Sato,A.,Okamiya,T.,Moriya,Y.,Sugita,S.,Yamada,H.,Shiraki,K.	2017-08-03T00:00:00Z								Human alphaherpesvirus 3		10335
LC314447.1			PARTIAL	1	Japan	Asia									Homo sapiens		9606	true				2016-05-14	patientKyoTstop170			1025				1		2017-08-03T00:00:00Z		GenBank		Department of Virology; 2630 Sugitani, Toyama, Toyama 930-0194	Japan	Okamiya,T.,Moriya,Y.,Sato,A.,Sugita,S.,Yamada,H.,Shiraki,K.	2017-12-07T00:00:00Z								Human alphaherpesvirus 3		10335
LC314586.1			PARTIAL	1	Japan	Asia									Homo sapiens		9606	true				2016-05-14	patientKyoTW277C			1026				1		2017-08-03T00:00:00Z		GenBank		Department of Virology; 2630 Sugitani, Toyama, Toyama 930-0194	Japan	Moriya,Y.,Sato,A.,Okamiya,T.,Sugita,S.,Yamada,H.,Shiraki,K.	2017-12-07T00:00:00Z								Human alphaherpesvirus 3		10335
LC317005.1			PARTIAL	1	Japan:Toyama	Asia									Homo sapiens		9606	true				2017-07-04	patientToyA			1026				1		2017-08-25T00:00:00Z		GenBank		Department of Virology; 2630 Sugitani, Toyama, Toyama 930-0194	Japan	Sugita,S.,Okamiya,T.,Sato,A.,Moriya,Y.,Nishida,N.,Kimura,M.,Yamada,H.,Shiraki,K.	2017-12-07T00:00:00Z								Human alphaherpesvirus 3		10335
LC317006.1			PARTIAL	1	Japan:Toyama	Asia									Homo sapiens		9606	true				2017-07-04	patientToyAstop90			1025				1		2017-08-25T00:00:00Z		GenBank		Department of Virology; 2630 Sugitani, Toyama, Toyama 930-0194	Japan	Sugita,S.,Sato,A.,Moriya,Y.,Okamiya,T.,Nishida,N.,Kimura,M.,Yamada,H.,Shiraki,K.	2017-12-07T00:00:00Z								Human alphaherpesvirus 3		10335
LC317007.1			PARTIAL	1	Japan:Toyama	Asia									Homo sapiens		9606	true				2017-07-04	patientToyAI210del			1023				1		2017-08-25T00:00:00Z		GenBank		Department of Virology; 2630 Sugitani, Toyama, Toyama 930-0194	Japan	Sugita,S.,Moriya,Y.,Sato,A.,Okamiya,T.,Nishida,N.,Kimura,M.,Yamada,H.,Shiraki,K.	2017-12-07T00:00:00Z								Human alphaherpesvirus 3		10335
LC642111.1			PARTIAL	1	Iraq: Thiqar,nasiriaha	Asia									Homo sapiens		9606	true				2021	NH6			183				1		2021-07-13T00:00:00Z		GenBank		Microbiology; Alniel, Al Nasiriyah, Thiqar 64001	Iraq	Shallal,Mohammed,J.M.,Ali,N.,Hind,A.N.,Mater,A.D.	2021-08-11T00:00:00Z								Human alphaherpesvirus 3		10335
LC642112.1			PARTIAL	1	Iraq	Asia									Homo sapiens		9606	true				2021	Mh5			186				1		2021-07-13T00:00:00Z		GenBank		Microbiology; Alniel, Al Nasiriyah, Thiqar 64001	Iraq	Shallal,Mohammed,J.M.,Ali,N.,Hind,A.N.,Mater,A.D.	2021-08-11T00:00:00Z								Human alphaherpesvirus 3		10335
LC642113.1			PARTIAL	1	Iraq: Nasiriyah	Asia									Homo sapiens		9606	true				2021	MH4			186				1		2021-07-13T00:00:00Z		GenBank		Microbiology; Alniel, Al Nasiriyah, Thiqar 64001	Iraq	Shallal,Mohammed,J.M.,Ali,N.,Hind,A.N.,Mater,A.D.	2021-08-11T00:00:00Z								Human alphaherpesvirus 3		10335
LC659472.1			PARTIAL		Iraq	Asia									Homo sapiens		9606					2021	MH1			174						2021-11-27T00:00:00Z		GenBank		Microbiology; Alniel, Al Nasiriyah, thiqar 64001	Iraq	Mater,A.D.,Shallal- Mohammed,J.M.,Hind,A.N.,Alaa,N.	2021-11-27T00:00:00Z								Human alphaherpesvirus 3		10335
LC659473.1			PARTIAL		Iraq	Asia									Homo sapiens		9606					2021	MH2			168						2021-11-27T00:00:00Z		GenBank		Microbiology; Alniel, Al Nasiriyah, thiqar 64001	Iraq	Mater,A.D.,Hind,A.N.,Alaa,N.,Shallal,Mohammed,J.M.	2021-11-27T00:00:00Z								Human alphaherpesvirus 3		10335
LC659474.1			PARTIAL		Iraq	Asia									Homo sapiens		9606					2021	MH3			173						2021-11-27T00:00:00Z		GenBank		Microbiology; Alniel, Al Nasiriyah, thiqar 64001	Iraq	Mater,A.D.,Hind,A.N.,Alaa,N.,Shallal,Mohammed,J.M.	2021-11-27T00:00:00Z								Human alphaherpesvirus 3		10335
LC894479.1			PARTIAL		Iraq	Asia									Homo sapiens		9606					2025-02-25	Basrah1euro2			472						2025-09-30T00:00:00Z		GenBank		Biology; 78, Basrah 00964	Iraq	Alag,R.N.,Alhmudi,H.A.,Almishry,M.K.,Habib,H.N.	2025-09-30T00:00:00Z								Human alphaherpesvirus 3		10335
LC894480.1			PARTIAL		Iraq	Asia									Homo sapiens		9606					2025-02-25	Basrah2euro2			474						2025-09-30T00:00:00Z		GenBank		Biology; 78, Basrah 00964	Iraq	Alag,R.N.,Alhmudi,H.A.,Almishry,M.K.,Habib,H.N.	2025-09-30T00:00:00Z								Human alphaherpesvirus 3		10335
LC894481.1			PARTIAL		Iraq	Asia									Homo sapiens		9606					2025-02-25	Basrah3Mosaic1			447						2025-09-30T00:00:00Z		GenBank		Biology; 78, Basrah 00964	Iraq	Alag,R.N.,Alhmudi,H.A.,Almishry,M.K.,Habib,H.N.	2025-09-30T00:00:00Z								Human alphaherpesvirus 3		10335
LC894482.1			PARTIAL		Iraq	Asia									Homo sapiens		9606					2025-02-25	Basrah4Mosaic1			456						2025-09-30T00:00:00Z		GenBank		Biology; 78, Basrah 00964	Iraq	Alag,R.N.,Alhmudi,H.A.,Almishry,M.K.,Habib,H.N.	2025-09-30T00:00:00Z								Human alphaherpesvirus 3		10335
LC894483.1			PARTIAL		Iraq	Asia									Homo sapiens		9606					2025-02-25	Basrah5Mosaic1			450						2025-09-30T00:00:00Z		GenBank		Biology; 78, Basrah 00964	Iraq	Alag,R.N.,Alhmudi,H.A.,Almishry,M.K.,Habib,H.N.	2025-09-30T00:00:00Z								Human alphaherpesvirus 3		10335
LC894484.1			PARTIAL		Iraq	Asia									Homo sapiens		9606					2025-02-25	Basrah6Mosaic1			453						2025-09-30T00:00:00Z		GenBank		Biology; 78, Basrah 00964	Iraq	Alag,R.N.,Alhmudi,H.A.,Almishry,M.K.,Habib,H.N.	2025-09-30T00:00:00Z								Human alphaherpesvirus 3		10335
LC894485.1			PARTIAL		Iraq	Asia									Homo sapiens		9606					2025-02-25	Basrah7Mosaic1			464						2025-09-30T00:00:00Z		GenBank		Biology; 78, Basrah 00964	Iraq	Alag,R.N.,Alhmudi,H.A.,Almishry,M.K.,Habib,H.N.	2025-09-30T00:00:00Z								Human alphaherpesvirus 3		10335
LC894486.1			PARTIAL		Iraq	Asia									Homo sapiens		9606					2025-02-25	Basrah8Mosaic1			473						2025-09-30T00:00:00Z		GenBank		Biology; 78, Basrah 00964	Iraq	Alag,R.N.,Alhmudi,H.A.,Almishry,M.K.,Habib,H.N.	2025-09-30T00:00:00Z								Human alphaherpesvirus 3		10335
LC894487.1			PARTIAL		Iraq	Asia									Homo sapiens		9606					2025-02-25	Basrah9Mosaic1			467						2025-09-30T00:00:00Z		GenBank		Biology; 78, Basrah 00964	Iraq	Alag,R.N.,Alhmudi,H.A.,Almishry,M.K.,Habib,H.N.	2025-09-30T00:00:00Z								Human alphaherpesvirus 3		10335
LC894488.1			PARTIAL		Iraq	Asia									Homo sapiens		9606					2025-02-25	Basrah10Mosaic1			465						2025-09-30T00:00:00Z		GenBank		Biology; 78, Basrah 00964	Iraq	Alag,R.N.,Alhmudi,H.A.,Almishry,M.K.,Habib,H.N.	2025-09-30T00:00:00Z								Human alphaherpesvirus 3		10335
LC894489.1			PARTIAL		Iraq	Asia									Homo sapiens		9606					2025-02-25	Basrah11euro2			474						2025-09-30T00:00:00Z		GenBank		Biology; 78, Basrah 00964	Iraq	Alag,R.N.,Alhmudi,H.A.,Almishry,M.K.,Habib,H.N.	2025-09-30T00:00:00Z								Human alphaherpesvirus 3		10335
LC894490.1			PARTIAL		Iraq	Asia									Homo sapiens		9606					2025-02-25	Basrah12Mosaic1			460						2025-09-30T00:00:00Z		GenBank		Biology; 78, Basrah 00964	Iraq	Alag,R.N.,Alhmudi,H.A.,Almishry,M.K.,Habib,H.N.	2025-09-30T00:00:00Z								Human alphaherpesvirus 3		10335
LC894491.1			PARTIAL		Iraq	Asia									Homo sapiens		9606					2025-02-25	Basrah13Mosaic1			478						2025-09-30T00:00:00Z		GenBank		Biology; 78, Basrah 00964	Iraq	Alag,R.N.,Alhmudi,H.A.,Almishry,M.K.,Habib,H.N.	2025-09-30T00:00:00Z								Human alphaherpesvirus 3		10335
LC894492.1			PARTIAL		Iraq	Asia									Homo sapiens		9606					2025-02-25	Basrah14Mosaic1			473						2025-09-30T00:00:00Z		GenBank		Biology; 78, Basrah 00964	Iraq	Alag,R.N.,Alhmudi,H.A.,Almishry,M.K.,Habib,H.N.	2025-09-30T00:00:00Z								Human alphaherpesvirus 3		10335
LC894493.1			PARTIAL		Iraq	Asia									Homo sapiens		9606					2025-02-25	Basrah15Mosaic1			474						2025-09-30T00:00:00Z		GenBank		Biology; 78, Basrah 00964	Iraq	Alag,R.N.,Alhmudi,H.A.,Almishry,M.K.,Habib,H.N.	2025-09-30T00:00:00Z								Human alphaherpesvirus 3		10335
LC894494.1			PARTIAL		Iraq	Asia									Homo sapiens		9606					2025-02-25	Basrah16Mosaic1			475						2025-09-30T00:00:00Z		GenBank		Biology; 78, Basrah 00964	Iraq	Alag,R.N.,Alhmudi,H.A.,Almishry,M.K.,Habib,H.N.	2025-09-30T00:00:00Z								Human alphaherpesvirus 3		10335
LC894495.1			PARTIAL		Iraq	Asia									Homo sapiens		9606					2025-02-25	Basrah17Mosaic1			467						2025-09-30T00:00:00Z		GenBank		Biology; 78, Basrah 00964	Iraq	Alag,R.N.,Alhmudi,H.A.,Almishry,M.K.,Habib,H.N.	2025-09-30T00:00:00Z								Human alphaherpesvirus 3		10335
LC894496.1			PARTIAL		Iraq	Asia									Homo sapiens		9606					2025-02-25	Basrah18Dumas			472						2025-09-30T00:00:00Z		GenBank		Biology; 78, Basrah 00964	Iraq	Alag,R.N.,Alhmudi,H.A.,Almishry,M.K.,Habib,H.N.	2025-09-30T00:00:00Z								Human alphaherpesvirus 3		10335
LC894497.1			PARTIAL		Iraq	Asia									Homo sapiens		9606					2025-02-25	Basrah19Mosaic1			475						2025-09-30T00:00:00Z		GenBank		Biology; 78, Basrah 00964	Iraq	Alag,R.N.,Alhmudi,H.A.,Almishry,M.K.,Habib,H.N.	2025-09-30T00:00:00Z								Human alphaherpesvirus 3		10335
LC894498.1			PARTIAL		Iraq	Asia									Homo sapiens		9606					2025-02-25	Basrah20Mosaic1			465						2025-09-30T00:00:00Z		GenBank		Biology; 78, Basrah 00964	Iraq	Alag,R.N.,Alhmudi,H.A.,Almishry,M.K.,Habib,H.N.	2025-09-30T00:00:00Z								Human alphaherpesvirus 3		10335
LC894499.1			PARTIAL		Iraq	Asia									Homo sapiens		9606					2025-02-25	Basrah21Mosaic1			465						2025-09-30T00:00:00Z		GenBank		Biology; 78, Basrah 00964	Iraq	Alag,R.N.,Alhmudi,H.A.,Almishry,M.K.,Habib,H.N.	2025-09-30T00:00:00Z								Human alphaherpesvirus 3		10335
LC894500.1			PARTIAL		Iraq	Asia									Homo sapiens		9606					2025-02-25	Basrah22Mosaic1			465						2025-09-30T00:00:00Z		GenBank		Biology; 78, Basrah 00964	Iraq	Alag,R.N.,Alhmudi,H.A.,Almishry,M.K.,Habib,H.N.	2025-09-30T00:00:00Z								Human alphaherpesvirus 3		10335
LC894501.1			PARTIAL		Iraq	Asia									Homo sapiens		9606					2025-02-25	Basrah23Mosaic1			475						2025-09-30T00:00:00Z		GenBank		Biology; 78, Basrah 00964	Iraq	Alag,R.N.,Alhmudi,H.A.,Almishry,M.K.,Habib,H.N.	2025-09-30T00:00:00Z								Human alphaherpesvirus 3		10335
LC894502.1			PARTIAL		Iraq	Asia									Homo sapiens		9606					2025-02-25	Basrah24Mosaic1			477						2025-09-30T00:00:00Z		GenBank		Biology; 78, Basrah 00964	Iraq	Alag,R.N.,Alhmudi,H.A.,Almishry,M.K.,Habib,H.N.	2025-09-30T00:00:00Z								Human alphaherpesvirus 3		10335
LC894503.1			PARTIAL		Iraq	Asia									Homo sapiens		9606					2025-02-25	Basrah25Mosaic1			473						2025-09-30T00:00:00Z		GenBank		Biology; 78, Basrah 00964	Iraq	Alag,R.N.,Alhmudi,H.A.,Almishry,M.K.,Habib,H.N.	2025-09-30T00:00:00Z								Human alphaherpesvirus 3		10335
LC894504.1			PARTIAL		Iraq	Asia									Homo sapiens		9606					2025-02-25	Basrah122euro2			449						2025-09-30T00:00:00Z		GenBank		Biology; 78, Basrah 00964	Iraq	Alag,R.N.,Alhmudi,H.A.,Almishry,M.K.,Habib,H.N.	2025-09-30T00:00:00Z								Human alphaherpesvirus 3		10335
LC894505.1			PARTIAL		Iraq	Asia									Homo sapiens		9606					2025-02-25	Basrah222euro2			420						2025-09-30T00:00:00Z		GenBank		Biology; 78, Basrah 00964	Iraq	Alag,R.N.,Alhmudi,H.A.,Almishry,M.K.,Habib,H.N.	2025-09-30T00:00:00Z								Human alphaherpesvirus 3		10335
LC894506.1			PARTIAL		Iraq	Asia									Homo sapiens		9606					2025-02-25	Basrah322Mosaic1			414						2025-09-30T00:00:00Z		GenBank		Biology; 78, Basrah 00964	Iraq	Alag,R.N.,Alhmudi,H.A.,Almishry,M.K.,Habib,H.N.	2025-09-30T00:00:00Z								Human alphaherpesvirus 3		10335
LC894507.1			PARTIAL		Iraq	Asia									Homo sapiens		9606					2025-02-25	Basrah422Mosaic1			418						2025-09-30T00:00:00Z		GenBank		Biology; 78, Basrah 00964	Iraq	Alag,R.N.,Alhmudi,H.A.,Almishry,M.K.,Habib,H.N.	2025-09-30T00:00:00Z								Human alphaherpesvirus 3		10335
LC894508.1			PARTIAL		Iraq	Asia									Homo sapiens		9606					2025-02-25	Basrah522Mosaic1			414						2025-09-30T00:00:00Z		GenBank		Biology; 78, Basrah 00964	Iraq	Alag,R.N.,Alhmudi,H.A.,Almishry,M.K.,Habib,H.N.	2025-09-30T00:00:00Z								Human alphaherpesvirus 3		10335
LC894509.1			PARTIAL		Iraq	Asia									Homo sapiens		9606					2025-02-25	Basrah622Mosaic1			413						2025-09-30T00:00:00Z		GenBank		Biology; 78, Basrah 00964	Iraq	Alag,R.N.,Alhmudi,H.A.,Almishry,M.K.,Habib,H.N.	2025-09-30T00:00:00Z								Human alphaherpesvirus 3		10335
LC894510.1			PARTIAL		Iraq	Asia									Homo sapiens		9606					2025-02-25	Basrah722Mosaic1			419						2025-09-30T00:00:00Z		GenBank		Biology; 78, Basrah 00964	Iraq	Alag,R.N.,Alhmudi,H.A.,Almishry,M.K.,Habib,H.N.	2025-09-30T00:00:00Z								Human alphaherpesvirus 3		10335
LC894511.1			PARTIAL		Iraq	Asia									Homo sapiens		9606					2025-02-25	Basrah822Mosaic1			396						2025-09-30T00:00:00Z		GenBank		Biology; 78, Basrah 00964	Iraq	Alag,R.N.,Alhmudi,H.A.,Almishry,M.K.,Habib,H.N.	2025-09-30T00:00:00Z								Human alphaherpesvirus 3		10335
LC894512.1			PARTIAL		Iraq	Asia									Homo sapiens		9606					2025-02-25	Basrah922Mosaic1			414						2025-09-30T00:00:00Z		GenBank		Biology; 78, Basrah 00964	Iraq	Alag,R.N.,Alhmudi,H.A.,Almishry,M.K.,Habib,H.N.	2025-09-30T00:00:00Z								Human alphaherpesvirus 3		10335
LC894513.1			PARTIAL		Iraq	Asia									Homo sapiens		9606					2025-02-25	Basrah1022Mosaic1			415						2025-09-30T00:00:00Z		GenBank		Biology; 78, Basrah 00964	Iraq	Alag,R.N.,Alhmudi,H.A.,Almishry,M.K.,Habib,H.N.	2025-09-30T00:00:00Z								Human alphaherpesvirus 3		10335
LC894514.1			PARTIAL		Iraq	Asia									Homo sapiens		9606					2025-02-25	Basrah1122euro2			421						2025-09-30T00:00:00Z		GenBank		Biology; 78, Basrah 00964	Iraq	Alag,R.N.,Alhmudi,H.A.,Almishry,M.K.,Habib,H.N.	2025-09-30T00:00:00Z								Human alphaherpesvirus 3		10335
LC894515.1			PARTIAL		Iraq	Asia									Homo sapiens		9606					2025-02-25	Basrah1222Mosaic1			414						2025-09-30T00:00:00Z		GenBank		Biology; 78, Basrah 00964	Iraq	Alag,R.N.,Alhmudi,H.A.,Almishry,M.K.,Habib,H.N.	2025-09-30T00:00:00Z								Human alphaherpesvirus 3		10335
LC894516.1			PARTIAL		Iraq	Asia									Homo sapiens		9606					2025-02-25	Basrah1322Mosaic1			419						2025-09-30T00:00:00Z		GenBank		Biology; 78, Basrah 00964	Iraq	Alag,R.N.,Alhmudi,H.A.,Almishry,M.K.,Habib,H.N.	2025-09-30T00:00:00Z								Human alphaherpesvirus 3		10335
LC894517.1			PARTIAL		Iraq	Asia									Homo sapiens		9606					2025-02-25	Basrah1422Mosaic1			414						2025-09-30T00:00:00Z		GenBank		Biology; 78, Basrah 00964	Iraq	Alag,R.N.,Alhmudi,H.A.,Almishry,M.K.,Habib,H.N.	2025-09-30T00:00:00Z								Human alphaherpesvirus 3		10335
LC894518.1			PARTIAL		Iraq	Asia									Homo sapiens		9606					2025-02-25	Basrah1522Mosaic1			414						2025-09-30T00:00:00Z		GenBank		Biology; 78, Basrah 00964	Iraq	Alag,R.N.,Alhmudi,H.A.,Almishry,M.K.,Habib,H.N.	2025-09-30T00:00:00Z								Human alphaherpesvirus 3		10335
LC894519.1			PARTIAL		Iraq	Asia									Homo sapiens		9606					2025-02-25	Basrah1622Mosaic1			411						2025-09-30T00:00:00Z		GenBank		Biology; 78, Basrah 00964	Iraq	Alag,R.N.,Alhmudi,H.A.,Almishry,M.K.,Habib,H.N.	2025-09-30T00:00:00Z								Human alphaherpesvirus 3		10335
LC894520.1			PARTIAL		Iraq	Asia									Homo sapiens		9606					2025-02-25	Basrah1722Mosaic1			452						2025-09-30T00:00:00Z		GenBank		Biology; 78, Basrah 00964	Iraq	Alag,R.N.,Alhmudi,H.A.,Almishry,M.K.,Habib,H.N.	2025-09-30T00:00:00Z								Human alphaherpesvirus 3		10335
LC894521.1			PARTIAL		Iraq	Asia									Homo sapiens		9606					2025-02-25	Basrah1822Dumas			392						2025-09-30T00:00:00Z		GenBank		Biology; 78, Basrah 00964	Iraq	Alag,R.N.,Alhmudi,H.A.,Almishry,M.K.,Habib,H.N.	2025-09-30T00:00:00Z								Human alphaherpesvirus 3		10335
LC894522.1			PARTIAL		Iraq	Asia									Homo sapiens		9606					2025-02-25	Basrah1922Mosaic1			408						2025-09-30T00:00:00Z		GenBank		Biology; 78, Basrah 00964	Iraq	Alag,R.N.,Alhmudi,H.A.,Almishry,M.K.,Habib,H.N.	2025-09-30T00:00:00Z								Human alphaherpesvirus 3		10335
LC894523.1			PARTIAL		Iraq	Asia									Homo sapiens		9606					2025-02-25	Basrah2022Mosaic1			412						2025-09-30T00:00:00Z		GenBank		Biology; 78, Basrah 00964	Iraq	Alag,R.N.,Alhmudi,H.A.,Almishry,M.K.,Habib,H.N.	2025-09-30T00:00:00Z								Human alphaherpesvirus 3		10335
LC894524.1			PARTIAL		Iraq	Asia									Homo sapiens		9606					2025-02-25	Basrah2122Mosaic1			415						2025-09-30T00:00:00Z		GenBank		Biology; 78, Basrah 00964	Iraq	Alag,R.N.,Alhmudi,H.A.,Almishry,M.K.,Habib,H.N.	2025-09-30T00:00:00Z								Human alphaherpesvirus 3		10335
LC894525.1			PARTIAL		Iraq	Asia									Homo sapiens		9606					2025-02-25	Basrah2222Mosaic1			418						2025-09-30T00:00:00Z		GenBank		Biology; 78, Basrah 00964	Iraq	Alag,R.N.,Alhmudi,H.A.,Almishry,M.K.,Habib,H.N.	2025-09-30T00:00:00Z								Human alphaherpesvirus 3		10335
LC894526.1			PARTIAL		Iraq	Asia									Homo sapiens		9606					2025-02-25	Basrah2322Mosaic1			421						2025-09-30T00:00:00Z		GenBank		Biology; 78, Basrah 00964	Iraq	Alag,R.N.,Alhmudi,H.A.,Almishry,M.K.,Habib,H.N.	2025-09-30T00:00:00Z								Human alphaherpesvirus 3		10335
LC894527.1			PARTIAL		Iraq	Asia									Homo sapiens		9606					2025-02-25	Basrah2422Mosaic1			418						2025-09-30T00:00:00Z		GenBank		Biology; 78, Basrah 00964	Iraq	Alag,R.N.,Alhmudi,H.A.,Almishry,M.K.,Habib,H.N.	2025-09-30T00:00:00Z								Human alphaherpesvirus 3		10335
LC894528.1			PARTIAL		Iraq	Asia									Homo sapiens		9606					2025-02-25	Basrah2522Mosaic1			413						2025-09-30T00:00:00Z		GenBank		Biology; 78, Basrah 00964	Iraq	Alag,R.N.,Alhmudi,H.A.,Almishry,M.K.,Habib,H.N.	2025-09-30T00:00:00Z								Human alphaherpesvirus 3		10335
LQ630893.1			PARTIAL																							79						2016-11-24T00:00:00Z		GenBank				SAWANT,S.V.,SINGH,S.P.	2016-11-24T00:00:00Z								Human alphaherpesvirus 3		10335
LQ630894.1			PARTIAL																							85						2016-11-24T00:00:00Z		GenBank				SAWANT,S.V.,SINGH,S.P.	2016-11-24T00:00:00Z								Human alphaherpesvirus 3		10335
LQ630915.1			PARTIAL																							33						2016-11-24T00:00:00Z		GenBank				SAWANT,S.V.,SINGH,S.P.	2016-11-24T00:00:00Z								Human alphaherpesvirus 3		10335
LQ630916.1			PARTIAL																							36						2016-11-24T00:00:00Z		GenBank				SAWANT,S.V.,SINGH,S.P.	2016-11-24T00:00:00Z								Human alphaherpesvirus 3		10335
LQ677278.1			PARTIAL																							2796						2016-11-24T00:00:00Z		GenBank				CUI,X.,SNAPPER,C.M.,MOND,J.J.	2016-11-24T00:00:00Z								Human alphaherpesvirus 3		10335
LQ867151.1			PARTIAL																							2080						2018-09-19T00:00:00Z		GenBank				CIARAMELLA,G.	2018-09-19T00:00:00Z								Human alphaherpesvirus 3		10335
LQ867152.1			PARTIAL																							1276						2018-09-19T00:00:00Z		GenBank				CIARAMELLA,G.	2018-09-19T00:00:00Z								Human alphaherpesvirus 3		10335
LQ867242.1			PARTIAL																							2141						2018-09-19T00:00:00Z		GenBank				CIARAMELLA,G.	2018-09-19T00:00:00Z								Human alphaherpesvirus 3		10335
LQ867273.1			PARTIAL																							2080						2018-09-19T00:00:00Z		GenBank				CIARAMELLA,G.	2018-09-19T00:00:00Z								Human alphaherpesvirus 3		10335
LQ867274.1			PARTIAL																							1276						2018-09-19T00:00:00Z		GenBank				CIARAMELLA,G.	2018-09-19T00:00:00Z								Human alphaherpesvirus 3		10335
LT984492.1	PRJEB24718		PARTIAL	1	Laos	Asia												true					VZVs/Vientiane.LAO/6.15/V[5]			376						2019-04-01T00:00:00Z		GenBank		Luxembourg Institute of Health, Department of Infection and Immunity, 29 rue Henri Koch, Esch-sur-Alzette, L-4354	Luxembourg	Hubschen,M.J.	2019-04-01T00:00:00Z								Human alphaherpesvirus 3		10335
LT984493.1	PRJEB24718		PARTIAL	1	Laos	Asia												true					VZVs/Vientiane.LAO/6.15/V[2]			376						2019-04-01T00:00:00Z		GenBank		Luxembourg Institute of Health, Department of Infection and Immunity, 29 rue Henri Koch, Esch-sur-Alzette, L-4354	Luxembourg	Hubschen,M.J.	2019-04-01T00:00:00Z								Human alphaherpesvirus 3		10335
LT984494.1	PRJEB24718		PARTIAL	1	Laos	Asia												true					VZVs/Vientiane.LAO/7.15/V[2]			376						2019-04-01T00:00:00Z		GenBank		Luxembourg Institute of Health, Department of Infection and Immunity, 29 rue Henri Koch, Esch-sur-Alzette, L-4354	Luxembourg	Hubschen,M.J.	2019-04-01T00:00:00Z								Human alphaherpesvirus 3		10335
LT984495.1	PRJEB24718		PARTIAL	1	Laos	Asia												true					VZVs/Vientiane.LAO/7.15(2)/V[2]			376						2019-04-01T00:00:00Z		GenBank		Luxembourg Institute of Health, Department of Infection and Immunity, 29 rue Henri Koch, Esch-sur-Alzette, L-4354	Luxembourg	Hubschen,M.J.	2019-04-01T00:00:00Z								Human alphaherpesvirus 3		10335
LT984496.1	PRJEB24718		PARTIAL	1	Laos	Asia												true					VZVs/Vientiane.LAO/7.15/V			376						2019-04-01T00:00:00Z		GenBank		Luxembourg Institute of Health, Department of Infection and Immunity, 29 rue Henri Koch, Esch-sur-Alzette, L-4354	Luxembourg	Hubschen,M.J.	2019-04-01T00:00:00Z								Human alphaherpesvirus 3		10335
LT984497.1	PRJEB24718		PARTIAL	1	Laos	Asia												true					VZVs/Vientiane.LAO/8.15/V[2]			376						2019-04-01T00:00:00Z		GenBank		Luxembourg Institute of Health, Department of Infection and Immunity, 29 rue Henri Koch, Esch-sur-Alzette, L-4354	Luxembourg	Hubschen,M.J.	2019-04-01T00:00:00Z								Human alphaherpesvirus 3		10335
LT984498.1	PRJEB24718		PARTIAL	1	Laos	Asia												true					VZVs/Vientiane.LAO/11.15/V[2]			376						2019-04-01T00:00:00Z		GenBank		Luxembourg Institute of Health, Department of Infection and Immunity, 29 rue Henri Koch, Esch-sur-Alzette, L-4354	Luxembourg	Hubschen,M.J.	2019-04-01T00:00:00Z								Human alphaherpesvirus 3		10335
LT984499.1	PRJEB24718		PARTIAL	1	Laos	Asia												true					VZVs/Vientiane.LAO/12.15/V[2]			376						2019-04-01T00:00:00Z		GenBank		Luxembourg Institute of Health, Department of Infection and Immunity, 29 rue Henri Koch, Esch-sur-Alzette, L-4354	Luxembourg	Hubschen,M.J.	2019-04-01T00:00:00Z								Human alphaherpesvirus 3		10335
LT984500.1	PRJEB24718		PARTIAL	1	Laos	Asia												true					VZVs/Vientiane.LAO/15.15/V[2]			376						2019-04-01T00:00:00Z		GenBank		Luxembourg Institute of Health, Department of Infection and Immunity, 29 rue Henri Koch, Esch-sur-Alzette, L-4354	Luxembourg	Hubschen,M.J.	2019-04-01T00:00:00Z								Human alphaherpesvirus 3		10335
LT984501.1	PRJEB24718		PARTIAL	1	Laos	Asia												true					VZVs/Vientiane.LAO/15.15(2)/V[2]			376						2019-04-01T00:00:00Z		GenBank		Luxembourg Institute of Health, Department of Infection and Immunity, 29 rue Henri Koch, Esch-sur-Alzette, L-4354	Luxembourg	Hubschen,M.J.	2019-04-01T00:00:00Z								Human alphaherpesvirus 3		10335
LT984502.1	PRJEB24718		PARTIAL	1	Laos	Asia												true					VZVs/Vientiane.LAO/19.15/V[2]			376						2019-04-01T00:00:00Z		GenBank		Luxembourg Institute of Health, Department of Infection and Immunity, 29 rue Henri Koch, Esch-sur-Alzette, L-4354	Luxembourg	Hubschen,M.J.	2019-04-01T00:00:00Z								Human alphaherpesvirus 3		10335
LT984503.1	PRJEB24718		PARTIAL	1	Laos	Asia												true					VZVs/Vientiane.LAO/19.15/V			343						2019-04-01T00:00:00Z		GenBank		Luxembourg Institute of Health, Department of Infection and Immunity, 29 rue Henri Koch, Esch-sur-Alzette, L-4354	Luxembourg	Hubschen,M.J.	2019-04-01T00:00:00Z								Human alphaherpesvirus 3		10335
LT984504.1	PRJEB24718		PARTIAL	1	Laos	Asia												true					VZVs/Vientiane.LAO/24.15/V[2]			376						2019-04-01T00:00:00Z		GenBank		Luxembourg Institute of Health, Department of Infection and Immunity, 29 rue Henri Koch, Esch-sur-Alzette, L-4354	Luxembourg	Hubschen,M.J.	2019-04-01T00:00:00Z								Human alphaherpesvirus 3		10335
LT984505.1	PRJEB24718		PARTIAL	1	Laos	Asia												true					VZVs/Vientiane.LAO/24.15(2)/V[2]			376						2019-04-01T00:00:00Z		GenBank		Luxembourg Institute of Health, Department of Infection and Immunity, 29 rue Henri Koch, Esch-sur-Alzette, L-4354	Luxembourg	Hubschen,M.J.	2019-04-01T00:00:00Z								Human alphaherpesvirus 3		10335
LT984506.1	PRJEB24718		PARTIAL	1	Laos	Asia												true					VZVs/Vientiane.LAO/25.15/V[2]			376						2019-04-01T00:00:00Z		GenBank		Luxembourg Institute of Health, Department of Infection and Immunity, 29 rue Henri Koch, Esch-sur-Alzette, L-4354	Luxembourg	Hubschen,M.J.	2019-04-01T00:00:00Z								Human alphaherpesvirus 3		10335
LT984507.1	PRJEB24718		PARTIAL	1	Laos	Asia												true					VZVs/Vientiane.LAO/43.15/V[2]			376						2019-04-01T00:00:00Z		GenBank		Luxembourg Institute of Health, Department of Infection and Immunity, 29 rue Henri Koch, Esch-sur-Alzette, L-4354	Luxembourg	Hubschen,M.J.	2019-04-01T00:00:00Z								Human alphaherpesvirus 3		10335
LT984508.1	PRJEB24718		PARTIAL	1	Laos	Asia												true					VZVs/Vientiane.LAO/45.15/V[2]			376						2019-04-01T00:00:00Z		GenBank		Luxembourg Institute of Health, Department of Infection and Immunity, 29 rue Henri Koch, Esch-sur-Alzette, L-4354	Luxembourg	Hubschen,M.J.	2019-04-01T00:00:00Z								Human alphaherpesvirus 3		10335
LT984509.1	PRJEB24718		PARTIAL	1	Laos	Asia												true					VZVs/Vientiane.LAO/52.15/V[2]			376						2019-04-01T00:00:00Z		GenBank		Luxembourg Institute of Health, Department of Infection and Immunity, 29 rue Henri Koch, Esch-sur-Alzette, L-4354	Luxembourg	Hubschen,M.J.	2019-04-01T00:00:00Z								Human alphaherpesvirus 3		10335
LT984510.1	PRJEB24718		PARTIAL	1	Laos	Asia												true					VZVs/Houitone.LAO/3.15/V[2]			376						2019-04-01T00:00:00Z		GenBank		Luxembourg Institute of Health, Department of Infection and Immunity, 29 rue Henri Koch, Esch-sur-Alzette, L-4354	Luxembourg	Hubschen,M.J.	2019-04-01T00:00:00Z								Human alphaherpesvirus 3		10335
LT984511.1	PRJEB24718		PARTIAL	1	Laos	Asia												true					VZVs/Houitone.LAO/2.15/V[2]			376						2019-04-01T00:00:00Z		GenBank		Luxembourg Institute of Health, Department of Infection and Immunity, 29 rue Henri Koch, Esch-sur-Alzette, L-4354	Luxembourg	Hubschen,M.J.	2019-04-01T00:00:00Z								Human alphaherpesvirus 3		10335
LT984512.1	PRJEB24718		PARTIAL	1	Laos	Asia												true					VZVs/Houitone.LAO/53.14/V[2]			283						2019-04-01T00:00:00Z		GenBank		Luxembourg Institute of Health, Department of Infection and Immunity, 29 rue Henri Koch, Esch-sur-Alzette, L-4354	Luxembourg	Hubschen,M.J.	2019-04-01T00:00:00Z								Human alphaherpesvirus 3		10335
LT984513.1	PRJEB24718		PARTIAL	1	Laos	Asia												true					VZVs/Vientiane.LAO/3.15/V[5]			376						2019-04-01T00:00:00Z		GenBank		Luxembourg Institute of Health, Department of Infection and Immunity, 29 rue Henri Koch, Esch-sur-Alzette, L-4354	Luxembourg	Hubschen,M.J.	2019-04-01T00:00:00Z								Human alphaherpesvirus 3		10335
LT984514.1	PRJEB24718		PARTIAL	1	Laos	Asia												true					VZVs/Vientiane.LAO/6.15/V[5]			316				1		2019-04-01T00:00:00Z		GenBank		Luxembourg Institute of Health, Department of Infection and Immunity, 29 rue Henri Koch, Esch-sur-Alzette, L-4354	Luxembourg	Hubschen,M.J.	2019-04-01T00:00:00Z								Human alphaherpesvirus 3		10335
LT984515.1	PRJEB24718		PARTIAL	1	Laos	Asia												true					VZVs/Vientiane.LAO/3.15/V[5]			316				1		2019-04-01T00:00:00Z		GenBank		Luxembourg Institute of Health, Department of Infection and Immunity, 29 rue Henri Koch, Esch-sur-Alzette, L-4354	Luxembourg	Hubschen,M.J.	2019-04-01T00:00:00Z								Human alphaherpesvirus 3		10335
LT984516.1	PRJEB24718		PARTIAL	1	Laos	Asia												true					VZVs/Vientiane.LAO/6.15/V[2]			277				1		2019-04-01T00:00:00Z		GenBank		Luxembourg Institute of Health, Department of Infection and Immunity, 29 rue Henri Koch, Esch-sur-Alzette, L-4354	Luxembourg	Hubschen,M.J.	2019-04-01T00:00:00Z								Human alphaherpesvirus 3		10335
LT984517.1	PRJEB24718		PARTIAL	1	Laos	Asia												true					VZVs/Vientiane.LAO/7.15/V[2]			289				1		2019-04-01T00:00:00Z		GenBank		Luxembourg Institute of Health, Department of Infection and Immunity, 29 rue Henri Koch, Esch-sur-Alzette, L-4354	Luxembourg	Hubschen,M.J.	2019-04-01T00:00:00Z								Human alphaherpesvirus 3		10335
LT984518.1	PRJEB24718		PARTIAL	1	Laos	Asia												true					VZVs/Vientiane.LAO/7.15(2)/V[2]			268				1		2019-04-01T00:00:00Z		GenBank		Luxembourg Institute of Health, Department of Infection and Immunity, 29 rue Henri Koch, Esch-sur-Alzette, L-4354	Luxembourg	Hubschen,M.J.	2019-04-01T00:00:00Z								Human alphaherpesvirus 3		10335
LT984519.1	PRJEB24718		PARTIAL	1	Laos	Asia												true					VZVs/Vientiane.LAO/7.15/V			316				1		2019-04-01T00:00:00Z		GenBank		Luxembourg Institute of Health, Department of Infection and Immunity, 29 rue Henri Koch, Esch-sur-Alzette, L-4354	Luxembourg	Hubschen,M.J.	2019-04-01T00:00:00Z								Human alphaherpesvirus 3		10335
LT984520.1	PRJEB24718		PARTIAL	1	Laos	Asia												true					VZVs/Vientiane.LAO/8.15/V[2]			283				1		2019-04-01T00:00:00Z		GenBank		Luxembourg Institute of Health, Department of Infection and Immunity, 29 rue Henri Koch, Esch-sur-Alzette, L-4354	Luxembourg	Hubschen,M.J.	2019-04-01T00:00:00Z								Human alphaherpesvirus 3		10335
LT984521.1	PRJEB24718		PARTIAL	1	Laos	Asia												true					VZVs/Vientiane.LAO/11.15/V[2]			227				1		2019-04-01T00:00:00Z		GenBank		Luxembourg Institute of Health, Department of Infection and Immunity, 29 rue Henri Koch, Esch-sur-Alzette, L-4354	Luxembourg	Hubschen,M.J.	2019-04-01T00:00:00Z								Human alphaherpesvirus 3		10335
LT984522.1	PRJEB24718		PARTIAL	1	Laos	Asia												true					VZVs/Vientiane.LAO/12.15/V[2]			275				1		2019-04-01T00:00:00Z		GenBank		Luxembourg Institute of Health, Department of Infection and Immunity, 29 rue Henri Koch, Esch-sur-Alzette, L-4354	Luxembourg	Hubschen,M.J.	2019-04-01T00:00:00Z								Human alphaherpesvirus 3		10335
LT984523.1	PRJEB24718		PARTIAL	1	Laos	Asia												true					VZVs/Vientiane.LAO/15.15/V[2]			283				1		2019-04-01T00:00:00Z		GenBank		Luxembourg Institute of Health, Department of Infection and Immunity, 29 rue Henri Koch, Esch-sur-Alzette, L-4354	Luxembourg	Hubschen,M.J.	2019-04-01T00:00:00Z								Human alphaherpesvirus 3		10335
LT984524.1	PRJEB24718		PARTIAL	1	Laos	Asia												true					VZVs/Vientiane.LAO/15.15(2)/V[2]			275				1		2019-04-01T00:00:00Z		GenBank		Luxembourg Institute of Health, Department of Infection and Immunity, 29 rue Henri Koch, Esch-sur-Alzette, L-4354	Luxembourg	Hubschen,M.J.	2019-04-01T00:00:00Z								Human alphaherpesvirus 3		10335
LT984525.1	PRJEB24718		PARTIAL	1	Laos	Asia												true					VZVs/Vientiane.LAO/19.15/V[2]			275				1		2019-04-01T00:00:00Z		GenBank		Luxembourg Institute of Health, Department of Infection and Immunity, 29 rue Henri Koch, Esch-sur-Alzette, L-4354	Luxembourg	Hubschen,M.J.	2019-04-01T00:00:00Z								Human alphaherpesvirus 3		10335
LT984526.1	PRJEB24718		PARTIAL	1	Laos	Asia												true					VZVs/Vientiane.LAO/19.15/V			316				1		2019-04-01T00:00:00Z		GenBank		Luxembourg Institute of Health, Department of Infection and Immunity, 29 rue Henri Koch, Esch-sur-Alzette, L-4354	Luxembourg	Hubschen,M.J.	2019-04-01T00:00:00Z								Human alphaherpesvirus 3		10335
LT984527.1	PRJEB24718		PARTIAL	1	Laos	Asia												true					VZVs/Vientiane.LAO/24.15/V[2]			277				1		2019-04-01T00:00:00Z		GenBank		Luxembourg Institute of Health, Department of Infection and Immunity, 29 rue Henri Koch, Esch-sur-Alzette, L-4354	Luxembourg	Hubschen,M.J.	2019-04-01T00:00:00Z								Human alphaherpesvirus 3		10335
LT984528.1	PRJEB24718		PARTIAL	1	Laos	Asia												true					VZVs/Vientiane.LAO/24.15(2)/V[2]			275				1		2019-04-01T00:00:00Z		GenBank		Luxembourg Institute of Health, Department of Infection and Immunity, 29 rue Henri Koch, Esch-sur-Alzette, L-4354	Luxembourg	Hubschen,M.J.	2019-04-01T00:00:00Z								Human alphaherpesvirus 3		10335
LT984529.1	PRJEB24718		PARTIAL	1	Laos	Asia												true					VZVs/Vientiane.LAO/25.15/V[2]			275				1		2019-04-01T00:00:00Z		GenBank		Luxembourg Institute of Health, Department of Infection and Immunity, 29 rue Henri Koch, Esch-sur-Alzette, L-4354	Luxembourg	Hubschen,M.J.	2019-04-01T00:00:00Z								Human alphaherpesvirus 3		10335
LT984530.1	PRJEB24718		PARTIAL	1	Laos	Asia												true					VZVs/Vientiane.LAO/43.15/V[2]]			283				1		2019-04-01T00:00:00Z		GenBank		Luxembourg Institute of Health, Department of Infection and Immunity, 29 rue Henri Koch, Esch-sur-Alzette, L-4354	Luxembourg	Hubschen,M.J.	2019-04-01T00:00:00Z								Human alphaherpesvirus 3		10335
LT984531.1	PRJEB24718		PARTIAL	1	Laos	Asia												true					VZVs/Vientiane.LAO/45.15/V[2]			277				1		2019-04-01T00:00:00Z		GenBank		Luxembourg Institute of Health, Department of Infection and Immunity, 29 rue Henri Koch, Esch-sur-Alzette, L-4354	Luxembourg	Hubschen,M.J.	2019-04-01T00:00:00Z								Human alphaherpesvirus 3		10335
LT984532.1	PRJEB24718		PARTIAL	1	Laos	Asia												true					VZVs/Vientiane.LAO/52.15/V[2]			275				1		2019-04-01T00:00:00Z		GenBank		Luxembourg Institute of Health, Department of Infection and Immunity, 29 rue Henri Koch, Esch-sur-Alzette, L-4354	Luxembourg	Hubschen,M.J.	2019-04-01T00:00:00Z								Human alphaherpesvirus 3		10335
LT984533.1	PRJEB24718		PARTIAL	1	Laos	Asia												true					VZVs/Houitone.LAO/53.14/V[2]			316				1		2019-04-01T00:00:00Z		GenBank		Luxembourg Institute of Health, Department of Infection and Immunity, 29 rue Henri Koch, Esch-sur-Alzette, L-4354	Luxembourg	Hubschen,M.J.	2019-04-01T00:00:00Z								Human alphaherpesvirus 3		10335
LT984534.1	PRJEB24718		PARTIAL	1	Laos	Asia												true					VZVs/Houitone.LAO/2.15/V[2]			316				1		2019-04-01T00:00:00Z		GenBank		Luxembourg Institute of Health, Department of Infection and Immunity, 29 rue Henri Koch, Esch-sur-Alzette, L-4354	Luxembourg	Hubschen,M.J.	2019-04-01T00:00:00Z								Human alphaherpesvirus 3		10335
LT984535.1	PRJEB24718		PARTIAL	1	Laos	Asia												true					VZVs/Houitone.LAO/3.15/V[2]			316				1		2019-04-01T00:00:00Z		GenBank		Luxembourg Institute of Health, Department of Infection and Immunity, 29 rue Henri Koch, Esch-sur-Alzette, L-4354	Luxembourg	Hubschen,M.J.	2019-04-01T00:00:00Z								Human alphaherpesvirus 3		10335
LV576216.1			PARTIAL																							2796						2017-05-31T00:00:00Z		GenBank				Cui,X.,Mond,J.J.,Snapper,C.M.	2017-05-31T00:00:00Z								Human alphaherpesvirus 3		10335
M13795.1			PARTIAL	1											Homo sapiens		9606	true					Scott			2838				1		1993-08-02T00:00:00Z		GenBank				Kinchington,P.R.,Remenick,J.,Ostrove,J.M.,Straus,S.E.,Ruyechan,W.T.,Hay,J.	2002-10-16T00:00:00Z								Human alphaherpesvirus 3		10335
M21322.1			PARTIAL																							384						1993-08-02T00:00:00Z		GenBank				Hondo,R.,Yogo,Y.	1989-06-15T00:00:00Z								Human alphaherpesvirus 3		10335
M36160.1			PARTIAL	1														true								1524				1		1993-08-02T00:00:00Z		GenBank				Mori,H.,Shiraki,K.,Kato,T.,Hayakawa,Y.,Yamanishi,K.,Takahashi,M.	1990-09-15T00:00:00Z								Human alphaherpesvirus 3		10335
MA847066.1			PARTIAL																							2080						2019-04-26T00:00:00Z		GenBank				Ciaramella,G.	2019-04-26T00:00:00Z								Human alphaherpesvirus 3		10335
MA847067.1			PARTIAL																							1276						2019-04-26T00:00:00Z		GenBank				Ciaramella,G.	2019-04-26T00:00:00Z								Human alphaherpesvirus 3		10335
MA847125.1			PARTIAL																							2141						2019-04-26T00:00:00Z		GenBank				Ciaramella,G.	2019-04-26T00:00:00Z								Human alphaherpesvirus 3		10335
MA847145.1			PARTIAL																							2080						2019-04-26T00:00:00Z		GenBank				Ciaramella,G.	2019-04-26T00:00:00Z								Human alphaherpesvirus 3		10335
MA847146.1			PARTIAL																							1276						2019-04-26T00:00:00Z		GenBank				Ciaramella,G.	2019-04-26T00:00:00Z								Human alphaherpesvirus 3		10335
MF004348.1			COMPLETE	73	South Korea	Asia									Homo sapiens		9606	true				2012	YC02			125134				73		2018-04-18T00:00:00Z		GenBank		Chungbuk National University, Microbiology	Korea	Won,Y.H.,Park,J.S.,Kang,J.H.,Jeon,J.S.,Ahn,J.H.,Song,M.J.,Ok Sarah,O.S.,Lee,C.H.	2018-04-18T00:00:00Z								Human alphaherpesvirus 3		10335
MF164560.1			PARTIAL	1	India	Asia									Homo sapiens		9606	true				2016-11-21	1603279-HHV-3-CSF			200				1		2018-05-31T00:00:00Z		GenBank		National Institute of Virology (ICMR), Gorakhpur Unit	India	Bondre,V.P.,Behera,S.P.	2018-05-31T00:00:00Z								Human alphaherpesvirus 3		10335
MF164561.1			PARTIAL	1	India	Asia									Homo sapiens		9606	true				2016-11-21	1603279-HHV-3-VF	lesion		200				1		2018-05-31T00:00:00Z		GenBank		National Institute of Virology (ICMR), Gorakhpur Unit	India	Bondre,V.P.,Behera,S.P.	2018-05-31T00:00:00Z								Human alphaherpesvirus 3		10335
MF371116.1			PARTIAL	1	India	Asia									Homo sapiens		9606	true				2012-12-14	VZVs/DadraandNagarHaveli.IND/49.16/1619691			253				1		2018-03-08T00:00:00Z		GenBank		National Institute of Virology, Measles Group	India	Vaidya,S.R.,Tilavat,S.M.,Kumbhar,N.S.,Kamble,M.B.,Tilavat,S.	2018-03-08T00:00:00Z								Human alphaherpesvirus 3		10335
MF371117.1			PARTIAL	1	India	Asia									Homo sapiens		9606	true				2012-12-14	VZVs/DadraandNagarHaveli.IND/50.16/1/1619694			264				1		2018-03-08T00:00:00Z		GenBank		National Institute of Virology, Measles Group	India	Vaidya,S.R.,Tilavat,S.M.,Kumbhar,N.S.,Kamble,M.B.,Tilavat,S.	2018-03-08T00:00:00Z								Human alphaherpesvirus 3		10335
MF371118.1			PARTIAL	1	India	Asia									Homo sapiens		9606	true				2012-12-14	VZVs/DadraandNagarHaveli.IND/50.16/2/1619697			265				1		2018-03-08T00:00:00Z		GenBank		National Institute of Virology, Measles Group	India	Vaidya,S.R.,Tilavat,S.M.,Kumbhar,N.S.,Kamble,M.B.,Tilavat,S.	2018-03-08T00:00:00Z								Human alphaherpesvirus 3		10335
MF371119.1			PARTIAL	1	India	Asia									Homo sapiens		9606	true				2012-12-14	VZVs/DadraandNagarHaveli.IND/50.16/3/1619698	urine		262				1		2018-03-08T00:00:00Z		GenBank		National Institute of Virology, Measles Group	India	Vaidya,S.R.,Tilavat,S.M.,Kumbhar,N.S.,Kamble,M.B.,Tilavat,S.	2018-03-08T00:00:00Z								Human alphaherpesvirus 3		10335
MF371120.1			PARTIAL	1	India	Asia									Homo sapiens		9606	true				2012-12-14	VZVs/DadraandNagarHaveli.IND/50.16/4/1619699	oronasopharynx		257				1		2018-03-08T00:00:00Z		GenBank		National Institute of Virology, Measles Group	India	Vaidya,S.R.,Tilavat,S.M.,Kumbhar,N.S.,Kamble,M.B.,Tilavat,S.	2018-03-08T00:00:00Z								Human alphaherpesvirus 3		10335
MF371121.1			PARTIAL	1	India	Asia									Homo sapiens		9606	true				2012-12-14	VZVs/DadraandNagarHaveli.IND/50.16/5/1619700			255				1		2018-03-08T00:00:00Z		GenBank		National Institute of Virology, Measles Group	India	Vaidya,S.R.,Tilavat,S.M.,Kumbhar,N.S.,Kamble,M.B.,Tilavat,S.	2018-03-08T00:00:00Z								Human alphaherpesvirus 3		10335
MF371122.1			PARTIAL	1	India	Asia									Homo sapiens		9606	true				2012-12-14	VZVs/DadraandNagarHaveli.IND/50.16/6/1619701	urine		255				1		2018-03-08T00:00:00Z		GenBank		National Institute of Virology, Measles Group	India	Vaidya,S.R.,Tilavat,S.M.,Kumbhar,N.S.,Kamble,M.B.,Tilavat,S.	2018-03-08T00:00:00Z								Human alphaherpesvirus 3		10335
MF371123.1			PARTIAL	1	India	Asia									Homo sapiens		9606	true				2012-12-27	VZVs/DadraandNagarHaveli.IND/52.16/1/1620342			258				1		2018-03-08T00:00:00Z		GenBank		National Institute of Virology, Measles Group	India	Vaidya,S.R.,Tilavat,S.M.,Kumbhar,N.S.,Kamble,M.B.,Tilavat,S.	2018-03-08T00:00:00Z								Human alphaherpesvirus 3		10335
MF371124.1			PARTIAL	1	India	Asia									Homo sapiens		9606	true				2012-12-27	VZVs/DadraandNagarHaveli.IND/52.16/2/1620343			255				1		2018-03-08T00:00:00Z		GenBank		National Institute of Virology, Measles Group	India	Vaidya,S.R.,Tilavat,S.M.,Kumbhar,N.S.,Kamble,M.B.,Tilavat,S.	2018-03-08T00:00:00Z								Human alphaherpesvirus 3		10335
MF503692.1			PARTIAL	1	India: Rajasthan	Asia									Homo sapiens		9606	true				2017	NIV1722262			2729				1		2018-07-19T00:00:00Z		GenBank		National Institute of Virology, Microbial Containment Complex	India	Yadav,P.D.,Shete,A.	2018-07-19T00:00:00Z								Human alphaherpesvirus 3		10335
MF503693.1			PARTIAL	1	India: Rajasthan	Asia									Homo sapiens		9606	true				2017	NIV1723312			2729				1		2018-07-19T00:00:00Z		GenBank		National Institute of Virology, Microbial Containment Complex	India	Yadav,P.D.,Shete,A.	2018-07-19T00:00:00Z								Human alphaherpesvirus 3		10335
MF503694.1			PARTIAL	1	India: Rajasthan	Asia									Homo sapiens		9606	true				2017	NIV1723314			2729				1		2018-07-19T00:00:00Z		GenBank		National Institute of Virology, Microbial Containment Complex	India	Yadav,P.D.,Shete,A.	2018-07-19T00:00:00Z								Human alphaherpesvirus 3		10335
MF503695.1			PARTIAL	1	India: Rajasthan	Asia									Homo sapiens		9606	true				2017	NIV1723315			2698				1		2018-07-19T00:00:00Z		GenBank		National Institute of Virology, Microbial Containment Complex	India	Yadav,P.D.,Shete,A.	2018-07-19T00:00:00Z								Human alphaherpesvirus 3		10335
MF503696.1			PARTIAL	1	India: Maharashtra	Asia									Homo sapiens		9606	true				2017	NIV1725352			2729				1		2018-07-19T00:00:00Z		GenBank		National Institute of Virology, Microbial Containment Complex	India	Yadav,P.D.,Shete,A.	2018-07-19T00:00:00Z								Human alphaherpesvirus 3		10335
MF503697.1			PARTIAL	1	India: Maharashtra	Asia									Homo sapiens		9606	true				2017	NIV1725394			2729				1		2018-07-19T00:00:00Z		GenBank		National Institute of Virology, Microbial Containment Complex	India	Yadav,P.D.,Shete,A.	2018-07-19T00:00:00Z								Human alphaherpesvirus 3		10335
MF503698.1			PARTIAL	1	India: Maharashtra	Asia									Homo sapiens		9606	true				2017	NIV1725380			2690				1		2018-07-19T00:00:00Z		GenBank		National Institute of Virology, Microbial Containment Complex	India	Yadav,P.D.,Shete,A.	2018-07-19T00:00:00Z								Human alphaherpesvirus 3		10335
MF503699.1			PARTIAL	1	India: Maharashtra	Asia									Homo sapiens		9606	true				2017	NIV1725402			2729				1		2018-07-19T00:00:00Z		GenBank		National Institute of Virology, Microbial Containment Complex	India	Yadav,P.D.,Shete,A.	2018-07-19T00:00:00Z								Human alphaherpesvirus 3		10335
MF503700.1			PARTIAL	1	India: Maharashtra	Asia									Homo sapiens		9606	true				2017	NIV1725920			2729				1		2018-07-19T00:00:00Z		GenBank		National Institute of Virology, Microbial Containment Complex	India	Yadav,P.D.,Shete,A.	2018-07-19T00:00:00Z								Human alphaherpesvirus 3		10335
MF503701.1			PARTIAL	1	India: Maharashtra	Asia									Homo sapiens		9606	true				2017	NIV1725930			2729				1		2018-07-19T00:00:00Z		GenBank		National Institute of Virology, Microbial Containment Complex	India	Yadav,P.D.,Shete,A.	2018-07-19T00:00:00Z								Human alphaherpesvirus 3		10335
MF503702.1			PARTIAL	1	India: Maharashtra	Asia									Homo sapiens		9606	true				2017	NIV1725934			2729				1		2018-07-19T00:00:00Z		GenBank		National Institute of Virology, Microbial Containment Complex	India	Yadav,P.D.,Shete,A.	2018-07-19T00:00:00Z								Human alphaherpesvirus 3		10335
MF503703.1			PARTIAL	1	India: Maharashtra	Asia									Homo sapiens		9606	true				2017	NIV1725950			2729				1		2018-07-19T00:00:00Z		GenBank		National Institute of Virology, Microbial Containment Complex	India	Yadav,P.D.,Shete,A.	2018-07-19T00:00:00Z								Human alphaherpesvirus 3		10335
MF503704.1			PARTIAL	1	India: Maharashtra	Asia									Homo sapiens		9606	true				2017	NIV1725958			2729				1		2018-07-19T00:00:00Z		GenBank		National Institute of Virology, Microbial Containment Complex	India	Yadav,P.D.,Shete,A.	2018-07-19T00:00:00Z								Human alphaherpesvirus 3		10335
MF503705.1			PARTIAL	1	India: Maharashtra	Asia									Homo sapiens		9606	true				2017	NIV1725966			2724				1		2018-07-19T00:00:00Z		GenBank		National Institute of Virology, Microbial Containment Complex	India	Yadav,P.D.,Shete,A.	2018-07-19T00:00:00Z								Human alphaherpesvirus 3		10335
MF503706.1			PARTIAL	1	India: Maharashtra	Asia									Homo sapiens		9606	true				2017	NIV1725985			2729				1		2018-07-19T00:00:00Z		GenBank		National Institute of Virology, Microbial Containment Complex	India	Yadav,P.D.,Shete,A.	2018-07-19T00:00:00Z								Human alphaherpesvirus 3		10335
MF503707.1			PARTIAL	1	India: Maharashtra	Asia									Homo sapiens		9606	true				2017	NIV1725549			2729				1		2018-07-19T00:00:00Z		GenBank		National Institute of Virology, Microbial Containment Complex	India	Yadav,P.D.,Shete,A.	2018-07-19T00:00:00Z								Human alphaherpesvirus 3		10335
MF503708.1			PARTIAL	1	India: Maharashtra	Asia									Homo sapiens		9606	true				2017	NIV1725969			2688				1		2018-07-19T00:00:00Z		GenBank		National Institute of Virology, Microbial Containment Complex	India	Yadav,P.D.,Shete,A.	2018-07-19T00:00:00Z								Human alphaherpesvirus 3		10335
MF503709.1			PARTIAL	1	India: Maharashtra	Asia									Homo sapiens		9606	true				2017	NIV1725989			2729				1		2018-07-19T00:00:00Z		GenBank		National Institute of Virology, Microbial Containment Complex	India	Yadav,P.D.,Shete,A.	2018-07-19T00:00:00Z								Human alphaherpesvirus 3		10335
MF503710.1			PARTIAL	1	India: Maharashtra	Asia									Homo sapiens		9606	true				2017	NIV1725993			2729				1		2018-07-19T00:00:00Z		GenBank		National Institute of Virology, Microbial Containment Complex	India	Yadav,P.D.,Shete,A.	2018-07-19T00:00:00Z								Human alphaherpesvirus 3		10335
MF503711.1			PARTIAL	1	India: Maharashtra	Asia									Homo sapiens		9606	true				2017	NIV1726001			2729				1		2018-07-19T00:00:00Z		GenBank		National Institute of Virology, Microbial Containment Complex	India	Yadav,P.D.,Shete,A.	2018-07-19T00:00:00Z								Human alphaherpesvirus 3		10335
MF503712.1			PARTIAL	1	India: Rajasthan	Asia									Homo sapiens		9606	true				2017	NIV1722262			377				1		2018-07-19T00:00:00Z		GenBank		National Institute of Virology, Microbial Containment Complex	India	Yadav,P.D.,Shete,A.	2018-07-19T00:00:00Z								Human alphaherpesvirus 3		10335
MF503713.1			PARTIAL	1	India: Rajasthan	Asia									Homo sapiens		9606	true				2017	NIV1723312			377				1		2018-07-19T00:00:00Z		GenBank		National Institute of Virology, Microbial Containment Complex	India	Yadav,P.D.,Shete,A.	2018-07-19T00:00:00Z								Human alphaherpesvirus 3		10335
MF503714.1			PARTIAL	1	India: Rajasthan	Asia									Homo sapiens		9606	true				2017	NIV1723314			377				1		2018-07-19T00:00:00Z		GenBank		National Institute of Virology, Microbial Containment Complex	India	Yadav,P.D.,Shete,A.	2018-07-19T00:00:00Z								Human alphaherpesvirus 3		10335
MF503715.1			PARTIAL	1	India: Rajasthan	Asia									Homo sapiens		9606	true				2017	NIV1723315			355				1		2018-07-19T00:00:00Z		GenBank		National Institute of Virology, Microbial Containment Complex	India	Yadav,P.D.,Shete,A.	2018-07-19T00:00:00Z								Human alphaherpesvirus 3		10335
MF503716.1			PARTIAL	1	India: Maharashtra	Asia									Homo sapiens		9606	true				2017	NIV1725348			377				1		2018-07-19T00:00:00Z		GenBank		National Institute of Virology, Microbial Containment Complex	India	Yadav,P.D.,Shete,A.	2018-07-19T00:00:00Z								Human alphaherpesvirus 3		10335
MF503717.1			PARTIAL	1	India: Maharashtra	Asia									Homo sapiens		9606	true				2017	NIV1725352			377				1		2018-07-19T00:00:00Z		GenBank		National Institute of Virology, Microbial Containment Complex	India	Yadav,P.D.,Shete,A.	2018-07-19T00:00:00Z								Human alphaherpesvirus 3		10335
MF503718.1			PARTIAL	1	India: Maharashtra	Asia									Homo sapiens		9606	true				2017	NIV1725380			377				1		2018-07-19T00:00:00Z		GenBank		National Institute of Virology, Microbial Containment Complex	India	Yadav,P.D.,Shete,A.	2018-07-19T00:00:00Z								Human alphaherpesvirus 3		10335
MF503719.1			PARTIAL	1	India: Maharashtra	Asia									Homo sapiens		9606	true				2017	NIV1725394			377				1		2018-07-19T00:00:00Z		GenBank		National Institute of Virology, Microbial Containment Complex	India	Yadav,P.D.,Shete,A.	2018-07-19T00:00:00Z								Human alphaherpesvirus 3		10335
MF503720.1			PARTIAL	1	India: Maharashtra	Asia									Homo sapiens		9606	true				2017	NIV1725545			377				1		2018-07-19T00:00:00Z		GenBank		National Institute of Virology, Microbial Containment Complex	India	Yadav,P.D.,Shete,A.	2018-07-19T00:00:00Z								Human alphaherpesvirus 3		10335
MF503721.1			PARTIAL	1	India: Maharashtra	Asia									Homo sapiens		9606	true				2017	NIV1725561			348				1		2018-07-19T00:00:00Z		GenBank		National Institute of Virology, Microbial Containment Complex	India	Yadav,P.D.,Shete,A.	2018-07-19T00:00:00Z								Human alphaherpesvirus 3		10335
MF503722.1			PARTIAL	1	India: Maharashtra	Asia									Homo sapiens		9606	true				2017	NIV1725565			374				1		2018-07-19T00:00:00Z		GenBank		National Institute of Virology, Microbial Containment Complex	India	Yadav,P.D.,Shete,A.	2018-07-19T00:00:00Z								Human alphaherpesvirus 3		10335
MF503723.1			PARTIAL	1	India: Maharashtra	Asia									Homo sapiens		9606	true				2017	NIV1725916			374				1		2018-07-19T00:00:00Z		GenBank		National Institute of Virology, Microbial Containment Complex	India	Yadav,P.D.,Shete,A.	2018-07-19T00:00:00Z								Human alphaherpesvirus 3		10335
MF503724.1			PARTIAL	1	India: Maharashtra	Asia									Homo sapiens		9606	true				2017	NIV1725920			377				1		2018-07-19T00:00:00Z		GenBank		National Institute of Virology, Microbial Containment Complex	India	Yadav,P.D.,Shete,A.	2018-07-19T00:00:00Z								Human alphaherpesvirus 3		10335
MF503725.1			PARTIAL	1	India: Maharashtra	Asia									Homo sapiens		9606	true				2017	NIV1725930			377				1		2018-07-19T00:00:00Z		GenBank		National Institute of Virology, Microbial Containment Complex	India	Yadav,P.D.,Shete,A.	2018-07-19T00:00:00Z								Human alphaherpesvirus 3		10335
MF503726.1			PARTIAL	1	India: Maharashtra	Asia									Homo sapiens		9606	true				2017	NIV1725934			377				1		2018-07-19T00:00:00Z		GenBank		National Institute of Virology, Microbial Containment Complex	India	Yadav,P.D.,Shete,A.	2018-07-19T00:00:00Z								Human alphaherpesvirus 3		10335
MF503727.1			PARTIAL	1	India: Maharashtra	Asia									Homo sapiens		9606	true				2017	NIV1725938			374				1		2018-07-19T00:00:00Z		GenBank		National Institute of Virology, Microbial Containment Complex	India	Yadav,P.D.,Shete,A.	2018-07-19T00:00:00Z								Human alphaherpesvirus 3		10335
MF503728.1			PARTIAL	1	India: Maharashtra	Asia									Homo sapiens		9606	true				2017	NIV1725946			374				1		2018-07-19T00:00:00Z		GenBank		National Institute of Virology, Microbial Containment Complex	India	Yadav,P.D.,Shete,A.	2018-07-19T00:00:00Z								Human alphaherpesvirus 3		10335
MF503729.1			PARTIAL	1	India: Maharashtra	Asia									Homo sapiens		9606	true				2017	NIV1725954			343				1		2018-07-19T00:00:00Z		GenBank		National Institute of Virology, Microbial Containment Complex	India	Yadav,P.D.,Shete,A.	2018-07-19T00:00:00Z								Human alphaherpesvirus 3		10335
MF503730.1			PARTIAL	1	India: Maharashtra	Asia									Homo sapiens		9606	true				2017	NIV1725966			377				1		2018-07-19T00:00:00Z		GenBank		National Institute of Virology, Microbial Containment Complex	India	Yadav,P.D.,Shete,A.	2018-07-19T00:00:00Z								Human alphaherpesvirus 3		10335
MF503731.1			PARTIAL	1	India: Maharashtra	Asia									Homo sapiens		9606	true				2017	NIV1725969			377				1		2018-07-19T00:00:00Z		GenBank		National Institute of Virology, Microbial Containment Complex	India	Yadav,P.D.,Shete,A.	2018-07-19T00:00:00Z								Human alphaherpesvirus 3		10335
MF503732.1			PARTIAL	1	India: Maharashtra	Asia									Homo sapiens		9606	true				2017	NIV1725977			346				1		2018-07-19T00:00:00Z		GenBank		National Institute of Virology, Microbial Containment Complex	India	Yadav,P.D.,Shete,A.	2018-07-19T00:00:00Z								Human alphaherpesvirus 3		10335
MF503733.1			PARTIAL	1	India: Maharashtra	Asia									Homo sapiens		9606	true				2017	NIV1725985			377				1		2018-07-19T00:00:00Z		GenBank		National Institute of Virology, Microbial Containment Complex	India	Yadav,P.D.,Shete,A.	2018-07-19T00:00:00Z								Human alphaherpesvirus 3		10335
MF503734.1			PARTIAL	1	India: Maharashtra	Asia									Homo sapiens		9606	true				2017	NIV1725997			377				1		2018-07-19T00:00:00Z		GenBank		National Institute of Virology, Microbial Containment Complex	India	Yadav,P.D.,Shete,A.	2018-07-19T00:00:00Z								Human alphaherpesvirus 3		10335
MF503735.1			PARTIAL	1	India: Maharashtra	Asia									Homo sapiens		9606	true				2017	NIV1725549			377				1		2018-07-19T00:00:00Z		GenBank		National Institute of Virology, Microbial Containment Complex	India	Yadav,P.D.,Shete,A.	2018-07-19T00:00:00Z								Human alphaherpesvirus 3		10335
MF503736.1			PARTIAL	1	India: Maharashtra	Asia									Homo sapiens		9606	true				2017	NIV1725989			377				1		2018-07-19T00:00:00Z		GenBank		National Institute of Virology, Microbial Containment Complex	India	Yadav,P.D.,Shete,A.	2018-07-19T00:00:00Z								Human alphaherpesvirus 3		10335
MF503737.1			PARTIAL	1	India: Maharashtra	Asia									Homo sapiens		9606	true				2017	NIV1725993			346				1		2018-07-19T00:00:00Z		GenBank		National Institute of Virology, Microbial Containment Complex	India	Yadav,P.D.,Shete,A.	2018-07-19T00:00:00Z								Human alphaherpesvirus 3		10335
MF503738.1			PARTIAL	1	India: Maharashtra	Asia									Homo sapiens		9606	true				2017	NIV1726001			377				1		2018-07-19T00:00:00Z		GenBank		National Institute of Virology, Microbial Containment Complex	India	Yadav,P.D.,Shete,A.	2018-07-19T00:00:00Z								Human alphaherpesvirus 3		10335
MF503739.1			PARTIAL	1	India: Rajasthan	Asia									Homo sapiens		9606	true				2017	NIV1722262			462				1		2018-07-19T00:00:00Z		GenBank		National Institute of Virology, Microbial Containment Complex	India	Yadav,P.D.,Shete,A.	2018-07-19T00:00:00Z								Human alphaherpesvirus 3		10335
MF503740.1			PARTIAL	1	India: Rajasthan	Asia									Homo sapiens		9606	true				2017	NIV1723312			462				1		2018-07-19T00:00:00Z		GenBank		National Institute of Virology, Microbial Containment Complex	India	Yadav,P.D.,Shete,A.	2018-07-19T00:00:00Z								Human alphaherpesvirus 3		10335
MF503741.1			PARTIAL	1	India: Rajasthan	Asia									Homo sapiens		9606	true				2017	NIV1723314			445				1		2018-07-19T00:00:00Z		GenBank		National Institute of Virology, Microbial Containment Complex	India	Yadav,P.D.,Shete,A.	2018-07-19T00:00:00Z								Human alphaherpesvirus 3		10335
MF503742.1			PARTIAL	1	India: Rajasthan	Asia									Homo sapiens		9606	true				2017	NIV1723315			462				1		2018-07-19T00:00:00Z		GenBank		National Institute of Virology, Microbial Containment Complex	India	Yadav,P.D.,Shete,A.	2018-07-19T00:00:00Z								Human alphaherpesvirus 3		10335
MF503743.1			PARTIAL	1	India: Gujarat	Asia									Homo sapiens		9606	true				2017	NIV1723324			462				1		2018-07-19T00:00:00Z		GenBank		National Institute of Virology, Microbial Containment Complex	India	Yadav,P.D.,Shete,A.	2018-07-19T00:00:00Z								Human alphaherpesvirus 3		10335
MF503744.1			PARTIAL	1	India: Maharashtra	Asia									Homo sapiens		9606	true				2017	NIV1725344			462				1		2018-07-19T00:00:00Z		GenBank		National Institute of Virology, Microbial Containment Complex	India	Yadav,P.D.,Shete,A.	2018-07-19T00:00:00Z								Human alphaherpesvirus 3		10335
MF503745.1			PARTIAL	1	India: Maharashtra	Asia									Homo sapiens		9606	true				2017	NIV1725352			462				1		2018-07-19T00:00:00Z		GenBank		National Institute of Virology, Microbial Containment Complex	India	Yadav,P.D.,Shete,A.	2018-07-19T00:00:00Z								Human alphaherpesvirus 3		10335
MF503746.1			PARTIAL	1	India: Maharashtra,India	Asia									Homo sapiens		9606	true				2017	NIV1725372			462				1		2018-07-19T00:00:00Z		GenBank		National Institute of Virology, Microbial Containment Complex	India	Yadav,P.D.,Shete,A.	2018-07-19T00:00:00Z								Human alphaherpesvirus 3		10335
MF503747.1			PARTIAL	1	India: Maharashtra	Asia									Homo sapiens		9606	true				2017	NIV1725376			454				1		2018-07-19T00:00:00Z		GenBank		National Institute of Virology, Microbial Containment Complex	India	Yadav,P.D.,Shete,A.	2018-07-19T00:00:00Z								Human alphaherpesvirus 3		10335
MF503748.1			PARTIAL	1	India: Maharashtra	Asia									Homo sapiens		9606	true				2017	NIV1725380			462				1		2018-07-19T00:00:00Z		GenBank		National Institute of Virology, Microbial Containment Complex	India	Yadav,P.D.,Shete,A.	2018-07-19T00:00:00Z								Human alphaherpesvirus 3		10335
MF503749.1			PARTIAL	1	India: Maharashtra	Asia									Homo sapiens		9606	true				2017	NIV1725389			462				1		2018-07-19T00:00:00Z		GenBank		National Institute of Virology, Microbial Containment Complex	India	Yadav,P.D.,Shete,A.	2018-07-19T00:00:00Z								Human alphaherpesvirus 3		10335
MF503750.1			PARTIAL	1	India: Maharashtra	Asia									Homo sapiens		9606	true				2017	NIV1725394			462				1		2018-07-19T00:00:00Z		GenBank		National Institute of Virology, Microbial Containment Complex	India	Yadav,P.D.,Shete,A.	2018-07-19T00:00:00Z								Human alphaherpesvirus 3		10335
MF503751.1			PARTIAL	1	India: Maharashtra	Asia									Homo sapiens		9606	true				2017	NIV1725402			462				1		2018-07-19T00:00:00Z		GenBank		National Institute of Virology, Microbial Containment Complex	India	Yadav,P.D.,Shete,A.	2018-07-19T00:00:00Z								Human alphaherpesvirus 3		10335
MF503752.1			PARTIAL	1	India: Maharashtra	Asia									Homo sapiens		9606	true				2017	NIV1725549			445				1		2018-07-19T00:00:00Z		GenBank		National Institute of Virology, Microbial Containment Complex	India	Yadav,P.D.,Shete,A.	2018-07-19T00:00:00Z								Human alphaherpesvirus 3		10335
MF503753.1			PARTIAL	1	India: Maharashtra	Asia									Homo sapiens		9606	true				2017	NIV1725557			462				1		2018-07-19T00:00:00Z		GenBank		National Institute of Virology, Microbial Containment Complex	India	Yadav,P.D.,Shete,A.	2018-07-19T00:00:00Z								Human alphaherpesvirus 3		10335
MF503754.1			PARTIAL	1	India: Maharashtra	Asia									Homo sapiens		9606	true				2017	NIV1725561			462				1		2018-07-19T00:00:00Z		GenBank		National Institute of Virology, Microbial Containment Complex	India	Yadav,P.D.,Shete,A.	2018-07-19T00:00:00Z								Human alphaherpesvirus 3		10335
MF503755.1			PARTIAL	1	India: Maharashtra	Asia									Homo sapiens		9606	true				2017	NIV1725565			445				1		2018-07-19T00:00:00Z		GenBank		National Institute of Virology, Microbial Containment Complex	India	Yadav,P.D.,Shete,A.	2018-07-19T00:00:00Z								Human alphaherpesvirus 3		10335
MF503756.1			PARTIAL	1	India: Maharashtra	Asia									Homo sapiens		9606	true				2017	NIV1725916			462				1		2018-07-19T00:00:00Z		GenBank		National Institute of Virology, Microbial Containment Complex	India	Yadav,P.D.,Shete,A.	2018-07-19T00:00:00Z								Human alphaherpesvirus 3		10335
MF503757.1			PARTIAL	1	India: Maharashtra	Asia									Homo sapiens		9606	true				2017	NIV1725920			462				1		2018-07-19T00:00:00Z		GenBank		National Institute of Virology, Microbial Containment Complex	India	Yadav,P.D.,Shete,A.	2018-07-19T00:00:00Z								Human alphaherpesvirus 3		10335
MF503758.1			PARTIAL	1	India: Maharashtra	Asia									Homo sapiens		9606	true				2017	NIV1725930			462				1		2018-07-19T00:00:00Z		GenBank		National Institute of Virology, Microbial Containment Complex	India	Yadav,P.D.,Shete,A.	2018-07-19T00:00:00Z								Human alphaherpesvirus 3		10335
MF503759.1			PARTIAL	1	India: Maharashtra	Asia									Homo sapiens		9606	true				2017	NIV1725934			462				1		2018-07-19T00:00:00Z		GenBank		National Institute of Virology, Microbial Containment Complex	India	Yadav,P.D.,Shete,A.	2018-07-19T00:00:00Z								Human alphaherpesvirus 3		10335
MF503760.1			PARTIAL	1	India: Maharashtra	Asia									Homo sapiens		9606	true				2017	NIV1725938			462				1		2018-07-19T00:00:00Z		GenBank		National Institute of Virology, Microbial Containment Complex	India	Yadav,P.D.,Shete,A.	2018-07-19T00:00:00Z								Human alphaherpesvirus 3		10335
MF503761.1			PARTIAL	1	India: Maharashtra	Asia									Homo sapiens		9606	true				2017	NIV1725946			462				1		2018-07-19T00:00:00Z		GenBank		National Institute of Virology, Microbial Containment Complex	India	Yadav,P.D.,Shete,A.	2018-07-19T00:00:00Z								Human alphaherpesvirus 3		10335
MF503762.1			PARTIAL	1	India: Maharashtra	Asia									Homo sapiens		9606	true				2017	NIV1725950			462				1		2018-07-19T00:00:00Z		GenBank		National Institute of Virology, Microbial Containment Complex	India	Yadav,P.D.,Shete,A.	2018-07-19T00:00:00Z								Human alphaherpesvirus 3		10335
MF503763.1			PARTIAL	1	India: Maharashtra	Asia									Homo sapiens		9606	true				2017	NIV1725954			462				1		2018-07-19T00:00:00Z		GenBank		National Institute of Virology, Microbial Containment Complex	India	Yadav,P.D.,Shete,A.	2018-07-19T00:00:00Z								Human alphaherpesvirus 3		10335
MF503764.1			PARTIAL	1	India: Maharashtra	Asia									Homo sapiens		9606	true				2017	NIV1725958			454				1		2018-07-19T00:00:00Z		GenBank		National Institute of Virology, Microbial Containment Complex	India	Yadav,P.D.,Shete,A.	2018-07-19T00:00:00Z								Human alphaherpesvirus 3		10335
MF503765.1			PARTIAL	1	India: Maharashtra	Asia									Homo sapiens		9606	true				2017	NIV1725966			462				1		2018-07-19T00:00:00Z		GenBank		National Institute of Virology, Microbial Containment Complex	India	Yadav,P.D.,Shete,A.	2018-07-19T00:00:00Z								Human alphaherpesvirus 3		10335
MF503766.1			PARTIAL	1	India: Maharashtra	Asia									Homo sapiens		9606	true				2017	NIV1725969			462				1		2018-07-19T00:00:00Z		GenBank		National Institute of Virology, Microbial Containment Complex	India	Yadav,P.D.,Shete,A.	2018-07-19T00:00:00Z								Human alphaherpesvirus 3		10335
MF503767.1			PARTIAL	1	India: Maharashtra	Asia									Homo sapiens		9606	true				2017	NIV1725977			449				1		2018-07-19T00:00:00Z		GenBank		National Institute of Virology, Microbial Containment Complex	India	Yadav,P.D.,Shete,A.	2018-07-19T00:00:00Z								Human alphaherpesvirus 3		10335
MF503768.1			PARTIAL	1	India: Maharashtra	Asia									Homo sapiens		9606	true				2017	NIV1725985			454				1		2018-07-19T00:00:00Z		GenBank		National Institute of Virology, Microbial Containment Complex	India	Yadav,P.D.,Shete,A.	2018-07-19T00:00:00Z								Human alphaherpesvirus 3		10335
MF503769.1			PARTIAL	1	India: Maharashtra	Asia									Homo sapiens		9606	true				2017	NIV1725989			462				1		2018-07-19T00:00:00Z		GenBank		National Institute of Virology, Microbial Containment Complex	India	Yadav,P.D.,Shete,A.	2018-07-19T00:00:00Z								Human alphaherpesvirus 3		10335
MF503770.1			PARTIAL	1	India: Maharashtra	Asia									Homo sapiens		9606	true				2017	NIV1725993			462				1		2018-07-19T00:00:00Z		GenBank		National Institute of Virology, Microbial Containment Complex	India	Yadav,P.D.,Shete,A.	2018-07-19T00:00:00Z								Human alphaherpesvirus 3		10335
MF503771.1			PARTIAL	1	India: Maharashtra	Asia									Homo sapiens		9606	true				2017	NIV1725997			462				1		2018-07-19T00:00:00Z		GenBank		National Institute of Virology, Microbial Containment Complex	India	Yadav,P.D.,Shete,A.	2018-07-19T00:00:00Z								Human alphaherpesvirus 3		10335
MF503772.1			PARTIAL	1	India: Rajasthan	Asia									Homo sapiens		9606	true				2017	NIV1722262			436				1		2018-07-19T00:00:00Z		GenBank		National Institute of Virology, Microbial Containment Complex	India	Yadav,P.D.,Shete,A.	2018-07-19T00:00:00Z								Human alphaherpesvirus 3		10335
MF503773.1			PARTIAL	1	India: Rajasthan	Asia									Homo sapiens		9606	true				2017	NIV1723308			436				1		2018-07-19T00:00:00Z		GenBank		National Institute of Virology, Microbial Containment Complex	India	Yadav,P.D.,Shete,A.	2018-07-19T00:00:00Z								Human alphaherpesvirus 3		10335
MF503774.1			PARTIAL	1	India: Rajasthan	Asia									Homo sapiens		9606	true				2017	NIV1723312			436				1		2018-07-19T00:00:00Z		GenBank		National Institute of Virology, Microbial Containment Complex	India	Yadav,P.D.,Shete,A.	2018-07-19T00:00:00Z								Human alphaherpesvirus 3		10335
MF503775.1			PARTIAL	1	India: Rajasthan	Asia									Homo sapiens		9606	true				2017	NIV1723315			436				1		2018-07-19T00:00:00Z		GenBank		National Institute of Virology, Microbial Containment Complex	India	Yadav,P.D.,Shete,A.	2018-07-19T00:00:00Z								Human alphaherpesvirus 3		10335
MF503776.1			PARTIAL	1	India: Gujarat	Asia									Homo sapiens		9606	true				2017	NIV1723324			436				1		2018-07-19T00:00:00Z		GenBank		National Institute of Virology, Microbial Containment Complex	India	Yadav,P.D.,Shete,A.	2018-07-19T00:00:00Z								Human alphaherpesvirus 3		10335
MF503777.1			PARTIAL	1	India: Maharashtra	Asia									Homo sapiens		9606	true				2017	NIV1725344			418				1		2018-07-19T00:00:00Z		GenBank		National Institute of Virology, Microbial Containment Complex	India	Yadav,P.D.,Shete,A.	2018-07-19T00:00:00Z								Human alphaherpesvirus 3		10335
MF503778.1			PARTIAL	1	India: Maharashtra	Asia									Homo sapiens		9606	true				2017	NIV1725348			436				1		2018-07-19T00:00:00Z		GenBank		National Institute of Virology, Microbial Containment Complex	India	Yadav,P.D.,Shete,A.	2018-07-19T00:00:00Z								Human alphaherpesvirus 3		10335
MF503779.1			PARTIAL	1	India: Maharashtra	Asia									Homo sapiens		9606	true				2017	NIV1725352			436				1		2018-07-19T00:00:00Z		GenBank		National Institute of Virology, Microbial Containment Complex	India	Yadav,P.D.,Shete,A.	2018-07-19T00:00:00Z								Human alphaherpesvirus 3		10335
MF503780.1			PARTIAL	1	India: Maharashtra	Asia									Homo sapiens		9606	true				2017	NIV1725372			436				1		2018-07-19T00:00:00Z		GenBank		National Institute of Virology, Microbial Containment Complex	India	Yadav,P.D.,Shete,A.	2018-07-19T00:00:00Z								Human alphaherpesvirus 3		10335
MF503781.1			PARTIAL	1	India: Maharashtra	Asia									Homo sapiens		9606	true				2017	NIV1725376			436				1		2018-07-19T00:00:00Z		GenBank		National Institute of Virology, Microbial Containment Complex	India	Yadav,P.D.,Shete,A.	2018-07-19T00:00:00Z								Human alphaherpesvirus 3		10335
MF503782.1			PARTIAL	1	India: Maharashtra	Asia									Homo sapiens		9606	true				2017	NIV1725389			436				1		2018-07-19T00:00:00Z		GenBank		National Institute of Virology, Microbial Containment Complex	India	Yadav,P.D.,Shete,A.	2018-07-19T00:00:00Z								Human alphaherpesvirus 3		10335
MF503783.1			PARTIAL	1	India: Maharashtra	Asia									Homo sapiens		9606	true				2017	NIV1725394			436				1		2018-07-19T00:00:00Z		GenBank		National Institute of Virology, Microbial Containment Complex	India	Yadav,P.D.,Shete,A.	2018-07-19T00:00:00Z								Human alphaherpesvirus 3		10335
MF503784.1			PARTIAL	1	India: Maharashtra	Asia									Homo sapiens		9606	true				2017	NIV1725406			418				1		2018-07-19T00:00:00Z		GenBank		National Institute of Virology, Microbial Containment Complex	India	Yadav,P.D.,Shete,A.	2018-07-19T00:00:00Z								Human alphaherpesvirus 3		10335
MF503785.1			PARTIAL	1	India: Maharashtra	Asia									Homo sapiens		9606	true				2017	NIV1725545			436				1		2018-07-19T00:00:00Z		GenBank		National Institute of Virology, Microbial Containment Complex	India	Yadav,P.D.,Shete,A.	2018-07-19T00:00:00Z								Human alphaherpesvirus 3		10335
MF503786.1			PARTIAL	1	India: Maharashtra	Asia									Homo sapiens		9606	true				2017	NIV1725549			436				1		2018-07-19T00:00:00Z		GenBank		National Institute of Virology, Microbial Containment Complex	India	Yadav,P.D.,Shete,A.	2018-07-19T00:00:00Z								Human alphaherpesvirus 3		10335
MF503787.1			PARTIAL	1	India: Maharashtra	Asia									Homo sapiens		9606	true				2017	NIV1725557			436				1		2018-07-19T00:00:00Z		GenBank		National Institute of Virology, Microbial Containment Complex	India	Yadav,P.D.,Shete,A.	2018-07-19T00:00:00Z								Human alphaherpesvirus 3		10335
MF503788.1			PARTIAL	1	India: Maharashtra	Asia									Homo sapiens		9606	true				2017	NIV1725561			216				1		2018-07-19T00:00:00Z		GenBank		National Institute of Virology, Microbial Containment Complex	India	Yadav,P.D.,Shete,A.	2018-07-19T00:00:00Z								Human alphaherpesvirus 3		10335
MF503789.1			PARTIAL	1	India: Maharashtra	Asia									Homo sapiens		9606	true				2017	NIV1725565			436				1		2018-07-19T00:00:00Z		GenBank		National Institute of Virology, Microbial Containment Complex	India	Yadav,P.D.,Shete,A.	2018-07-19T00:00:00Z								Human alphaherpesvirus 3		10335
MF503790.1			PARTIAL	1	India: Maharashtra	Asia									Homo sapiens		9606	true				2017	NIV1725916			436				1		2018-07-19T00:00:00Z		GenBank		National Institute of Virology, Microbial Containment Complex	India	Yadav,P.D.,Shete,A.	2018-07-19T00:00:00Z								Human alphaherpesvirus 3		10335
MF503791.1			PARTIAL	1	India: Maharashtra	Asia									Homo sapiens		9606	true				2017	NIV1725920			436				1		2018-07-19T00:00:00Z		GenBank		National Institute of Virology, Microbial Containment Complex	India	Yadav,P.D.,Shete,A.	2018-07-19T00:00:00Z								Human alphaherpesvirus 3		10335
MF503792.1			PARTIAL	1	India: Maharashtra	Asia									Homo sapiens		9606	true				2017	NIV1725930			436				1		2018-07-19T00:00:00Z		GenBank		National Institute of Virology, Microbial Containment Complex	India	Yadav,P.D.,Shete,A.	2018-07-19T00:00:00Z								Human alphaherpesvirus 3		10335
MF503793.1			PARTIAL	1	India: Maharashtra	Asia									Homo sapiens		9606	true				2017	NIV1725934			436				1		2018-07-19T00:00:00Z		GenBank		National Institute of Virology, Microbial Containment Complex	India	Yadav,P.D.,Shete,A.	2018-07-19T00:00:00Z								Human alphaherpesvirus 3		10335
MF503794.1			PARTIAL	1	India: Maharashtra	Asia									Homo sapiens		9606	true				2017	NIV1725938			436				1		2018-07-19T00:00:00Z		GenBank		National Institute of Virology, Microbial Containment Complex	India	Yadav,P.D.,Shete,A.	2018-07-19T00:00:00Z								Human alphaherpesvirus 3		10335
MF503795.1			PARTIAL	1	India: Maharashtra	Asia									Homo sapiens		9606	true				2017	NIV1725946			406				1		2018-07-19T00:00:00Z		GenBank		National Institute of Virology, Microbial Containment Complex	India	Yadav,P.D.,Shete,A.	2018-07-19T00:00:00Z								Human alphaherpesvirus 3		10335
MF503796.1			PARTIAL	1	India: Maharashtra	Asia									Homo sapiens		9606	true				2017	NIV1725950			436				1		2018-07-19T00:00:00Z		GenBank		National Institute of Virology, Microbial Containment Complex	India	Yadav,P.D.,Shete,A.	2018-07-19T00:00:00Z								Human alphaherpesvirus 3		10335
MF503797.1			PARTIAL	1	India: Maharashtra	Asia									Homo sapiens		9606	true				2017	NIV1725954			436				1		2018-07-19T00:00:00Z		GenBank		National Institute of Virology, Microbial Containment Complex	India	Yadav,P.D.,Shete,A.	2018-07-19T00:00:00Z								Human alphaherpesvirus 3		10335
MF503798.1			PARTIAL	1	India: Maharashtra	Asia									Homo sapiens		9606	true				2017	NIV1725958			425				1		2018-07-19T00:00:00Z		GenBank		National Institute of Virology, Microbial Containment Complex	India	Yadav,P.D.,Shete,A.	2018-07-19T00:00:00Z								Human alphaherpesvirus 3		10335
MF503799.1			PARTIAL	1	India: Maharashtra	Asia									Homo sapiens		9606	true				2017	NIV1725966			436				1		2018-07-19T00:00:00Z		GenBank		National Institute of Virology, Microbial Containment Complex	India	Yadav,P.D.,Shete,A.	2018-07-19T00:00:00Z								Human alphaherpesvirus 3		10335
MF503800.1			PARTIAL	1	India: Maharashtra	Asia									Homo sapiens		9606	true				2017	NIV1725969			406				1		2018-07-19T00:00:00Z		GenBank		National Institute of Virology, Microbial Containment Complex	India	Yadav,P.D.,Shete,A.	2018-07-19T00:00:00Z								Human alphaherpesvirus 3		10335
MF503801.1			PARTIAL	1	India: Maharashtra	Asia									Homo sapiens		9606	true				2017	NIV1725977			388				1		2018-07-19T00:00:00Z		GenBank		National Institute of Virology, Microbial Containment Complex	India	Yadav,P.D.,Shete,A.	2018-07-19T00:00:00Z								Human alphaherpesvirus 3		10335
MF503802.1			PARTIAL	1	India: Maharashtra	Asia									Homo sapiens		9606	true				2017	NIV1725985			418				1		2018-07-19T00:00:00Z		GenBank		National Institute of Virology, Microbial Containment Complex	India	Yadav,P.D.,Shete,A.	2018-07-19T00:00:00Z								Human alphaherpesvirus 3		10335
MF503803.1			PARTIAL	1	India: Maharashtra	Asia									Homo sapiens		9606	true				2017	NIV1725989			436				1		2018-07-19T00:00:00Z		GenBank		National Institute of Virology, Microbial Containment Complex	India	Yadav,P.D.,Shete,A.	2018-07-19T00:00:00Z								Human alphaherpesvirus 3		10335
MF503804.1			PARTIAL	1	India: Maharashtra	Asia									Homo sapiens		9606	true				2017	NIV1725993			436				1		2018-07-19T00:00:00Z		GenBank		National Institute of Virology, Microbial Containment Complex	India	Yadav,P.D.,Shete,A.	2018-07-19T00:00:00Z								Human alphaherpesvirus 3		10335
MF503805.1			PARTIAL	1	India: Maharashtra	Asia									Homo sapiens		9606	true				2017	NIV1725997			436				1		2018-07-19T00:00:00Z		GenBank		National Institute of Virology, Microbial Containment Complex	India	Yadav,P.D.,Shete,A.	2018-07-19T00:00:00Z								Human alphaherpesvirus 3		10335
MF503806.1			PARTIAL	1	India: Maharashtra	Asia									Homo sapiens		9606	true				2017	NIV1726001			406				1		2018-07-19T00:00:00Z		GenBank		National Institute of Virology, Microbial Containment Complex	India	Yadav,P.D.,Shete,A.	2018-07-19T00:00:00Z								Human alphaherpesvirus 3		10335
MF503807.1			PARTIAL	1	India: Rajasthan	Asia									Homo sapiens		9606	true				2017	NIV1722262			736				1		2018-07-19T00:00:00Z		GenBank		National Institute of Virology, Microbial Containment Complex	India	Yadav,P.D.,Shete,A.	2018-07-19T00:00:00Z								Human alphaherpesvirus 3		10335
MF503808.1			PARTIAL	1	India: Rajasthan	Asia									Homo sapiens		9606	true				2017	NIV1723308			621				1		2018-07-19T00:00:00Z		GenBank		National Institute of Virology, Microbial Containment Complex	India	Yadav,P.D.,Shete,A.	2018-07-19T00:00:00Z								Human alphaherpesvirus 3		10335
MF503809.1			PARTIAL	1	India: Rajasthan	Asia									Homo sapiens		9606	true				2017	NIV1723312			566				1		2018-07-19T00:00:00Z		GenBank		National Institute of Virology, Microbial Containment Complex	India	Yadav,P.D.,Shete,A.	2018-07-19T00:00:00Z								Human alphaherpesvirus 3		10335
MF503810.1			PARTIAL	1	India: Rajasthan	Asia									Homo sapiens		9606	true				2017	NIV1723314			671				1		2018-07-19T00:00:00Z		GenBank		National Institute of Virology, Microbial Containment Complex	India	Yadav,P.D.,Shete,A.	2018-07-19T00:00:00Z								Human alphaherpesvirus 3		10335
MF503811.1			PARTIAL	1	India: Rajasthan	Asia									Homo sapiens		9606	true				2017	NIV1723315			736				1		2018-07-19T00:00:00Z		GenBank		National Institute of Virology, Microbial Containment Complex	India	Yadav,P.D.,Shete,A.	2018-07-19T00:00:00Z								Human alphaherpesvirus 3		10335
MF503812.1			PARTIAL	1	India: Gujarat	Asia									Homo sapiens		9606	true				2017	NIV1723324			736				1		2018-07-19T00:00:00Z		GenBank		National Institute of Virology, Microbial Containment Complex	India	Yadav,P.D.,Shete,A.	2018-07-19T00:00:00Z								Human alphaherpesvirus 3		10335
MF503813.1			PARTIAL	1	India: Maharashtra	Asia									Homo sapiens		9606	true				2017	NIV1725352			736				1		2018-07-19T00:00:00Z		GenBank		National Institute of Virology, Microbial Containment Complex	India	Yadav,P.D.,Shete,A.	2018-07-19T00:00:00Z								Human alphaherpesvirus 3		10335
MF503814.1			PARTIAL	1	India: Maharashtra	Asia									Homo sapiens		9606	true				2017	NIV1725376			229				1		2018-07-19T00:00:00Z		GenBank		National Institute of Virology, Microbial Containment Complex	India	Yadav,P.D.,Shete,A.	2018-07-19T00:00:00Z								Human alphaherpesvirus 3		10335
MF503815.1			PARTIAL	1	India: Maharashtra	Asia									Homo sapiens		9606	true				2017	NIV1725380			696				1		2018-07-19T00:00:00Z		GenBank		National Institute of Virology, Microbial Containment Complex	India	Yadav,P.D.,Shete,A.	2018-07-19T00:00:00Z								Human alphaherpesvirus 3		10335
MF503816.1			PARTIAL	1	India: Maharashtra	Asia									Homo sapiens		9606	true				2017	NIV1725394			736				1		2018-07-19T00:00:00Z		GenBank		National Institute of Virology, Microbial Containment Complex	India	Yadav,P.D.,Shete,A.	2018-07-19T00:00:00Z								Human alphaherpesvirus 3		10335
MF503817.1			PARTIAL	1	India: Maharashtra	Asia									Homo sapiens		9606	true				2017	NIV1725402			736				1		2018-07-19T00:00:00Z		GenBank		National Institute of Virology, Microbial Containment Complex	India	Yadav,P.D.,Shete,A.	2018-07-19T00:00:00Z								Human alphaherpesvirus 3		10335
MF503818.1			PARTIAL	1	India: Maharashtra	Asia									Homo sapiens		9606	true				2017	NIV1725549			736				1		2018-07-19T00:00:00Z		GenBank		National Institute of Virology, Microbial Containment Complex	India	Yadav,P.D.,Shete,A.	2018-07-19T00:00:00Z								Human alphaherpesvirus 3		10335
MF503819.1			PARTIAL	1	India: Maharashtra	Asia									Homo sapiens		9606	true				2017	NIV1725920			736				1		2018-07-19T00:00:00Z		GenBank		National Institute of Virology, Microbial Containment Complex	India	Yadav,P.D.,Shete,A.	2018-07-19T00:00:00Z								Human alphaherpesvirus 3		10335
MF503820.1			PARTIAL	1	India: Maharashtra	Asia									Homo sapiens		9606	true				2017	NIV1725930			736				1		2018-07-19T00:00:00Z		GenBank		National Institute of Virology, Microbial Containment Complex	India	Yadav,P.D.,Shete,A.	2018-07-19T00:00:00Z								Human alphaherpesvirus 3		10335
MF503821.1			PARTIAL	1	India: Maharashtra	Asia									Homo sapiens		9606	true				2017	NIV1725934			736				1		2018-07-19T00:00:00Z		GenBank		National Institute of Virology, Microbial Containment Complex	India	Yadav,P.D.,Shete,A.	2018-07-19T00:00:00Z								Human alphaherpesvirus 3		10335
MF503822.1			PARTIAL	1	India: Maharashtra	Asia									Homo sapiens		9606	true				2017	NIV1725950			736				1		2018-07-19T00:00:00Z		GenBank		National Institute of Virology, Microbial Containment Complex	India	Yadav,P.D.,Shete,A.	2018-07-19T00:00:00Z								Human alphaherpesvirus 3		10335
MF503823.1			PARTIAL	1	India: Maharashtra	Asia									Homo sapiens		9606	true				2017	NIV1725954			736				1		2018-07-19T00:00:00Z		GenBank		National Institute of Virology, Microbial Containment Complex	India	Yadav,P.D.,Shete,A.	2018-07-19T00:00:00Z								Human alphaherpesvirus 3		10335
MF503824.1			PARTIAL	1	India: Maharashtra	Asia									Homo sapiens		9606	true				2017	NIV1725958			736				1		2018-07-19T00:00:00Z		GenBank		National Institute of Virology, Microbial Containment Complex	India	Yadav,P.D.,Shete,A.	2018-07-19T00:00:00Z								Human alphaherpesvirus 3		10335
MF503825.1			PARTIAL	1	India: Maharashtra	Asia									Homo sapiens		9606	true				2017	NIV1725966			726				1		2018-07-19T00:00:00Z		GenBank		National Institute of Virology, Microbial Containment Complex	India	Yadav,P.D.,Shete,A.	2018-07-19T00:00:00Z								Human alphaherpesvirus 3		10335
MF503826.1			PARTIAL	1	India: Maharashtra	Asia									Homo sapiens		9606	true				2017	NIV1725985			736				1		2018-07-19T00:00:00Z		GenBank		National Institute of Virology, Microbial Containment Complex	India	Yadav,P.D.,Shete,A.	2018-07-19T00:00:00Z								Human alphaherpesvirus 3		10335
MF503827.1			PARTIAL	1	India: Maharashtra	Asia									Homo sapiens		9606	true				2017	NIV1725989			736				1		2018-07-19T00:00:00Z		GenBank		National Institute of Virology, Microbial Containment Complex	India	Yadav,P.D.,Shete,A.	2018-07-19T00:00:00Z								Human alphaherpesvirus 3		10335
MF503828.1			PARTIAL	1	India: Maharashtra	Asia									Homo sapiens		9606	true				2017	NIV1725993			736				1		2018-07-19T00:00:00Z		GenBank		National Institute of Virology, Microbial Containment Complex	India	Yadav,P.D.,Shete,A.	2018-07-19T00:00:00Z								Human alphaherpesvirus 3		10335
MF503829.1			PARTIAL	1	India: Maharashtra	Asia									Homo sapiens		9606	true				2017	NIV1726001			736				1		2018-07-19T00:00:00Z		GenBank		National Institute of Virology, Microbial Containment Complex	India	Yadav,P.D.,Shete,A.	2018-07-19T00:00:00Z								Human alphaherpesvirus 3		10335
MF898328.1			COMPLETE	74	China	Asia												true				2015	Baike			125095				74		2019-01-24T00:00:00Z		GenBank		Institute of Viral Disease Control and Prevention, Measles	China	Wu,Q.,Rivailler,P.,Xu,S.,Xu,W.	2020-12-16T00:00:00Z								Human alphaherpesvirus 3		10335
MG191301.1			PARTIAL		Japan	Asia									Homo sapiens		9606					2017	pOka			720						2018-02-14T00:00:00Z		GenBank		Erasmus Medical Center, Viroscience	Netherlands	Depledge,D.P.,Ouwendijk,W.J.D.,Sadaoka,T.,Braspenning,S.E.,Mori,Y.,Cohrs,R.J.,Verjans,G.M.G.M.,Breuer,J.	2018-02-14T00:00:00Z								Human alphaherpesvirus 3		10335
MG191302.1			PARTIAL		Japan	Asia									Homo sapiens		9606					2017	pOka			1567						2018-02-14T00:00:00Z		GenBank		Erasmus Medical Center, Viroscience	Netherlands	Depledge,D.P.,Ouwendijk,W.J.D.,Sadaoka,T.,Braspenning,S.E.,Mori,Y.,Cohrs,R.J.,Verjans,G.M.G.M.,Breuer,J.	2018-02-14T00:00:00Z								Human alphaherpesvirus 3		10335
MG191303.1			PARTIAL		Japan	Asia									Homo sapiens		9606					2017	pOka			604						2018-02-14T00:00:00Z		GenBank		Erasmus Medical Center, Viroscience	Netherlands	Depledge,D.P.,Ouwendijk,W.J.D.,Sadaoka,T.,Braspenning,S.E.,Mori,Y.,Cohrs,R.J.,Verjans,G.M.G.M.,Breuer,J.	2018-02-14T00:00:00Z								Human alphaherpesvirus 3		10335
MG191304.1			PARTIAL		Japan	Asia									Homo sapiens		9606					2017	pOka			1027						2018-02-14T00:00:00Z		GenBank		Erasmus Medical Center, Viroscience	Netherlands	Depledge,D.P.,Ouwendijk,W.J.D.,Sadaoka,T.,Braspenning,S.E.,Mori,Y.,Cohrs,R.J.,Verjans,G.M.G.M.,Breuer,J.	2018-02-14T00:00:00Z								Human alphaherpesvirus 3		10335
MG191305.1			PARTIAL		Japan	Asia									Homo sapiens		9606					2017	pOka			1252						2018-02-14T00:00:00Z		GenBank		Erasmus Medical Center, Viroscience	Netherlands	Depledge,D.P.,Ouwendijk,W.J.D.,Sadaoka,T.,Braspenning,S.E.,Mori,Y.,Cohrs,R.J.,Verjans,G.M.G.M.,Breuer,J.	2018-02-14T00:00:00Z								Human alphaherpesvirus 3		10335
MG191306.1			PARTIAL		Japan	Asia									Homo sapiens		9606					2017	pOka			1812						2018-02-14T00:00:00Z		GenBank		Erasmus Medical Center, Viroscience	Netherlands	Depledge,D.P.,Ouwendijk,W.J.D.,Sadaoka,T.,Braspenning,S.E.,Mori,Y.,Cohrs,R.J.,Verjans,G.M.G.M.,Breuer,J.	2018-02-14T00:00:00Z								Human alphaherpesvirus 3		10335
MG191307.1			PARTIAL		Japan	Asia									Homo sapiens		9606					2017	pOka			1071						2018-02-14T00:00:00Z		GenBank		Erasmus Medical Center, Viroscience	Netherlands	Depledge,D.P.,Ouwendijk,W.J.D.,Sadaoka,T.,Braspenning,S.E.,Mori,Y.,Cohrs,R.J.,Verjans,G.M.G.M.,Breuer,J.	2018-02-14T00:00:00Z								Human alphaherpesvirus 3		10335
MG191308.1			PARTIAL		Japan	Asia									Homo sapiens		9606					2017	pOka			917						2018-02-14T00:00:00Z		GenBank		Erasmus Medical Center, Viroscience	Netherlands	Depledge,D.P.,Ouwendijk,W.J.D.,Sadaoka,T.,Braspenning,S.E.,Mori,Y.,Cohrs,R.J.,Verjans,G.M.G.M.,Breuer,J.	2018-02-14T00:00:00Z								Human alphaherpesvirus 3		10335
MG191309.1			PARTIAL		Japan	Asia									Homo sapiens		9606					2017	pOka			786						2018-02-14T00:00:00Z		GenBank		Erasmus Medical Center, Viroscience	Netherlands	Depledge,D.P.,Ouwendijk,W.J.D.,Sadaoka,T.,Braspenning,S.E.,Mori,Y.,Cohrs,R.J.,Verjans,G.M.G.M.,Breuer,J.	2018-02-14T00:00:00Z								Human alphaherpesvirus 3		10335
MG191310.1			PARTIAL		Japan	Asia									Homo sapiens		9606					2017	pOka			1194						2018-02-14T00:00:00Z		GenBank		Erasmus Medical Center, Viroscience	Netherlands	Depledge,D.P.,Ouwendijk,W.J.D.,Sadaoka,T.,Braspenning,S.E.,Mori,Y.,Cohrs,R.J.,Verjans,G.M.G.M.,Breuer,J.	2018-02-14T00:00:00Z								Human alphaherpesvirus 3		10335
MG191311.1			PARTIAL		Japan	Asia									Homo sapiens		9606					2017	pOka			815						2018-02-14T00:00:00Z		GenBank		Erasmus Medical Center, Viroscience	Netherlands	Depledge,D.P.,Ouwendijk,W.J.D.,Sadaoka,T.,Braspenning,S.E.,Mori,Y.,Cohrs,R.J.,Verjans,G.M.G.M.,Breuer,J.	2018-02-14T00:00:00Z								Human alphaherpesvirus 3		10335
MG191312.1			PARTIAL		Japan	Asia									Homo sapiens		9606					2017	pOka			982						2018-02-14T00:00:00Z		GenBank		Erasmus Medical Center, Viroscience	Netherlands	Depledge,D.P.,Ouwendijk,W.J.D.,Sadaoka,T.,Braspenning,S.E.,Mori,Y.,Cohrs,R.J.,Verjans,G.M.G.M.,Breuer,J.	2018-02-14T00:00:00Z								Human alphaherpesvirus 3		10335
MG191313.1			PARTIAL		Japan	Asia									Homo sapiens		9606					2017	pOka			615						2018-02-14T00:00:00Z		GenBank		Erasmus Medical Center, Viroscience	Netherlands	Depledge,D.P.,Ouwendijk,W.J.D.,Sadaoka,T.,Braspenning,S.E.,Mori,Y.,Cohrs,R.J.,Verjans,G.M.G.M.,Breuer,J.	2018-02-14T00:00:00Z								Human alphaherpesvirus 3		10335
MG191314.1			PARTIAL		Japan	Asia									Homo sapiens		9606					2017	pOka			715						2018-02-14T00:00:00Z		GenBank		Erasmus Medical Center, Viroscience	Netherlands	Depledge,D.P.,Ouwendijk,W.J.D.,Sadaoka,T.,Braspenning,S.E.,Mori,Y.,Cohrs,R.J.,Verjans,G.M.G.M.,Breuer,J.	2018-02-14T00:00:00Z								Human alphaherpesvirus 3		10335
MG191315.1			PARTIAL		Japan	Asia									Homo sapiens		9606					2017	pOka			785						2018-02-14T00:00:00Z		GenBank		Erasmus Medical Center, Viroscience	Netherlands	Depledge,D.P.,Ouwendijk,W.J.D.,Sadaoka,T.,Braspenning,S.E.,Mori,Y.,Cohrs,R.J.,Verjans,G.M.G.M.,Breuer,J.	2018-02-14T00:00:00Z								Human alphaherpesvirus 3		10335
MG191316.1			PARTIAL		Japan	Asia									Homo sapiens		9606					2017	pOka			934						2018-02-14T00:00:00Z		GenBank		Erasmus Medical Center, Viroscience	Netherlands	Depledge,D.P.,Ouwendijk,W.J.D.,Sadaoka,T.,Braspenning,S.E.,Mori,Y.,Cohrs,R.J.,Verjans,G.M.G.M.,Breuer,J.	2018-02-14T00:00:00Z								Human alphaherpesvirus 3		10335
MG191317.1			PARTIAL		Japan	Asia									Homo sapiens		9606					2017	pOka			642						2018-02-14T00:00:00Z		GenBank		Erasmus Medical Center, Viroscience	Netherlands	Depledge,D.P.,Ouwendijk,W.J.D.,Sadaoka,T.,Braspenning,S.E.,Mori,Y.,Cohrs,R.J.,Verjans,G.M.G.M.,Breuer,J.	2018-02-14T00:00:00Z								Human alphaherpesvirus 3		10335
MG191318.1			PARTIAL		Japan	Asia									Homo sapiens		9606					2017	pOka			530						2018-02-14T00:00:00Z		GenBank		Erasmus Medical Center, Viroscience	Netherlands	Depledge,D.P.,Ouwendijk,W.J.D.,Sadaoka,T.,Braspenning,S.E.,Mori,Y.,Cohrs,R.J.,Verjans,G.M.G.M.,Breuer,J.	2018-02-14T00:00:00Z								Human alphaherpesvirus 3		10335
MG191319.1			PARTIAL		Japan	Asia									Homo sapiens		9606					2017	pOka			692						2018-02-14T00:00:00Z		GenBank		Erasmus Medical Center, Viroscience	Netherlands	Depledge,D.P.,Ouwendijk,W.J.D.,Sadaoka,T.,Braspenning,S.E.,Mori,Y.,Cohrs,R.J.,Verjans,G.M.G.M.,Breuer,J.	2018-02-14T00:00:00Z								Human alphaherpesvirus 3		10335
MG764305.1			PARTIAL	73	United Kingdom	Europe									Homo sapiens		9606	true				2015	Var/Cli/Ves/UK/3323/2015			124884				73		2018-10-29T00:00:00Z		GenBank		University College London, Department of Infection and Immunity	United Kingdom	Depledge,D.P.	2018-10-29T00:00:00Z								Human alphaherpesvirus 3		10335
MG764306.1			PARTIAL	73	United Kingdom	Europe									Homo sapiens		9606	true				2015	Var/Cli/Ves/UK/724/2015			124875				73		2018-10-29T00:00:00Z		GenBank		University College London, Department of Infection and Immunity	United Kingdom	Depledge,D.P.	2018-10-29T00:00:00Z								Human alphaherpesvirus 3		10335
MG764307.1			PARTIAL	73	United Kingdom	Europe									Homo sapiens		9606	true				2015	Var/Cli/Ves/UK/321/2015			124855				73		2018-10-29T00:00:00Z		GenBank		University College London, Department of Infection and Immunity	United Kingdom	Depledge,D.P.	2018-10-29T00:00:00Z								Human alphaherpesvirus 3		10335
MG764308.1			PARTIAL	73	United Kingdom	Europe									Homo sapiens		9606	true				2015	Var/Cli/Ves/UK/9394/2015			124870				73		2018-10-29T00:00:00Z		GenBank		University College London, Department of Infection and Immunity	United Kingdom	Depledge,D.P.	2018-10-29T00:00:00Z								Human alphaherpesvirus 3		10335
MG764309.1			PARTIAL	73	United Kingdom	Europe									Homo sapiens		9606	true				2017	Men/Cli/CSF/UK/UKM1018/2017			124849				73		2018-10-29T00:00:00Z		GenBank		University College London, Department of Infection and Immunity	United Kingdom	Depledge,D.P.	2018-10-29T00:00:00Z								Human alphaherpesvirus 3		10335
MG764310.1			PARTIAL	73	United Kingdom	Europe									Homo sapiens		9606	true				2017	Men/Cli/CSF/UK/UKM1211/2017			124857				73		2018-10-29T00:00:00Z		GenBank		University College London, Department of Infection and Immunity	United Kingdom	Depledge,D.P.	2018-10-29T00:00:00Z								Human alphaherpesvirus 3		10335
MG764311.1			PARTIAL	73	United Kingdom	Europe									Homo sapiens		9606	true				2017	Men/Cli/CSF/UK/UKM0338/2017			124832				73		2018-10-29T00:00:00Z		GenBank		University College London, Department of Infection and Immunity	United Kingdom	Depledge,D.P.	2018-10-29T00:00:00Z								Human alphaherpesvirus 3		10335
MG764312.1			PARTIAL	73	United Kingdom	Europe									Homo sapiens		9606	true				2017	Men/Cli/CSF/UK/UKM0624/2017			124887				73		2018-10-29T00:00:00Z		GenBank		University College London, Department of Infection and Immunity	United Kingdom	Depledge,D.P.	2018-10-29T00:00:00Z								Human alphaherpesvirus 3		10335
MG764313.1			PARTIAL	73	United Kingdom	Europe									Homo sapiens		9606	true				2017	Var/Cli/Ves/UK/ZC/2017			124888				73		2018-10-29T00:00:00Z		GenBank		University College London, Department of Infection and Immunity	United Kingdom	Depledge,D.P.	2018-10-29T00:00:00Z								Human alphaherpesvirus 3		10335
MH379685.1			PARTIAL		USA	North America									Homo sapiens		9606					2018-02	Gilden			117918						2018-06-20T00:00:00Z		GenBank		University of Vermont, Biomedical and Health Sciences	USA	Bubak,A.,Como,C.,Blackmon,A.,Frietze,S.,Mescher,T.,Jones,D.,Cohrs,R.,Paucek,P.,Baird,N.,Nagel,M.	2018-06-20T00:00:00Z								Human alphaherpesvirus 3		10335
MH499466.1			COMPLETE	68	India: Delhi	Asia									Homo sapiens		9606	true				2017-12	MCL-17H-335			124832				68		2020-06-30T00:00:00Z		GenBank		National Institute of Virology, Maximum Containment Laboratory	India	Yadav,P.D.	2020-06-30T00:00:00Z								Human alphaherpesvirus 3		10335
MH499467.1			COMPLETE	53	India	Asia									Homo sapiens		9606	true				2017-12	MCL-17H-337			121562				53		2020-06-30T00:00:00Z		GenBank		National Institute of Virology, Maximum Containment Laboratory	India	Yadav,P.D.	2020-06-30T00:00:00Z								Human alphaherpesvirus 3		10335
MH499468.1			COMPLETE	41	India	Asia									Homo sapiens		9606	true				2017-12	MCL-17H-739			120411				41		2020-06-30T00:00:00Z		GenBank		National Institute of Virology, Maximum Containment Laboratory	India	Yadav,P.D.	2020-06-30T00:00:00Z								Human alphaherpesvirus 3		10335
MH499469.1			COMPLETE	70	India	Asia									Homo sapiens		9606	true				2017-12	MCL-17H-780			123769				70		2020-06-30T00:00:00Z		GenBank		National Institute of Virology, Maximum Containment Laboratory	India	Yadav,P.D.	2020-06-30T00:00:00Z								Human alphaherpesvirus 3		10335
MH709309.1			COMPLETE	73	USA	North America									Homo sapiens		9606	true				2012-01-13	KPZ12-013			125289				73		2019-04-20T00:00:00Z		GenBank		UCL, Infection	United Kingdom	Depledge,D.P.,Jensen,N.J.,Breuer,J.,Schmid,S.	2019-04-20T00:00:00Z								Human alphaherpesvirus 3		10335
MH709310.1			COMPLETE	73	USA	North America									Homo sapiens		9606	true				2012-01-15	KPZ12-034			125073				73		2019-04-20T00:00:00Z		GenBank		UCL, Infection	United Kingdom	Depledge,D.P.,Jensen,N.J.,Breuer,J.,Schmid,S.	2019-04-20T00:00:00Z								Human alphaherpesvirus 3		10335
MH709311.1			COMPLETE	73	USA	North America									Homo sapiens		9606	true				2012-03-10	KPZ12-090			125196				73		2019-04-20T00:00:00Z		GenBank		UCL, Infection	United Kingdom	Depledge,D.P.,Jensen,N.J.,Breuer,J.,Schmid,S.	2019-04-20T00:00:00Z								Human alphaherpesvirus 3		10335
MH709312.1			COMPLETE	73	USA	North America									Homo sapiens		9606	true				2012-04-15	KPZ12-135			124930				73		2019-04-20T00:00:00Z		GenBank		UCL, Infection	United Kingdom	Depledge,D.P.,Jensen,N.J.,Breuer,J.,Schmid,S.	2019-04-20T00:00:00Z								Human alphaherpesvirus 3		10335
MH709313.1			COMPLETE	73	USA	North America									Homo sapiens		9606	true				2012-04-18	KPZ12-139			124751				73		2019-04-20T00:00:00Z		GenBank		UCL, Infection	United Kingdom	Depledge,D.P.,Jensen,N.J.,Breuer,J.,Schmid,S.	2019-04-20T00:00:00Z								Human alphaherpesvirus 3		10335
MH709314.1			COMPLETE	73	USA	North America									Homo sapiens		9606	true				2012-04-19	KPZ12-145			125187				73		2019-04-20T00:00:00Z		GenBank		UCL, Infection	United Kingdom	Depledge,D.P.,Jensen,N.J.,Breuer,J.,Schmid,S.	2019-04-20T00:00:00Z								Human alphaherpesvirus 3		10335
MH709315.1			COMPLETE	73	USA	North America									Homo sapiens		9606	true				2012-05-13	KPZ12-176			125303				73		2019-04-20T00:00:00Z		GenBank		UCL, Infection	United Kingdom	Depledge,D.P.,Jensen,N.J.,Breuer,J.,Schmid,S.	2019-04-20T00:00:00Z								Human alphaherpesvirus 3		10335
MH709316.1			COMPLETE	73	USA	North America									Homo sapiens		9606	true				2012-05-16	KPZ12-198			124776				73		2019-04-20T00:00:00Z		GenBank		UCL, Infection	United Kingdom	Depledge,D.P.,Jensen,N.J.,Breuer,J.,Schmid,S.	2019-04-20T00:00:00Z								Human alphaherpesvirus 3		10335
MH709317.1			COMPLETE	73	USA	North America									Homo sapiens		9606	true				2012-05-30	KPZ12-212			125305				73		2019-04-20T00:00:00Z		GenBank		UCL, Infection	United Kingdom	Depledge,D.P.,Jensen,N.J.,Breuer,J.,Schmid,S.	2019-04-20T00:00:00Z								Human alphaherpesvirus 3		10335
MH709318.1			COMPLETE	73	USA	North America									Homo sapiens		9606	true				2012-05-31	KPZ12-216			125234				73		2019-04-20T00:00:00Z		GenBank		UCL, Infection	United Kingdom	Depledge,D.P.,Jensen,N.J.,Breuer,J.,Schmid,S.	2019-04-20T00:00:00Z								Human alphaherpesvirus 3		10335
MH709319.1			COMPLETE	73	USA	North America									Homo sapiens		9606	true				2012-06-02	KPZ12-218			125082				73		2019-04-20T00:00:00Z		GenBank		UCL, Infection	United Kingdom	Depledge,D.P.,Jensen,N.J.,Breuer,J.,Schmid,S.	2019-04-20T00:00:00Z								Human alphaherpesvirus 3		10335
MH709320.1			COMPLETE	73	USA	North America									Homo sapiens		9606	true				2012-06-09	KPZ12-232			124965				73		2019-04-20T00:00:00Z		GenBank		UCL, Infection	United Kingdom	Depledge,D.P.,Jensen,N.J.,Breuer,J.,Schmid,S.	2019-04-20T00:00:00Z								Human alphaherpesvirus 3		10335
MH709321.1			COMPLETE	73	USA	North America									Homo sapiens		9606	true				2012-06-14	KPZ12-235			125062				73		2019-04-20T00:00:00Z		GenBank		UCL, Infection	United Kingdom	Depledge,D.P.,Jensen,N.J.,Breuer,J.,Schmid,S.	2019-04-20T00:00:00Z								Human alphaherpesvirus 3		10335
MH709322.1			COMPLETE	73	USA	North America									Homo sapiens		9606	true				2012-06-17	KPZ12-251			125150				73		2019-04-20T00:00:00Z		GenBank		UCL, Infection	United Kingdom	Depledge,D.P.,Jensen,N.J.,Breuer,J.,Schmid,S.	2019-04-20T00:00:00Z								Human alphaherpesvirus 3		10335
MH709323.1			COMPLETE	73	USA	North America									Homo sapiens		9606	true				2012-06-25	KPZ12-260			125056				73		2019-04-20T00:00:00Z		GenBank		UCL, Infection	United Kingdom	Depledge,D.P.,Jensen,N.J.,Breuer,J.,Schmid,S.	2019-04-20T00:00:00Z								Human alphaherpesvirus 3		10335
MH709324.1			COMPLETE	73	USA	North America									Homo sapiens		9606	true				2012-07-08	KPZ12-283			125091				73		2019-04-20T00:00:00Z		GenBank		UCL, Infection	United Kingdom	Depledge,D.P.,Jensen,N.J.,Breuer,J.,Schmid,S.	2019-04-20T00:00:00Z								Human alphaherpesvirus 3		10335
MH709325.1			COMPLETE	73	USA	North America									Homo sapiens		9606	true				2012-07-22	KPZ12-320			125072				73		2019-04-20T00:00:00Z		GenBank		UCL, Infection	United Kingdom	Depledge,D.P.,Jensen,N.J.,Breuer,J.,Schmid,S.	2019-04-20T00:00:00Z								Human alphaherpesvirus 3		10335
MH709326.1			COMPLETE	73	USA	North America									Homo sapiens		9606	true				2012-07-25	KPZ12-329			124987				73		2019-04-20T00:00:00Z		GenBank		UCL, Infection	United Kingdom	Depledge,D.P.,Jensen,N.J.,Breuer,J.,Schmid,S.	2019-04-20T00:00:00Z								Human alphaherpesvirus 3		10335
MH709327.1			COMPLETE	73	USA	North America									Homo sapiens		9606	true				2012-08-14	KPZ12-352			124806				73		2019-04-20T00:00:00Z		GenBank		UCL, Infection	United Kingdom	Depledge,D.P.,Jensen,N.J.,Breuer,J.,Schmid,S.	2019-04-20T00:00:00Z								Human alphaherpesvirus 3		10335
MH709328.1			COMPLETE	73	USA	North America									Homo sapiens		9606	true				2012-09-01	KPZ12-374			124859				73		2019-04-20T00:00:00Z		GenBank		UCL, Infection	United Kingdom	Depledge,D.P.,Jensen,N.J.,Breuer,J.,Schmid,S.	2019-04-20T00:00:00Z								Human alphaherpesvirus 3		10335
MH709329.1			COMPLETE	73	USA	North America									Homo sapiens		9606	true				2012-08-28	KPZ12-378			124922				73		2019-04-20T00:00:00Z		GenBank		UCL, Infection	United Kingdom	Depledge,D.P.,Jensen,N.J.,Breuer,J.,Schmid,S.	2019-04-20T00:00:00Z								Human alphaherpesvirus 3		10335
MH709330.1			COMPLETE	73	USA	North America									Homo sapiens		9606	true				2012-09-11	KPZ12-389			124716				73		2019-04-20T00:00:00Z		GenBank		UCL, Infection	United Kingdom	Depledge,D.P.,Jensen,N.J.,Breuer,J.,Schmid,S.	2019-04-20T00:00:00Z								Human alphaherpesvirus 3		10335
MH709331.1			COMPLETE	73	USA	North America									Homo sapiens		9606	true				2012-09-16	KPZ12-403			125143				73		2019-04-20T00:00:00Z		GenBank		UCL, Infection	United Kingdom	Depledge,D.P.,Jensen,N.J.,Breuer,J.,Schmid,S.	2019-04-20T00:00:00Z								Human alphaherpesvirus 3		10335
MH709332.1			COMPLETE	73	USA	North America									Homo sapiens		9606	true				2012-09-20	KPZ12-409			124984				73		2019-04-20T00:00:00Z		GenBank		UCL, Infection	United Kingdom	Depledge,D.P.,Jensen,N.J.,Breuer,J.,Schmid,S.	2019-04-20T00:00:00Z								Human alphaherpesvirus 3		10335
MH709333.1			COMPLETE	73	USA	North America									Homo sapiens		9606	true				2012-09-27	KPZ12-418			125030				73		2019-04-20T00:00:00Z		GenBank		UCL, Infection	United Kingdom	Depledge,D.P.,Jensen,N.J.,Breuer,J.,Schmid,S.	2019-04-20T00:00:00Z								Human alphaherpesvirus 3		10335
MH709334.1			COMPLETE	73	USA	North America									Homo sapiens		9606	true				2012-10-07	KPZ12-436			124845				73		2019-04-20T00:00:00Z		GenBank		UCL, Infection	United Kingdom	Depledge,D.P.,Jensen,N.J.,Breuer,J.,Schmid,S.	2019-04-20T00:00:00Z								Human alphaherpesvirus 3		10335
MH709335.1			COMPLETE	73	USA	North America									Homo sapiens		9606	true				2012-10-18	KPZ12-442			124911				73		2019-04-20T00:00:00Z		GenBank		UCL, Infection	United Kingdom	Depledge,D.P.,Jensen,N.J.,Breuer,J.,Schmid,S.	2019-04-20T00:00:00Z								Human alphaherpesvirus 3		10335
MH709336.1			COMPLETE	73	USA	North America									Homo sapiens		9606	true				2012-10-01	KPZ12-444			124899				73		2019-04-20T00:00:00Z		GenBank		UCL, Infection	United Kingdom	Depledge,D.P.,Jensen,N.J.,Breuer,J.,Schmid,S.	2019-04-20T00:00:00Z								Human alphaherpesvirus 3		10335
MH709337.1			COMPLETE	73	USA	North America									Homo sapiens		9606	true				2012-11-08	KPZ12-483			125231				73		2019-04-20T00:00:00Z		GenBank		UCL, Infection	United Kingdom	Depledge,D.P.,Jensen,N.J.,Breuer,J.,Schmid,S.	2019-04-20T00:00:00Z								Human alphaherpesvirus 3		10335
MH709338.1			COMPLETE	73	USA	North America									Homo sapiens		9606	true				2012-10-01	KPZ12-525			125065				73		2019-04-20T00:00:00Z		GenBank		UCL, Infection	United Kingdom	Depledge,D.P.,Jensen,N.J.,Breuer,J.,Schmid,S.	2019-04-20T00:00:00Z								Human alphaherpesvirus 3		10335
MH709339.1			COMPLETE	73	USA	North America									Homo sapiens		9606	true				2013-01-14	KPZ13-032			125032				73		2019-04-20T00:00:00Z		GenBank		UCL, Infection	United Kingdom	Depledge,D.P.,Jensen,N.J.,Breuer,J.,Schmid,S.	2019-04-20T00:00:00Z								Human alphaherpesvirus 3		10335
MH709340.1			COMPLETE	73	USA	North America									Homo sapiens		9606	true				2013-01-20	KPZ13-039			125194				73		2019-04-20T00:00:00Z		GenBank		UCL, Infection	United Kingdom	Depledge,D.P.,Jensen,N.J.,Breuer,J.,Schmid,S.	2019-04-20T00:00:00Z								Human alphaherpesvirus 3		10335
MH709341.1			COMPLETE	73	USA	North America									Homo sapiens		9606	true				2013-01-28	KPZ13-042			124852				73		2019-04-20T00:00:00Z		GenBank		UCL, Infection	United Kingdom	Depledge,D.P.,Jensen,N.J.,Breuer,J.,Schmid,S.	2019-04-20T00:00:00Z								Human alphaherpesvirus 3		10335
MH709342.1			COMPLETE	73	USA	North America									Homo sapiens		9606	true				2013-02-10	KPZ13-069			124915				73		2019-04-20T00:00:00Z		GenBank		UCL, Infection	United Kingdom	Depledge,D.P.,Jensen,N.J.,Breuer,J.,Schmid,S.	2019-04-20T00:00:00Z								Human alphaherpesvirus 3		10335
MH709343.1			COMPLETE	73	USA	North America									Homo sapiens		9606	true				2013-02-08	KPZ13-070			124886				73		2019-04-20T00:00:00Z		GenBank		UCL, Infection	United Kingdom	Depledge,D.P.,Jensen,N.J.,Breuer,J.,Schmid,S.	2019-04-20T00:00:00Z								Human alphaherpesvirus 3		10335
MH709344.1			COMPLETE	73	USA	North America									Homo sapiens		9606	true				2013-02-09	KPZ13-071			125045				73		2019-04-20T00:00:00Z		GenBank		UCL, Infection	United Kingdom	Depledge,D.P.,Jensen,N.J.,Breuer,J.,Schmid,S.	2019-04-20T00:00:00Z								Human alphaherpesvirus 3		10335
MH709345.1			COMPLETE	73	USA	North America									Homo sapiens		9606	true				2013-02-14	KPZ13-078			124808				73		2019-04-20T00:00:00Z		GenBank		UCL, Infection	United Kingdom	Depledge,D.P.,Jensen,N.J.,Breuer,J.,Schmid,S.	2019-04-20T00:00:00Z								Human alphaherpesvirus 3		10335
MH709346.1			COMPLETE	73	USA	North America									Homo sapiens		9606	true				2013-02-27	KPZ13-103			124844				73		2019-04-20T00:00:00Z		GenBank		UCL, Infection	United Kingdom	Depledge,D.P.,Jensen,N.J.,Breuer,J.,Schmid,S.	2019-04-20T00:00:00Z								Human alphaherpesvirus 3		10335
MH709347.1			COMPLETE	73	USA	North America									Homo sapiens		9606	true				2013-03-13	KPZ13-128			125007				73		2019-04-20T00:00:00Z		GenBank		UCL, Infection	United Kingdom	Depledge,D.P.,Jensen,N.J.,Breuer,J.,Schmid,S.	2019-04-20T00:00:00Z								Human alphaherpesvirus 3		10335
MH709348.1			COMPLETE	73	USA	North America									Homo sapiens		9606	true				2013-03-18	KPZ13-142			125220				73		2019-04-20T00:00:00Z		GenBank		UCL, Infection	United Kingdom	Depledge,D.P.,Jensen,N.J.,Breuer,J.,Schmid,S.	2019-04-20T00:00:00Z								Human alphaherpesvirus 3		10335
MH709349.1			COMPLETE	73	USA	North America									Homo sapiens		9606	true				2013-03-19	KPZ13-143			125103				73		2019-04-20T00:00:00Z		GenBank		UCL, Infection	United Kingdom	Depledge,D.P.,Jensen,N.J.,Breuer,J.,Schmid,S.	2019-04-20T00:00:00Z								Human alphaherpesvirus 3		10335
MH709350.1			COMPLETE	73	USA	North America									Homo sapiens		9606	true				2013-03-22	KPZ13-150			125037				73		2019-04-20T00:00:00Z		GenBank		UCL, Infection	United Kingdom	Depledge,D.P.,Jensen,N.J.,Breuer,J.,Schmid,S.	2019-04-20T00:00:00Z								Human alphaherpesvirus 3		10335
MH709351.1			COMPLETE	73	USA	North America									Homo sapiens		9606	true				2013-03-20	KPZ13-158			124613				73		2019-04-20T00:00:00Z		GenBank		UCL, Infection	United Kingdom	Depledge,D.P.,Jensen,N.J.,Breuer,J.,Schmid,S.	2019-04-20T00:00:00Z								Human alphaherpesvirus 3		10335
MH709352.1			COMPLETE	73	USA	North America									Homo sapiens		9606	true				2013-04-03	KPZ13-169			125157				73		2019-04-20T00:00:00Z		GenBank		UCL, Infection	United Kingdom	Depledge,D.P.,Jensen,N.J.,Breuer,J.,Schmid,S.	2019-04-20T00:00:00Z								Human alphaherpesvirus 3		10335
MH709353.1			COMPLETE	73	USA	North America									Homo sapiens		9606	true				2013-04-03	KPZ13-174			124967				73		2019-04-20T00:00:00Z		GenBank		UCL, Infection	United Kingdom	Depledge,D.P.,Jensen,N.J.,Breuer,J.,Schmid,S.	2019-04-20T00:00:00Z								Human alphaherpesvirus 3		10335
MH709354.1			PARTIAL	73	USA	North America									Homo sapiens		9606	true				2013-04-07	KPZ13-177			124004				73		2019-04-20T00:00:00Z		GenBank		UCL, Infection	United Kingdom	Depledge,D.P.,Jensen,N.J.,Breuer,J.,Schmid,S.	2019-04-20T00:00:00Z								Human alphaherpesvirus 3		10335
MH709355.1			COMPLETE	73	USA	North America									Homo sapiens		9606	true				2013-04-02	KPZ13-179			125176				73		2019-04-20T00:00:00Z		GenBank		UCL, Infection	United Kingdom	Depledge,D.P.,Jensen,N.J.,Breuer,J.,Schmid,S.	2019-04-20T00:00:00Z								Human alphaherpesvirus 3		10335
MH709356.1			PARTIAL	73	USA	North America									Homo sapiens		9606	true				2013-04-01	KPZ13-191			124007				73		2019-04-20T00:00:00Z		GenBank		UCL, Infection	United Kingdom	Depledge,D.P.,Jensen,N.J.,Breuer,J.,Schmid,S.	2019-04-20T00:00:00Z								Human alphaherpesvirus 3		10335
MH709357.1			COMPLETE	73	USA	North America									Homo sapiens		9606	true				2013-04-14	KPZ13-204			125032				73		2019-04-20T00:00:00Z		GenBank		UCL, Infection	United Kingdom	Depledge,D.P.,Jensen,N.J.,Breuer,J.,Schmid,S.	2019-04-20T00:00:00Z								Human alphaherpesvirus 3		10335
MH709358.1			COMPLETE	73	USA	North America									Homo sapiens		9606	true				2013-04-18	KPZ13-207			125123				73		2019-04-20T00:00:00Z		GenBank		UCL, Infection	United Kingdom	Depledge,D.P.,Jensen,N.J.,Breuer,J.,Schmid,S.	2019-04-20T00:00:00Z								Human alphaherpesvirus 3		10335
MH709359.1			COMPLETE	73	USA	North America									Homo sapiens		9606	true				2013-04-22	KPZ13-219			124940				73		2019-04-20T00:00:00Z		GenBank		UCL, Infection	United Kingdom	Depledge,D.P.,Jensen,N.J.,Breuer,J.,Schmid,S.	2019-04-20T00:00:00Z								Human alphaherpesvirus 3		10335
MH709360.1			COMPLETE	73	USA	North America									Homo sapiens		9606	true				2013-04-26	KPZ13-221			124994				73		2019-04-20T00:00:00Z		GenBank		UCL, Infection	United Kingdom	Depledge,D.P.,Jensen,N.J.,Breuer,J.,Schmid,S.	2019-04-20T00:00:00Z								Human alphaherpesvirus 3		10335
MH709361.1			COMPLETE	73	USA	North America									Homo sapiens		9606	true				2013-04-29	KPZ13-225			125127				73		2019-04-20T00:00:00Z		GenBank		UCL, Infection	United Kingdom	Depledge,D.P.,Jensen,N.J.,Breuer,J.,Schmid,S.	2019-04-20T00:00:00Z								Human alphaherpesvirus 3		10335
MH709362.1			COMPLETE	73	USA	North America									Homo sapiens		9606	true				2013-04-22	KPZ13-238			124996				73		2019-04-20T00:00:00Z		GenBank		UCL, Infection	United Kingdom	Depledge,D.P.,Jensen,N.J.,Breuer,J.,Schmid,S.	2019-04-20T00:00:00Z								Human alphaherpesvirus 3		10335
MH709363.1			COMPLETE	73	USA	North America									Homo sapiens		9606	true				2013-05-02	KPZ13-240			124992				73		2019-04-20T00:00:00Z		GenBank		UCL, Infection	United Kingdom	Depledge,D.P.,Jensen,N.J.,Breuer,J.,Schmid,S.	2019-04-20T00:00:00Z								Human alphaherpesvirus 3		10335
MH709364.1			COMPLETE	73	USA	North America									Homo sapiens		9606	true				2013-05-08	KPZ13-248			124779				73		2019-04-20T00:00:00Z		GenBank		UCL, Infection	United Kingdom	Depledge,D.P.,Jensen,N.J.,Breuer,J.,Schmid,S.	2019-04-20T00:00:00Z								Human alphaherpesvirus 3		10335
MH709365.1			COMPLETE	73	USA	North America									Homo sapiens		9606	true				2013-05-12	KPZ13-250			124846				73		2019-04-20T00:00:00Z		GenBank		UCL, Infection	United Kingdom	Depledge,D.P.,Jensen,N.J.,Breuer,J.,Schmid,S.	2019-04-20T00:00:00Z								Human alphaherpesvirus 3		10335
MH709366.1			COMPLETE	73	USA	North America									Homo sapiens		9606	true				2013-05-01	KPZ13-258			124928				73		2019-04-20T00:00:00Z		GenBank		UCL, Infection	United Kingdom	Depledge,D.P.,Jensen,N.J.,Breuer,J.,Schmid,S.	2019-04-20T00:00:00Z								Human alphaherpesvirus 3		10335
MH709367.1			PARTIAL	73	USA	North America									Homo sapiens		9606	true				2013-05-19	KPZ13-270			124003				73		2019-04-20T00:00:00Z		GenBank		UCL, Infection	United Kingdom	Depledge,D.P.,Jensen,N.J.,Breuer,J.,Schmid,S.	2019-04-20T00:00:00Z								Human alphaherpesvirus 3		10335
MH709368.1			PARTIAL	73	USA	North America									Homo sapiens		9606	true				2013-05-24	KPZ13-275			123974				73		2019-04-20T00:00:00Z		GenBank		UCL, Infection	United Kingdom	Depledge,D.P.,Jensen,N.J.,Breuer,J.,Schmid,S.	2019-04-20T00:00:00Z								Human alphaherpesvirus 3		10335
MH709369.1			PARTIAL	73	USA	North America									Homo sapiens		9606	true				2013-05-27	KPZ13-280			124002				73		2019-04-20T00:00:00Z		GenBank		UCL, Infection	United Kingdom	Depledge,D.P.,Jensen,N.J.,Breuer,J.,Schmid,S.	2019-04-20T00:00:00Z								Human alphaherpesvirus 3		10335
MH709370.1			COMPLETE	73	USA	North America									Homo sapiens		9606	true				2013-06-01	KPZ13-287			125075				73		2019-04-20T00:00:00Z		GenBank		UCL, Infection	United Kingdom	Depledge,D.P.,Jensen,N.J.,Breuer,J.,Schmid,S.	2019-04-20T00:00:00Z								Human alphaherpesvirus 3		10335
MH709371.1			COMPLETE	73	USA	North America									Homo sapiens		9606	true				2013-06-07	KPZ13-304			124776				73		2019-04-20T00:00:00Z		GenBank		UCL, Infection	United Kingdom	Depledge,D.P.,Jensen,N.J.,Breuer,J.,Schmid,S.	2019-04-20T00:00:00Z								Human alphaherpesvirus 3		10335
MH709372.1			COMPLETE	73	USA	North America									Homo sapiens		9606	true				2013-06-27	KPZ13-316			124942				73		2019-04-20T00:00:00Z		GenBank		UCL, Infection	United Kingdom	Depledge,D.P.,Jensen,N.J.,Breuer,J.,Schmid,S.	2019-04-20T00:00:00Z								Human alphaherpesvirus 3		10335
MH709373.1			COMPLETE	73	USA	North America									Homo sapiens		9606	true				2013-06-20	KPZ13-319			124951				73		2019-04-20T00:00:00Z		GenBank		UCL, Infection	United Kingdom	Depledge,D.P.,Jensen,N.J.,Breuer,J.,Schmid,S.	2019-04-20T00:00:00Z								Human alphaherpesvirus 3		10335
MH709374.1			COMPLETE	73	USA	North America									Homo sapiens		9606	true				2013-07-12	KPZ13-344			125069				73		2019-04-20T00:00:00Z		GenBank		UCL, Infection	United Kingdom	Depledge,D.P.,Jensen,N.J.,Breuer,J.,Schmid,S.	2019-04-20T00:00:00Z								Human alphaherpesvirus 3		10335
MH709375.1			COMPLETE	73	USA	North America									Homo sapiens		9606	true				2013-07-10	KPZ13-353			125016				73		2019-04-20T00:00:00Z		GenBank		UCL, Infection	United Kingdom	Depledge,D.P.,Jensen,N.J.,Breuer,J.,Schmid,S.	2019-04-20T00:00:00Z								Human alphaherpesvirus 3		10335
MH709376.1			COMPLETE	73	USA	North America									Homo sapiens		9606	true				2013-07-21	KPZ13-372			124981				73		2019-04-20T00:00:00Z		GenBank		UCL, Infection	United Kingdom	Depledge,D.P.,Jensen,N.J.,Breuer,J.,Schmid,S.	2019-04-20T00:00:00Z								Human alphaherpesvirus 3		10335
MH709377.1			COMPLETE	73	USA	North America									Homo sapiens		9606	true				2013-07-31	KPZ13-382			124999				73		2019-04-20T00:00:00Z		GenBank		UCL, Infection	United Kingdom	Depledge,D.P.,Jensen,N.J.,Breuer,J.,Schmid,S.	2019-04-20T00:00:00Z								Human alphaherpesvirus 3		10335
MK047349.1			PARTIAL	1	China	Asia									Homo sapiens		9606	true				2017	Soochow-VZV3083	blood		359				1		2019-08-11T00:00:00Z		GenBank		School of Public Health, Soochow University, Department of Epidemiology	China	Luan,L.,Shen,X.,Qiu,J.,Jing,Y.,Zhang,J.,Wang,J.,Dong,C.	2019-08-11T00:00:00Z								Human alphaherpesvirus 3		10335
MK399292.1			PARTIAL	1	Iraq	Asia									Homo sapiens		9606	true				2017-02-20	Varicella-zoster virus-IQ-No.1	skin, lesion		400				1		2019-02-27T00:00:00Z		GenBank		College of Medicine / University of Al-Qadisiyah, Medical Microbiology	Iraq	Abed,A.S.,Aubaid,A.H.,Al-Rodhan,M.A.	2019-02-27T00:00:00Z								Human alphaherpesvirus 3		10335
MK399293.1			PARTIAL	1	Iraq	Asia									Homo sapiens		9606	true				2017-02-20	Varicella-zoster virus-IQ-No.2	skin, lesion		350				1		2019-02-27T00:00:00Z		GenBank		College of Medicine / University of Al-Qadisiyah, Medical Microbiology	Iraq	Abed,A.S.,Aubaid,A.H.,Al-Rodhan,M.A.	2019-02-27T00:00:00Z								Human alphaherpesvirus 3		10335
MK399294.1			PARTIAL	1	Iraq	Asia									Homo sapiens		9606	true				2017-02-20	Varicella-zoster virus-IQ-No.3	skin, lesion		400				1		2019-02-27T00:00:00Z		GenBank		College of Medicine / University of Al-Qadisiyah, Medical Microbiology	Iraq	Abed,A.S.,Aubaid,A.H.,Al-Rodhan,M.A.	2019-02-27T00:00:00Z								Human alphaherpesvirus 3		10335
MK399295.1			PARTIAL	1	Iraq	Asia									Homo sapiens		9606	true				2017-02-20	Varicella-zoster virus-IQ-No.4	skin, lesion		350				1		2019-02-27T00:00:00Z		GenBank		College of Medicine / University of Al-Qadisiyah, Medical Microbiology	Iraq	Abed,A.S.,Aubaid,A.H.,Al-Rodhan,M.A.	2019-02-27T00:00:00Z								Human alphaherpesvirus 3		10335
MK399296.1			PARTIAL	1	Iraq	Asia									Homo sapiens		9606	true				2017-02-20	Varicella-zoster virus-IQ-No.5	skin, lesion		300				1		2019-02-27T00:00:00Z		GenBank		College of Medicine / University of Al-Qadisiyah, Medical Microbiology	Iraq	Abed,A.S.,Aubaid,A.H.,Al-Rodhan,M.A.	2019-02-27T00:00:00Z								Human alphaherpesvirus 3		10335
MK399297.1			PARTIAL	1	Iraq	Asia									Homo sapiens		9606	true				2017-02-20	Varicella-zoster virus-IQ-No.6	skin, lesion		300				1		2019-02-27T00:00:00Z		GenBank		College of Medicine / University of Al-Qadisiyah, Medical Microbiology	Iraq	Abed,A.S.,Aubaid,A.H.,Al-Rodhan,M.A.	2019-02-27T00:00:00Z								Human alphaherpesvirus 3		10335
MK399298.1			PARTIAL	1	Iraq	Asia									Homo sapiens		9606	true				2017-02-20	Varicella-zoster virus-IQ-No.7	skin, lesion		400				1		2019-02-27T00:00:00Z		GenBank		College of Medicine / University of Al-Qadisiyah, Medical Microbiology	Iraq	Abed,A.S.,Aubaid,A.H.,Al-Rodhan,M.A.	2019-02-27T00:00:00Z								Human alphaherpesvirus 3		10335
MK399299.1			PARTIAL	1	Iraq	Asia									Homo sapiens		9606	true				2017-02-20	Varicella-zoster virus-IQ-No.8	skin, lesion		400				1		2019-02-27T00:00:00Z		GenBank		College of Medicine / University of Al-Qadisiyah, Medical Microbiology	Iraq	Abed,A.S.,Aubaid,A.H.,Al-Rodhan,M.A.	2019-02-27T00:00:00Z								Human alphaherpesvirus 3		10335
MK531557.1			PARTIAL		China	Asia									Homo sapiens		9606					2018-08-26	AMU01			124735						2019-09-15T00:00:00Z		GenBank		Fourth Military Medical University, Microbiology	China	Ye,W.	2019-09-15T00:00:00Z								Human alphaherpesvirus 3		10335
MK862253.1			PARTIAL		India	Asia									Homo sapiens		9606					2019-02-14	MICROLAB4	cerebrospinal fluid		344						2019-08-07T00:00:00Z		GenBank		Microbiological Laboratory, Department of Molecular Biology	India	Senthilraja,R.,Shakeerabanu,S.,Thangavel,C.P.,Mani Mariappa,M.,Brahmadathan,K.N.	2019-08-07T00:00:00Z								Human alphaherpesvirus 3		10335
MK959623.1			PARTIAL	1	India	Asia									Homo sapiens		9606	true				2019-01-23	VZVs/DadraandNagarHaveli.IND/4.19/1/1920015			263				1		2020-06-01T00:00:00Z		GenBank		National Institute of Virology	India	Vaidya,S.R.,Tilavat,S.M.,Kamble,M.B.,Kumbhar,N.S.	2020-06-01T00:00:00Z								Human alphaherpesvirus 3		10335
MK959624.1			PARTIAL	1	India	Asia									Homo sapiens		9606	true				2019-01-23	VZVs/DadraandNagarHaveli.IND/4.19/2/1920019			264				1		2020-06-01T00:00:00Z		GenBank		National Institute of Virology	India	Vaidya,S.R.,Tilavat,S.M.,Kamble,M.B.,Kumbhar,N.S.	2020-06-01T00:00:00Z								Human alphaherpesvirus 3		10335
MK959625.1			PARTIAL	1	India	Asia									Homo sapiens		9606	true				2019-01-23	VZVs/DadraandNagarHaveli.IND/4.19/3/1920020			263				1		2020-06-01T00:00:00Z		GenBank		National Institute of Virology	India	Vaidya,S.R.,Tilavat,S.M.,Kamble,M.B.,Kumbhar,N.S.	2020-06-01T00:00:00Z								Human alphaherpesvirus 3		10335
MK959626.1			PARTIAL	1	India	Asia									Homo sapiens		9606	true				2019-01-23	VZVs/DadraandNagarHaveli.IND/4.19/4/1920021			263				1		2020-06-01T00:00:00Z		GenBank		National Institute of Virology	India	Vaidya,S.R.,Tilavat,S.M.,Kamble,M.B.,Kumbhar,N.S.	2020-06-01T00:00:00Z								Human alphaherpesvirus 3		10335
MK959627.1			PARTIAL	1	India	Asia									Homo sapiens		9606	true				2019-01-23	VZVs/DadraandNagarHaveli.IND/4.19/5/1920022			263				1		2020-06-01T00:00:00Z		GenBank		National Institute of Virology	India	Vaidya,S.R.,Tilavat,S.M.,Kamble,M.B.,Kumbhar,N.S.	2020-06-01T00:00:00Z								Human alphaherpesvirus 3		10335
MN830371.1			PARTIAL	1	India	Asia									Homo sapiens		9606	true				2019-03	VZV_36TS	oronasopharynx		375				1		2020-09-26T00:00:00Z		GenBank		PGIMER, Virology	India	Singh,M.P.,Kanta,P.,Gupta,P.,Goyal,K.,Suri,V.,Biswal,M.,Lakshmi,P.M.,Devnani,M.,Bhalla,A.,Malhotra,P.	2020-09-26T00:00:00Z								Human alphaherpesvirus 3		10335
MN830372.1			PARTIAL	1	India	Asia									Homo sapiens		9606	true				2019-03	VZV_36BF			375				1		2020-09-26T00:00:00Z		GenBank		PGIMER, Virology	India	Singh,M.P.,Kanta,P.,Gupta,P.,Goyal,K.,Suri,V.,Biswal,M.,Lakshmi,P.M.,Devnani,M.,Bhalla,A.,Malhotra,P.	2020-09-26T00:00:00Z								Human alphaherpesvirus 3		10335
MN830373.1			PARTIAL	1	India	Asia									Homo sapiens		9606	true				2019-03	VZV_66BF			375				1		2020-09-26T00:00:00Z		GenBank		PGIMER, Virology	India	Singh,M.P.,Kanta,P.,Gupta,P.,Goyal,K.,Suri,V.,Biswal,M.,Lakshmi,P.M.,Devnani,M.,Bhalla,A.,Malhotra,P.	2020-09-26T00:00:00Z								Human alphaherpesvirus 3		10335
MN830374.1			PARTIAL	1	India	Asia									Homo sapiens		9606	true				2019-03	VZV_66TS	oronasopharynx		375				1		2020-09-26T00:00:00Z		GenBank		PGIMER, Virology	India	Singh,M.P.,Kanta,P.,Gupta,P.,Goyal,K.,Suri,V.,Biswal,M.,Lakshmi,P.M.,Devnani,M.,Bhalla,A.,Malhotra,P.	2020-09-26T00:00:00Z								Human alphaherpesvirus 3		10335
MN830375.1			PARTIAL	1	India	Asia									Homo sapiens		9606	true				2019-06	VZV_175			375				1		2020-09-26T00:00:00Z		GenBank		PGIMER, Virology	India	Singh,M.P.,Kanta,P.,Gupta,P.,Goyal,K.,Suri,V.,Biswal,M.,Lakshmi,P.M.,Devnani,M.,Bhalla,A.,Malhotra,P.	2020-09-26T00:00:00Z								Human alphaherpesvirus 3		10335
MN830376.1			PARTIAL	1	India	Asia									Homo sapiens		9606	true				2019-06	VZV_286			375				1		2020-09-26T00:00:00Z		GenBank		PGIMER, Virology	India	Singh,M.P.,Kanta,P.,Gupta,P.,Goyal,K.,Suri,V.,Biswal,M.,Lakshmi,P.M.,Devnani,M.,Bhalla,A.,Malhotra,P.	2020-09-26T00:00:00Z								Human alphaherpesvirus 3		10335
MN830377.1			PARTIAL	1	India	Asia									Homo sapiens		9606	true				2019-06	VZV_287			375				1		2020-09-26T00:00:00Z		GenBank		PGIMER, Virology	India	Singh,M.P.,Kanta,P.,Gupta,P.,Goyal,K.,Suri,V.,Biswal,M.,Lakshmi,P.M.,Devnani,M.,Bhalla,A.,Malhotra,P.	2020-09-26T00:00:00Z								Human alphaherpesvirus 3		10335
MN830378.1			PARTIAL	1	India	Asia									Homo sapiens		9606	true				2019-06	VZV_288			375				1		2020-09-26T00:00:00Z		GenBank		PGIMER, Virology	India	Singh,M.P.,Kanta,P.,Gupta,P.,Goyal,K.,Suri,V.,Biswal,M.,Lakshmi,P.M.,Devnani,M.,Bhalla,A.,Malhotra,P.	2020-09-26T00:00:00Z								Human alphaherpesvirus 3		10335
MN830379.1			PARTIAL	1	India	Asia									Homo sapiens		9606	true				2019-03	VZV_ENV2			375				1		2020-09-26T00:00:00Z		GenBank		PGIMER, Virology	India	Singh,M.P.,Kanta,P.,Gupta,P.,Goyal,K.,Suri,V.,Biswal,M.,Lakshmi,P.M.,Devnani,M.,Bhalla,A.,Malhotra,P.	2020-09-26T00:00:00Z								Human alphaherpesvirus 3		10335
MN830380.1			PARTIAL	1	India	Asia									Homo sapiens		9606	true				2019-03	VZV_ENV3			375				1		2020-09-26T00:00:00Z		GenBank		PGIMER, Virology	India	Singh,M.P.,Kanta,P.,Gupta,P.,Goyal,K.,Suri,V.,Biswal,M.,Lakshmi,P.M.,Devnani,M.,Bhalla,A.,Malhotra,P.	2020-09-26T00:00:00Z								Human alphaherpesvirus 3		10335
MT358898.1			PARTIAL	1	China	Asia									Homo sapiens		9606	true				2010-10-07	Jiangxi27-2			411				1		2021-05-25T00:00:00Z		GenBank		Jiangxi Province CDC, Measleslab	China	Zhou,J.	2021-05-25T00:00:00Z								Human alphaherpesvirus 3		10335
MT358899.1			PARTIAL	1	China	Asia									Homo sapiens		9606	true				2011-03-15	Jiangxi30			411				1		2021-05-25T00:00:00Z		GenBank		Jiangxi Province CDC, Measleslab	China	Zhou,J.	2021-05-25T00:00:00Z								Human alphaherpesvirus 3		10335
MT358900.1			PARTIAL	1	China	Asia									Homo sapiens		9606	true				2010-06-17	Jiangxi41-2			411				1		2021-05-25T00:00:00Z		GenBank		Jiangxi Province CDC, Measleslab	China	Zhou,J.	2021-05-25T00:00:00Z								Human alphaherpesvirus 3		10335
MT358901.1			PARTIAL	1	China	Asia									Homo sapiens		9606	true				2010-11-16	Jiangxi98			411				1		2021-05-25T00:00:00Z		GenBank		Jiangxi Province CDC, Measleslab	China	Zhou,J.	2021-05-25T00:00:00Z								Human alphaherpesvirus 3		10335
MT358902.1			PARTIAL	1	China	Asia									Homo sapiens		9606	true				2010-11-18	Jiangxi101			411				1		2021-05-25T00:00:00Z		GenBank		Jiangxi Province CDC, Measleslab	China	Zhou,J.	2021-05-25T00:00:00Z								Human alphaherpesvirus 3		10335
MT358903.1			PARTIAL	1	China	Asia									Homo sapiens		9606	true				2010-11-25	Jiangxi104			411				1		2021-05-25T00:00:00Z		GenBank		Jiangxi Province CDC, Measleslab	China	Zhou,J.	2021-05-25T00:00:00Z								Human alphaherpesvirus 3		10335
MT358904.1			PARTIAL	1	China	Asia									Homo sapiens		9606	true				2010-11-30	Jiangxi106			411				1		2021-05-25T00:00:00Z		GenBank		Jiangxi Province CDC, Measleslab	China	Zhou,J.	2021-05-25T00:00:00Z								Human alphaherpesvirus 3		10335
MT358905.1			PARTIAL	1	China	Asia									Homo sapiens		9606	true				2010-12-21	Jiangxi112			411				1		2021-05-25T00:00:00Z		GenBank		Jiangxi Province CDC, Measleslab	China	Zhou,J.	2021-05-25T00:00:00Z								Human alphaherpesvirus 3		10335
MT358906.1			PARTIAL	1	China	Asia									Homo sapiens		9606	true				2010-12-23	Jiangxi114			411				1		2021-05-25T00:00:00Z		GenBank		Jiangxi Province CDC, Measleslab	China	Zhou,J.	2021-05-25T00:00:00Z								Human alphaherpesvirus 3		10335
MT358907.1			PARTIAL	1	China	Asia									Homo sapiens		9606	true				2010-12-29	Jiangxi115			411				1		2021-05-25T00:00:00Z		GenBank		Jiangxi Province CDC, Measleslab	China	Zhou,J.	2021-05-25T00:00:00Z								Human alphaherpesvirus 3		10335
MT358908.1			PARTIAL	1	China	Asia									Homo sapiens		9606	true				2011-01-11	Jiangxi120			411				1		2021-05-25T00:00:00Z		GenBank		Jiangxi Province CDC, Measleslab	China	Zhou,J.	2021-05-25T00:00:00Z								Human alphaherpesvirus 3		10335
MT358909.1			PARTIAL	1	China	Asia									Homo sapiens		9606	true				2011-01-11	Jiangxi122			411				1		2021-05-25T00:00:00Z		GenBank		Jiangxi Province CDC, Measleslab	China	Zhou,J.	2021-05-25T00:00:00Z								Human alphaherpesvirus 3		10335
MT358910.1			PARTIAL	1	China	Asia									Homo sapiens		9606	true				2011-06-01	Jiangxi209			411				1		2021-05-25T00:00:00Z		GenBank		Jiangxi Province CDC, Measleslab	China	Zhou,J.	2021-05-25T00:00:00Z								Human alphaherpesvirus 3		10335
MT358911.1			PARTIAL	1	China	Asia									Homo sapiens		9606	true				2011-06-14	Jiangxi222			411				1		2021-05-25T00:00:00Z		GenBank		Jiangxi Province CDC, Measleslab	China	Zhou,J.	2021-05-25T00:00:00Z								Human alphaherpesvirus 3		10335
MT358912.1			PARTIAL	1	China	Asia									Homo sapiens		9606	true				2011-06-14	Jiangxi224			411				1		2021-05-25T00:00:00Z		GenBank		Jiangxi Province CDC, Measleslab	China	Zhou,J.	2021-05-25T00:00:00Z								Human alphaherpesvirus 3		10335
MT358913.1			PARTIAL	1	China	Asia									Homo sapiens		9606	true				2011-06-30	Jiangxi252			411				1		2021-05-25T00:00:00Z		GenBank		Jiangxi Province CDC, Measleslab	China	Zhou,J.	2021-05-25T00:00:00Z								Human alphaherpesvirus 3		10335
MT358914.1			PARTIAL	1	China	Asia									Homo sapiens		9606	true				2012-05-22	Jiangxi420			411				1		2021-05-25T00:00:00Z		GenBank		Jiangxi Province CDC, Measleslab	China	Zhou,J.	2021-05-25T00:00:00Z								Human alphaherpesvirus 3		10335
MT358915.1			PARTIAL	1	China	Asia									Homo sapiens		9606	true				2012-04-17	Jiangxi401			411				1		2021-05-25T00:00:00Z		GenBank		Jiangxi Province CDC, Measleslab	China	Zhou,J.	2021-05-25T00:00:00Z								Human alphaherpesvirus 3		10335
MT358916.1			PARTIAL	1	China	Asia									Homo sapiens		9606	true				2012-11-13	Jiangxi515			411				1		2021-05-25T00:00:00Z		GenBank		Jiangxi Province CDC, Measleslab	China	Zhou,J.	2021-05-25T00:00:00Z								Human alphaherpesvirus 3		10335
MT358917.1			PARTIAL	1	China	Asia									Homo sapiens		9606	true				2012-12-11	Jiangxi533			411				1		2021-05-25T00:00:00Z		GenBank		Jiangxi Province CDC, Measleslab	China	Zhou,J.	2021-05-25T00:00:00Z								Human alphaherpesvirus 3		10335
MT358918.1			PARTIAL	1	China	Asia									Homo sapiens		9606	true				2012-12-25	Jiangxi539			411				1		2021-05-25T00:00:00Z		GenBank		Jiangxi Province CDC, Measleslab	China	Zhou,J.	2021-05-25T00:00:00Z								Human alphaherpesvirus 3		10335
MT370825.1			COMPLETE	74	South Korea	Asia									Homo sapiens		9606	true		true		2013	Suduvax2A		human foreskin fibroblast	124763				74		2021-06-09T00:00:00Z		GenBank		Chungbuk National University, Microbiology	Korea	Kim,S.C.,Kang,S.H.,Kim,J.Y.,Park,H.R.,Lee,C.H.	2021-06-09T00:00:00Z								Human alphaherpesvirus 3		10335
MT370826.1			COMPLETE	74	South Korea	Asia									Homo sapiens		9606	true		true		2012	VarilrixC		human foreskin fibroblast	124821				74		2021-06-09T00:00:00Z		GenBank		Chungbuk National University, Microbiology	Korea	Kim,S.C.,Kang,S.H.,Kim,J.Y.,Park,H.R.,Lee,C.H.	2021-06-09T00:00:00Z								Human alphaherpesvirus 3		10335
MT370827.1			COMPLETE	74	South Korea	Asia									Homo sapiens		9606	true		true		2012	VarivaxD		human foreskin fibroblast	124815				74		2021-06-09T00:00:00Z		GenBank		Chungbuk National University, Microbiology	Korea	Kim,S.C.,Kang,S.H.,Kim,J.Y.,Park,H.R.,Lee,C.H.	2021-06-09T00:00:00Z								Human alphaherpesvirus 3		10335
MT370828.1			COMPLETE	74	South Korea	Asia									Homo sapiens		9606	true		true		2012	YC02p17		human foreskin fibroblast	125147				74		2021-06-09T00:00:00Z		GenBank		Chungbuk National University, Microbiology	Korea	Yeon,S.H.,Kang,S.H.,Hwang,H.R.,Jeon,J.S.,Lee,C.H.	2021-06-09T00:00:00Z								Human alphaherpesvirus 3		10335
MT370829.1			COMPLETE	74	South Korea	Asia									Homo sapiens		9606	true		true		2012	YC02p60		human foreskin fibroblast	125145				74		2021-06-09T00:00:00Z		GenBank		Chungbuk National University, Microbiology	Korea	Yeon,S.H.,Kang,S.H.,Hwang,H.R.,Jeon,J.S.,Lee,C.H.	2021-06-09T00:00:00Z								Human alphaherpesvirus 3		10335
MT370830.1			COMPLETE	74	South Korea	Asia									Homo sapiens		9606	true		true		2012	YC02p100		human foreskin fibroblast	125145				74		2021-06-09T00:00:00Z		GenBank		Chungbuk National University, Microbiology	Korea	Yeon,S.H.,Kang,S.H.,Hwang,H.R.,Jeon,J.S.,Lee,C.H.	2021-06-09T00:00:00Z								Human alphaherpesvirus 3		10335
MW258957.1			PARTIAL	1	Belarus: Minsk	Europe									Homo sapiens		9606	true				2019	VZVs/Minsk.BLR/22.19/V[3]	lesion		368				1		2022-04-10T00:00:00Z		GenBank		Republican Research and Practical Center for Epidemiology and Microbiology, Laboratory of Vaccine-Preventable Diseases	Belarus	Semeiko,G.V.,Yermalovich,M.A.,Guzovskaya,T.S.,Dronina,A.M.,Samoilovich,E.O.	2022-04-10T00:00:00Z								Human alphaherpesvirus 3		10335
MW258958.1			PARTIAL	1	Belarus: Minsk	Europe									Homo sapiens		9606	true				2019	VZVs/Minsk.BLR/22.19/V[3]	lesion		433				1		2022-04-10T00:00:00Z		GenBank		Republican Research and Practical Center for Epidemiology and Microbiology, Laboratory of Vaccine-Preventable Diseases	Belarus	Semeiko,G.V.,Yermalovich,M.A.,Guzovskaya,T.S.,Dronina,A.M.,Samoilovich,E.O.	2022-04-10T00:00:00Z								Human alphaherpesvirus 3		10335
MW258959.1			PARTIAL	1	Belarus: Minsk	Europe									Homo sapiens		9606	true				2019	VZVs/Minsk.BLR/22.19/V[3]	lesion		147				1		2022-04-10T00:00:00Z		GenBank		Republican Research and Practical Center for Epidemiology and Microbiology, Laboratory of Vaccine-Preventable Diseases	Belarus	Semeiko,G.V.,Yermalovich,M.A.,Guzovskaya,T.S.,Dronina,A.M.,Samoilovich,E.O.	2022-04-10T00:00:00Z								Human alphaherpesvirus 3		10335
MW316406.1	PRJNA681411	SAMN16953321	PARTIAL	73	China	Asia									Homo sapiens		9606	true				2018-12-21	SD14	oronasopharynx		125184				73		2021-07-19T00:00:00Z		GenBank	SRR13172719	China CDC, National Institute for Viral Disease Control and Prevention	China	Guo,H.,Rivailler,P.,Wang,J.,Wang,H.,Xu,W.,Xu,S.,Xu,H.,Hu,R.	2021-07-19T00:00:00Z								Human alphaherpesvirus 3		10335
MW545806.1			COMPLETE	74	South Korea	Asia									Homo sapiens		9606	true				2017	pps-p4			124763				74		2021-07-18T00:00:00Z		GenBank		Chungbuk National University, Microbiology	Korea	Hwang,H.R.,Kang,S.H.,Lee,C.H.	2021-07-18T00:00:00Z								Human alphaherpesvirus 3		10335
MW545807.1			COMPLETE	74	South Korea	Asia									Homo sapiens		9606	true				2017	pps-p30			124761				74		2021-07-18T00:00:00Z		GenBank		Chungbuk National University, Microbiology	Korea	Hwang,H.R.,Kang,S.H.,Lee,C.H.	2021-07-18T00:00:00Z								Human alphaherpesvirus 3		10335
MW545808.1			COMPLETE	74	South Korea	Asia									Homo sapiens		9606	true				2017	pps-p60			124760				74		2021-07-18T00:00:00Z		GenBank		Chungbuk National University, Microbiology	Korea	Hwang,H.R.,Kang,S.H.,Lee,C.H.	2021-07-18T00:00:00Z								Human alphaherpesvirus 3		10335
MZ152705.1			PARTIAL	1	France	Europe									Homo sapiens		9606	true				2012	661202027933			3252				1		2022-09-15T00:00:00Z		GenBank		APHP Pitie Salpetriere Su, Virology	France	Pacreau,M.L.,Bomme,O.,Burrel,S.,Boutolleau,D.	2022-09-15T00:00:00Z								Human alphaherpesvirus 3		10335
MZ152706.1			PARTIAL	1	France	Europe									Homo sapiens		9606	true				2012	661202029944			3252				1		2022-09-15T00:00:00Z		GenBank		APHP Pitie Salpetriere Su, Virology	France	Pacreau,M.L.,Bomme,O.,Burrel,S.,Boutolleau,D.	2022-09-15T00:00:00Z								Human alphaherpesvirus 3		10335
MZ152707.1			PARTIAL	1	France	Europe									Homo sapiens		9606	true				2012	661208039736			3252				1		2022-09-15T00:00:00Z		GenBank		APHP Pitie Salpetriere Su, Virology	France	Pacreau,M.L.,Bomme,O.,Burrel,S.,Boutolleau,D.	2022-09-15T00:00:00Z								Human alphaherpesvirus 3		10335
MZ152708.1			PARTIAL	1	France	Europe									Homo sapiens		9606	true				2012	661209046831			3252				1		2022-09-15T00:00:00Z		GenBank		APHP Pitie Salpetriere Su, Virology	France	Pacreau,M.L.,Bomme,O.,Burrel,S.,Boutolleau,D.	2022-09-15T00:00:00Z								Human alphaherpesvirus 3		10335
MZ152709.1			PARTIAL	1	France	Europe									Homo sapiens		9606	true				2012	661210091665			3252				1		2022-09-15T00:00:00Z		GenBank		APHP Pitie Salpetriere Su, Virology	France	Pacreau,M.L.,Bomme,O.,Burrel,S.,Boutolleau,D.	2022-09-15T00:00:00Z								Human alphaherpesvirus 3		10335
MZ152710.1			PARTIAL	1	France	Europe									Homo sapiens		9606	true				2012	661211067638			3252				1		2022-09-15T00:00:00Z		GenBank		APHP Pitie Salpetriere Su, Virology	France	Pacreau,M.L.,Bomme,O.,Burrel,S.,Boutolleau,D.	2022-09-15T00:00:00Z								Human alphaherpesvirus 3		10335
MZ152711.1			PARTIAL	1	France	Europe									Homo sapiens		9606	true				2013	661307004247			3252				1		2022-09-15T00:00:00Z		GenBank		APHP Pitie Salpetriere Su, Virology	France	Pacreau,M.L.,Bomme,O.,Burrel,S.,Boutolleau,D.	2022-09-15T00:00:00Z								Human alphaherpesvirus 3		10335
MZ152712.1			PARTIAL	1	France	Europe									Homo sapiens		9606	true				2013	661308055842			3252				1		2022-09-15T00:00:00Z		GenBank		APHP Pitie Salpetriere Su, Virology	France	Pacreau,M.L.,Bomme,O.,Burrel,S.,Boutolleau,D.	2022-09-15T00:00:00Z								Human alphaherpesvirus 3		10335
MZ152713.1			PARTIAL	1	France	Europe									Homo sapiens		9606	true				2013	661308071201			3252				1		2022-09-15T00:00:00Z		GenBank		APHP Pitie Salpetriere Su, Virology	France	Pacreau,M.L.,Bomme,O.,Burrel,S.,Boutolleau,D.	2022-09-15T00:00:00Z								Human alphaherpesvirus 3		10335
MZ152714.1			PARTIAL	1	France	Europe									Homo sapiens		9606	true				2014	661402010849			3252				1		2022-09-15T00:00:00Z		GenBank		APHP Pitie Salpetriere Su, Virology	France	Pacreau,M.L.,Bomme,O.,Burrel,S.,Boutolleau,D.	2022-09-15T00:00:00Z								Human alphaherpesvirus 3		10335
MZ152715.1			PARTIAL	1	France	Europe									Homo sapiens		9606	true				2014	661405067539			3252				1		2022-09-15T00:00:00Z		GenBank		APHP Pitie Salpetriere Su, Virology	France	Pacreau,M.L.,Bomme,O.,Burrel,S.,Boutolleau,D.	2022-09-15T00:00:00Z								Human alphaherpesvirus 3		10335
MZ152716.1			PARTIAL	1	France	Europe									Homo sapiens		9606	true				2014	661407079032			3252				1		2022-09-15T00:00:00Z		GenBank		APHP Pitie Salpetriere Su, Virology	France	Pacreau,M.L.,Bomme,O.,Burrel,S.,Boutolleau,D.	2022-09-15T00:00:00Z								Human alphaherpesvirus 3		10335
MZ152717.1			PARTIAL	1	France	Europe									Homo sapiens		9606	true				2014	661408055419			3252				1		2022-09-15T00:00:00Z		GenBank		APHP Pitie Salpetriere Su, Virology	France	Pacreau,M.L.,Bomme,O.,Burrel,S.,Boutolleau,D.	2022-09-15T00:00:00Z								Human alphaherpesvirus 3		10335
MZ152718.1			PARTIAL	1	France	Europe									Homo sapiens		9606	true				2014	661409044652			3252				1		2022-09-15T00:00:00Z		GenBank		APHP Pitie Salpetriere Su, Virology	France	Pacreau,M.L.,Bomme,O.,Burrel,S.,Boutolleau,D.	2022-09-15T00:00:00Z								Human alphaherpesvirus 3		10335
MZ152719.1			PARTIAL	1	France	Europe									Homo sapiens		9606	true				2015	661503080910			3252				1		2022-09-15T00:00:00Z		GenBank		APHP Pitie Salpetriere Su, Virology	France	Pacreau,M.L.,Bomme,O.,Burrel,S.,Boutolleau,D.	2022-09-15T00:00:00Z								Human alphaherpesvirus 3		10335
MZ152720.1			PARTIAL	1	France	Europe									Homo sapiens		9606	true				2015	661504034878			3252				1		2022-09-15T00:00:00Z		GenBank		APHP Pitie Salpetriere Su, Virology	France	Pacreau,M.L.,Bomme,O.,Burrel,S.,Boutolleau,D.	2022-09-15T00:00:00Z								Human alphaherpesvirus 3		10335
MZ152721.1			PARTIAL	1	France	Europe									Homo sapiens		9606	true				2015	661511009132			3252				1		2022-09-15T00:00:00Z		GenBank		APHP Pitie Salpetriere Su, Virology	France	Pacreau,M.L.,Bomme,O.,Burrel,S.,Boutolleau,D.	2022-09-15T00:00:00Z								Human alphaherpesvirus 3		10335
MZ152722.1			PARTIAL	1	France	Europe									Homo sapiens		9606	true				2015	661511027130			3252				1		2022-09-15T00:00:00Z		GenBank		APHP Pitie Salpetriere Su, Virology	France	Pacreau,M.L.,Bomme,O.,Burrel,S.,Boutolleau,D.	2022-09-15T00:00:00Z								Human alphaherpesvirus 3		10335
MZ152723.1			PARTIAL	1	France	Europe									Homo sapiens		9606	true				2015	661512012982			3252				1		2022-09-15T00:00:00Z		GenBank		APHP Pitie Salpetriere Su, Virology	France	Pacreau,M.L.,Bomme,O.,Burrel,S.,Boutolleau,D.	2022-09-15T00:00:00Z								Human alphaherpesvirus 3		10335
MZ152724.1			PARTIAL	1	France	Europe									Homo sapiens		9606	true				2015	661512031182			3252				1		2022-09-15T00:00:00Z		GenBank		APHP Pitie Salpetriere Su, Virology	France	Pacreau,M.L.,Bomme,O.,Burrel,S.,Boutolleau,D.	2022-09-15T00:00:00Z								Human alphaherpesvirus 3		10335
MZ152725.1			PARTIAL	1	France	Europe									Homo sapiens		9606	true				2016	661601041699			3252				1		2022-09-15T00:00:00Z		GenBank		APHP Pitie Salpetriere Su, Virology	France	Pacreau,M.L.,Bomme,O.,Burrel,S.,Boutolleau,D.	2022-09-15T00:00:00Z								Human alphaherpesvirus 3		10335
MZ152726.1			PARTIAL	1	France	Europe									Homo sapiens		9606	true				2016	661601074014			3252				1		2022-09-15T00:00:00Z		GenBank		APHP Pitie Salpetriere Su, Virology	France	Pacreau,M.L.,Bomme,O.,Burrel,S.,Boutolleau,D.	2022-09-15T00:00:00Z								Human alphaherpesvirus 3		10335
MZ152727.1			PARTIAL	1	France	Europe									Homo sapiens		9606	true				2016	661602052052			3252				1		2022-09-15T00:00:00Z		GenBank		APHP Pitie Salpetriere Su, Virology	France	Pacreau,M.L.,Bomme,O.,Burrel,S.,Boutolleau,D.	2022-09-15T00:00:00Z								Human alphaherpesvirus 3		10335
MZ152728.1			PARTIAL	1	France	Europe									Homo sapiens		9606	true				2016	661603056711			3252				1		2022-09-15T00:00:00Z		GenBank		APHP Pitie Salpetriere Su, Virology	France	Pacreau,M.L.,Bomme,O.,Burrel,S.,Boutolleau,D.	2022-09-15T00:00:00Z								Human alphaherpesvirus 3		10335
MZ152729.1			PARTIAL	1	France	Europe									Homo sapiens		9606	true				2016	661606023146			3252				1		2022-09-15T00:00:00Z		GenBank		APHP Pitie Salpetriere Su, Virology	France	Pacreau,M.L.,Bomme,O.,Burrel,S.,Boutolleau,D.	2022-09-15T00:00:00Z								Human alphaherpesvirus 3		10335
MZ152730.1			PARTIAL	1	France	Europe									Homo sapiens		9606	true				2016	661606064615			3252				1		2022-09-15T00:00:00Z		GenBank		APHP Pitie Salpetriere Su, Virology	France	Pacreau,M.L.,Bomme,O.,Burrel,S.,Boutolleau,D.	2022-09-15T00:00:00Z								Human alphaherpesvirus 3		10335
MZ152731.1			PARTIAL	1	France	Europe									Homo sapiens		9606	true				2016	661610022604			3252				1		2022-09-15T00:00:00Z		GenBank		APHP Pitie Salpetriere Su, Virology	France	Pacreau,M.L.,Bomme,O.,Burrel,S.,Boutolleau,D.	2022-09-15T00:00:00Z								Human alphaherpesvirus 3		10335
MZ152732.1			PARTIAL	1	France	Europe									Homo sapiens		9606	true				2017	661704008277			3252				1		2022-09-15T00:00:00Z		GenBank		APHP Pitie Salpetriere Su, Virology	France	Pacreau,M.L.,Bomme,O.,Burrel,S.,Boutolleau,D.	2022-09-15T00:00:00Z								Human alphaherpesvirus 3		10335
MZ152733.1			PARTIAL	1	France	Europe									Homo sapiens		9606	true				2017	661708053339			3252				1		2022-09-15T00:00:00Z		GenBank		APHP Pitie Salpetriere Su, Virology	France	Pacreau,M.L.,Bomme,O.,Burrel,S.,Boutolleau,D.	2022-09-15T00:00:00Z								Human alphaherpesvirus 3		10335
MZ152734.1			PARTIAL	1	France	Europe									Homo sapiens		9606	true				2017	661709014359			3252				1		2022-09-15T00:00:00Z		GenBank		APHP Pitie Salpetriere Su, Virology	France	Pacreau,M.L.,Bomme,O.,Burrel,S.,Boutolleau,D.	2022-09-15T00:00:00Z								Human alphaherpesvirus 3		10335
MZ152735.1			PARTIAL	1	France	Europe									Homo sapiens		9606	true				2017	661709075379			3252				1		2022-09-15T00:00:00Z		GenBank		APHP Pitie Salpetriere Su, Virology	France	Pacreau,M.L.,Bomme,O.,Burrel,S.,Boutolleau,D.	2022-09-15T00:00:00Z								Human alphaherpesvirus 3		10335
MZ152736.1			PARTIAL	1	France	Europe									Homo sapiens		9606	true				2017	661710079572			3252				1		2022-09-15T00:00:00Z		GenBank		APHP Pitie Salpetriere Su, Virology	France	Pacreau,M.L.,Bomme,O.,Burrel,S.,Boutolleau,D.	2022-09-15T00:00:00Z								Human alphaherpesvirus 3		10335
MZ152737.1			PARTIAL	1	France	Europe									Homo sapiens		9606	true				2018	661803103069			3252				1		2022-09-15T00:00:00Z		GenBank		APHP Pitie Salpetriere Su, Virology	France	Pacreau,M.L.,Bomme,O.,Burrel,S.,Boutolleau,D.	2022-09-15T00:00:00Z								Human alphaherpesvirus 3		10335
MZ152738.1			PARTIAL	1	France	Europe									Homo sapiens		9606	true				2018	661806067475			3252				1		2022-09-15T00:00:00Z		GenBank		APHP Pitie Salpetriere Su, Virology	France	Pacreau,M.L.,Bomme,O.,Burrel,S.,Boutolleau,D.	2022-09-15T00:00:00Z								Human alphaherpesvirus 3		10335
MZ152739.1			PARTIAL	1	France	Europe									Homo sapiens		9606	true				2018	661807073457			3252				1		2022-09-15T00:00:00Z		GenBank		APHP Pitie Salpetriere Su, Virology	France	Pacreau,M.L.,Bomme,O.,Burrel,S.,Boutolleau,D.	2022-09-15T00:00:00Z								Human alphaherpesvirus 3		10335
MZ152740.1			PARTIAL	1	France	Europe									Homo sapiens		9606	true				2018	661809016006			3252				1		2022-09-15T00:00:00Z		GenBank		APHP Pitie Salpetriere Su, Virology	France	Pacreau,M.L.,Bomme,O.,Burrel,S.,Boutolleau,D.	2022-09-15T00:00:00Z								Human alphaherpesvirus 3		10335
MZ152741.1			PARTIAL	1	France	Europe									Homo sapiens		9606	true				2018	661809017132			3252				1		2022-09-15T00:00:00Z		GenBank		APHP Pitie Salpetriere Su, Virology	France	Pacreau,M.L.,Bomme,O.,Burrel,S.,Boutolleau,D.	2022-09-15T00:00:00Z								Human alphaherpesvirus 3		10335
MZ152742.1			PARTIAL	1	France	Europe									Homo sapiens		9606	true				2018	661810002342			3252				1		2022-09-15T00:00:00Z		GenBank		APHP Pitie Salpetriere Su, Virology	France	Pacreau,M.L.,Bomme,O.,Burrel,S.,Boutolleau,D.	2022-09-15T00:00:00Z								Human alphaherpesvirus 3		10335
MZ152743.1			PARTIAL	1	France	Europe									Homo sapiens		9606	true				2018	661811026560			3252				1		2022-09-15T00:00:00Z		GenBank		APHP Pitie Salpetriere Su, Virology	France	Pacreau,M.L.,Bomme,O.,Burrel,S.,Boutolleau,D.	2022-09-15T00:00:00Z								Human alphaherpesvirus 3		10335
MZ152744.1			PARTIAL	1	France	Europe									Homo sapiens		9606	true				2019	661901003606			3252				1		2022-09-15T00:00:00Z		GenBank		APHP Pitie Salpetriere Su, Virology	France	Pacreau,M.L.,Bomme,O.,Burrel,S.,Boutolleau,D.	2022-09-15T00:00:00Z								Human alphaherpesvirus 3		10335
MZ152745.1			PARTIAL	1	France	Europe									Homo sapiens		9606	true				2019	661903008270			3252				1		2022-09-15T00:00:00Z		GenBank		APHP Pitie Salpetriere Su, Virology	France	Pacreau,M.L.,Bomme,O.,Burrel,S.,Boutolleau,D.	2022-09-15T00:00:00Z								Human alphaherpesvirus 3		10335
MZ152746.1			PARTIAL	1	France	Europe									Homo sapiens		9606	true				2019	661903035324			3252				1		2022-09-15T00:00:00Z		GenBank		APHP Pitie Salpetriere Su, Virology	France	Pacreau,M.L.,Bomme,O.,Burrel,S.,Boutolleau,D.	2022-09-15T00:00:00Z								Human alphaherpesvirus 3		10335
MZ152747.1			PARTIAL	1	France	Europe									Homo sapiens		9606	true				2019	661904006600			3252				1		2022-09-15T00:00:00Z		GenBank		APHP Pitie Salpetriere Su, Virology	France	Pacreau,M.L.,Bomme,O.,Burrel,S.,Boutolleau,D.	2022-09-15T00:00:00Z								Human alphaherpesvirus 3		10335
MZ152748.1			PARTIAL	1	France	Europe									Homo sapiens		9606	true				2012	661202027933			2646				1		2022-09-15T00:00:00Z		GenBank		APHP Pitie Salpetriere Su, Virology	France	Pacreau,M.L.,Bomme,O.,Burrel,S.,Boutolleau,D.	2022-09-15T00:00:00Z								Human alphaherpesvirus 3		10335
MZ152749.1			PARTIAL	1	France	Europe									Homo sapiens		9606	true				2020	662012029944			2646				1		2022-09-15T00:00:00Z		GenBank		APHP Pitie Salpetriere Su, Virology	France	Pacreau,M.L.,Bomme,O.,Burrel,S.,Boutolleau,D.	2022-09-15T00:00:00Z								Human alphaherpesvirus 3		10335
MZ152750.1			PARTIAL	1	France	Europe									Homo sapiens		9606	true				2012	66120839736			2646				1		2022-09-15T00:00:00Z		GenBank		APHP Pitie Salpetriere Su, Virology	France	Pacreau,M.L.,Bomme,O.,Burrel,S.,Boutolleau,D.	2022-09-15T00:00:00Z								Human alphaherpesvirus 3		10335
MZ152751.1			PARTIAL	1	France	Europe									Homo sapiens		9606	true				2012	661209046831			2646				1		2022-09-15T00:00:00Z		GenBank		APHP Pitie Salpetriere Su, Virology	France	Pacreau,M.L.,Bomme,O.,Burrel,S.,Boutolleau,D.	2022-09-15T00:00:00Z								Human alphaherpesvirus 3		10335
MZ152752.1			PARTIAL	1	France	Europe									Homo sapiens		9606	true				2012	661210091665			2646				1		2022-09-15T00:00:00Z		GenBank		APHP Pitie Salpetriere Su, Virology	France	Pacreau,M.L.,Bomme,O.,Burrel,S.,Boutolleau,D.	2022-09-15T00:00:00Z								Human alphaherpesvirus 3		10335
MZ152753.1			PARTIAL	1	France	Europe									Homo sapiens		9606	true				2012	661211067638			2646				1		2022-09-15T00:00:00Z		GenBank		APHP Pitie Salpetriere Su, Virology	France	Pacreau,M.L.,Bomme,O.,Burrel,S.,Boutolleau,D.	2022-09-15T00:00:00Z								Human alphaherpesvirus 3		10335
MZ152754.1			PARTIAL	1	France	Europe									Homo sapiens		9606	true				2013	661307004247			2646				1		2022-09-15T00:00:00Z		GenBank		APHP Pitie Salpetriere Su, Virology	France	Pacreau,M.L.,Bomme,O.,Burrel,S.,Boutolleau,D.	2022-09-15T00:00:00Z								Human alphaherpesvirus 3		10335
MZ152755.1			PARTIAL	1	France	Europe									Homo sapiens		9606	true				2013	661308055842			2646				1		2022-09-15T00:00:00Z		GenBank		APHP Pitie Salpetriere Su, Virology	France	Pacreau,M.L.,Bomme,O.,Burrel,S.,Boutolleau,D.	2022-09-15T00:00:00Z								Human alphaherpesvirus 3		10335
MZ152756.1			PARTIAL	1	France	Europe									Homo sapiens		9606	true				2013	661308071201			2646				1		2022-09-15T00:00:00Z		GenBank		APHP Pitie Salpetriere Su, Virology	France	Pacreau,M.L.,Bomme,O.,Burrel,S.,Boutolleau,D.	2022-09-15T00:00:00Z								Human alphaherpesvirus 3		10335
MZ152757.1			PARTIAL	1	France	Europe									Homo sapiens		9606	true				2014	661402010849			2646				1		2022-09-15T00:00:00Z		GenBank		APHP Pitie Salpetriere Su, Virology	France	Pacreau,M.L.,Bomme,O.,Burrel,S.,Boutolleau,D.	2022-09-15T00:00:00Z								Human alphaherpesvirus 3		10335
MZ152758.1			PARTIAL	1	France	Europe									Homo sapiens		9606	true				2014	661405067539			2646				1		2022-09-15T00:00:00Z		GenBank		APHP Pitie Salpetriere Su, Virology	France	Pacreau,M.L.,Bomme,O.,Burrel,S.,Boutolleau,D.	2022-09-15T00:00:00Z								Human alphaherpesvirus 3		10335
MZ152759.1			PARTIAL	1	France	Europe									Homo sapiens		9606	true				2014	661407079032			2646				1		2022-09-15T00:00:00Z		GenBank		APHP Pitie Salpetriere Su, Virology	France	Pacreau,M.L.,Bomme,O.,Burrel,S.,Boutolleau,D.	2022-09-15T00:00:00Z								Human alphaherpesvirus 3		10335
MZ152760.1			PARTIAL	1	France	Europe									Homo sapiens		9606	true				2014	661408055419			2646				1		2022-09-15T00:00:00Z		GenBank		APHP Pitie Salpetriere Su, Virology	France	Pacreau,M.L.,Bomme,O.,Burrel,S.,Boutolleau,D.	2022-09-15T00:00:00Z								Human alphaherpesvirus 3		10335
MZ152761.1			PARTIAL	1	France	Europe									Homo sapiens		9606	true				2014	661409044652			2646				1		2022-09-15T00:00:00Z		GenBank		APHP Pitie Salpetriere Su, Virology	France	Pacreau,M.L.,Bomme,O.,Burrel,S.,Boutolleau,D.	2022-09-15T00:00:00Z								Human alphaherpesvirus 3		10335
MZ152762.1			PARTIAL	1	France	Europe									Homo sapiens		9606	true				2015	661503080910			2646				1		2022-09-15T00:00:00Z		GenBank		APHP Pitie Salpetriere Su, Virology	France	Pacreau,M.L.,Bomme,O.,Burrel,S.,Boutolleau,D.	2022-09-15T00:00:00Z								Human alphaherpesvirus 3		10335
MZ152763.1			PARTIAL	1	France	Europe									Homo sapiens		9606	true				2015	661504034878			2646				1		2022-09-15T00:00:00Z		GenBank		APHP Pitie Salpetriere Su, Virology	France	Pacreau,M.L.,Bomme,O.,Burrel,S.,Boutolleau,D.	2022-09-15T00:00:00Z								Human alphaherpesvirus 3		10335
MZ152764.1			PARTIAL	1	France	Europe									Homo sapiens		9606	true				2015	661511009132			2646				1		2022-09-15T00:00:00Z		GenBank		APHP Pitie Salpetriere Su, Virology	France	Pacreau,M.L.,Bomme,O.,Burrel,S.,Boutolleau,D.	2022-09-15T00:00:00Z								Human alphaherpesvirus 3		10335
MZ152765.1			PARTIAL	1	France	Europe									Homo sapiens		9606	true				2015	661511027130			2646				1		2022-09-15T00:00:00Z		GenBank		APHP Pitie Salpetriere Su, Virology	France	Pacreau,M.L.,Bomme,O.,Burrel,S.,Boutolleau,D.	2022-09-15T00:00:00Z								Human alphaherpesvirus 3		10335
MZ152766.1			PARTIAL	1	France	Europe									Homo sapiens		9606	true				2015	661512012982			2646				1		2022-09-15T00:00:00Z		GenBank		APHP Pitie Salpetriere Su, Virology	France	Pacreau,M.L.,Bomme,O.,Burrel,S.,Boutolleau,D.	2022-09-15T00:00:00Z								Human alphaherpesvirus 3		10335
MZ152767.1			PARTIAL	1	France	Europe									Homo sapiens		9606	true				2015	661512031182			2646				1		2022-09-15T00:00:00Z		GenBank		APHP Pitie Salpetriere Su, Virology	France	Pacreau,M.L.,Bomme,O.,Burrel,S.,Boutolleau,D.	2022-09-15T00:00:00Z								Human alphaherpesvirus 3		10335
MZ152768.1			PARTIAL	1	France	Europe									Homo sapiens		9606	true				2016	661601041699			2646				1		2022-09-15T00:00:00Z		GenBank		APHP Pitie Salpetriere Su, Virology	France	Pacreau,M.L.,Bomme,O.,Burrel,S.,Boutolleau,D.	2022-09-15T00:00:00Z								Human alphaherpesvirus 3		10335
MZ152769.1			PARTIAL	1	France	Europe									Homo sapiens		9606	true				2016	661601074014			2646				1		2022-09-15T00:00:00Z		GenBank		APHP Pitie Salpetriere Su, Virology	France	Pacreau,M.L.,Bomme,O.,Burrel,S.,Boutolleau,D.	2022-09-15T00:00:00Z								Human alphaherpesvirus 3		10335
MZ152770.1			PARTIAL	1	France	Europe									Homo sapiens		9606	true				2016	661602052052			2646				1		2022-09-15T00:00:00Z		GenBank		APHP Pitie Salpetriere Su, Virology	France	Pacreau,M.L.,Bomme,O.,Burrel,S.,Boutolleau,D.	2022-09-15T00:00:00Z								Human alphaherpesvirus 3		10335
MZ152771.1			PARTIAL	1	France	Europe									Homo sapiens		9606	true				2016	661603056711			2646				1		2022-09-15T00:00:00Z		GenBank		APHP Pitie Salpetriere Su, Virology	France	Pacreau,M.L.,Bomme,O.,Burrel,S.,Boutolleau,D.	2022-09-15T00:00:00Z								Human alphaherpesvirus 3		10335
MZ152772.1			PARTIAL	1	France	Europe									Homo sapiens		9606	true				2016	661606023146			2646				1		2022-09-15T00:00:00Z		GenBank		APHP Pitie Salpetriere Su, Virology	France	Pacreau,M.L.,Bomme,O.,Burrel,S.,Boutolleau,D.	2022-09-15T00:00:00Z								Human alphaherpesvirus 3		10335
MZ152773.1			PARTIAL	1	France	Europe									Homo sapiens		9606	true				2016	661606064615			2646				1		2022-09-15T00:00:00Z		GenBank		APHP Pitie Salpetriere Su, Virology	France	Pacreau,M.L.,Bomme,O.,Burrel,S.,Boutolleau,D.	2022-09-15T00:00:00Z								Human alphaherpesvirus 3		10335
MZ152774.1			PARTIAL	1	France	Europe									Homo sapiens		9606	true				2016	661610022604			2646				1		2022-09-15T00:00:00Z		GenBank		APHP Pitie Salpetriere Su, Virology	France	Pacreau,M.L.,Bomme,O.,Burrel,S.,Boutolleau,D.	2022-09-15T00:00:00Z								Human alphaherpesvirus 3		10335
MZ152775.1			PARTIAL	1	France	Europe									Homo sapiens		9606	true				2017	661704008277			2646				1		2022-09-15T00:00:00Z		GenBank		APHP Pitie Salpetriere Su, Virology	France	Pacreau,M.L.,Bomme,O.,Burrel,S.,Boutolleau,D.	2022-09-15T00:00:00Z								Human alphaherpesvirus 3		10335
MZ152776.1			PARTIAL	1	France	Europe									Homo sapiens		9606	true				2017	661708053339			2646				1		2022-09-15T00:00:00Z		GenBank		APHP Pitie Salpetriere Su, Virology	France	Pacreau,M.L.,Bomme,O.,Burrel,S.,Boutolleau,D.	2022-09-15T00:00:00Z								Human alphaherpesvirus 3		10335
MZ152777.1			PARTIAL	1	France	Europe									Homo sapiens		9606	true				2017	661709014359			2646				1		2022-09-15T00:00:00Z		GenBank		APHP Pitie Salpetriere Su, Virology	France	Pacreau,M.L.,Bomme,O.,Burrel,S.,Boutolleau,D.	2022-09-15T00:00:00Z								Human alphaherpesvirus 3		10335
MZ152778.1			PARTIAL	1	France	Europe									Homo sapiens		9606	true				2017	661709075379			2646				1		2022-09-15T00:00:00Z		GenBank		APHP Pitie Salpetriere Su, Virology	France	Pacreau,M.L.,Bomme,O.,Burrel,S.,Boutolleau,D.	2022-09-15T00:00:00Z								Human alphaherpesvirus 3		10335
MZ152779.1			PARTIAL	1	France	Europe									Homo sapiens		9606	true				2017	661710079572			2646				1		2022-09-15T00:00:00Z		GenBank		APHP Pitie Salpetriere Su, Virology	France	Pacreau,M.L.,Bomme,O.,Burrel,S.,Boutolleau,D.	2022-09-15T00:00:00Z								Human alphaherpesvirus 3		10335
MZ152780.1			PARTIAL	1	France	Europe									Homo sapiens		9606	true				2018	661803103069			2646				1		2022-09-15T00:00:00Z		GenBank		APHP Pitie Salpetriere Su, Virology	France	Pacreau,M.L.,Bomme,O.,Burrel,S.,Boutolleau,D.	2022-09-15T00:00:00Z								Human alphaherpesvirus 3		10335
MZ152781.1			PARTIAL	1	France	Europe									Homo sapiens		9606	true				2018	661806067475			2646				1		2022-09-15T00:00:00Z		GenBank		APHP Pitie Salpetriere Su, Virology	France	Pacreau,M.L.,Bomme,O.,Burrel,S.,Boutolleau,D.	2022-09-15T00:00:00Z								Human alphaherpesvirus 3		10335
MZ152782.1			PARTIAL	1	France	Europe									Homo sapiens		9606	true				2018	661807073457			2646				1		2022-09-15T00:00:00Z		GenBank		APHP Pitie Salpetriere Su, Virology	France	Pacreau,M.L.,Bomme,O.,Burrel,S.,Boutolleau,D.	2022-09-15T00:00:00Z								Human alphaherpesvirus 3		10335
MZ152783.1			PARTIAL	1	France	Europe									Homo sapiens		9606	true				2018	661809016006			2646				1		2022-09-15T00:00:00Z		GenBank		APHP Pitie Salpetriere Su, Virology	France	Pacreau,M.L.,Bomme,O.,Burrel,S.,Boutolleau,D.	2022-09-15T00:00:00Z								Human alphaherpesvirus 3		10335
MZ152784.1			PARTIAL	1	France	Europe									Homo sapiens		9606	true				2018	661809017132			2646				1		2022-09-15T00:00:00Z		GenBank		APHP Pitie Salpetriere Su, Virology	France	Pacreau,M.L.,Bomme,O.,Burrel,S.,Boutolleau,D.	2022-09-15T00:00:00Z								Human alphaherpesvirus 3		10335
MZ152785.1			PARTIAL	1	France	Europe									Homo sapiens		9606	true				2018	661810002342			2646				1		2022-09-15T00:00:00Z		GenBank		APHP Pitie Salpetriere Su, Virology	France	Pacreau,M.L.,Bomme,O.,Burrel,S.,Boutolleau,D.	2022-09-15T00:00:00Z								Human alphaherpesvirus 3		10335
MZ152786.1			PARTIAL	1	France	Europe									Homo sapiens		9606	true				2018	661811026560			2646				1		2022-09-15T00:00:00Z		GenBank		APHP Pitie Salpetriere Su, Virology	France	Pacreau,M.L.,Bomme,O.,Burrel,S.,Boutolleau,D.	2022-09-15T00:00:00Z								Human alphaherpesvirus 3		10335
MZ152787.1			PARTIAL	1	France	Europe									Homo sapiens		9606	true				2019	661901003606			2646				1		2022-09-15T00:00:00Z		GenBank		APHP Pitie Salpetriere Su, Virology	France	Pacreau,M.L.,Bomme,O.,Burrel,S.,Boutolleau,D.	2022-09-15T00:00:00Z								Human alphaherpesvirus 3		10335
MZ152788.1			PARTIAL	1	France	Europe									Homo sapiens		9606	true				2019	661903008270			2646				1		2022-09-15T00:00:00Z		GenBank		APHP Pitie Salpetriere Su, Virology	France	Pacreau,M.L.,Bomme,O.,Burrel,S.,Boutolleau,D.	2022-09-15T00:00:00Z								Human alphaherpesvirus 3		10335
MZ152789.1			PARTIAL	1	France	Europe									Homo sapiens		9606	true				2019	661903035324			2646				1		2022-09-15T00:00:00Z		GenBank		APHP Pitie Salpetriere Su, Virology	France	Pacreau,M.L.,Bomme,O.,Burrel,S.,Boutolleau,D.	2022-09-15T00:00:00Z								Human alphaherpesvirus 3		10335
MZ152790.1			PARTIAL	1	France	Europe									Homo sapiens		9606	true				2019	661904006600			2646				1		2022-09-15T00:00:00Z		GenBank		APHP Pitie Salpetriere Su, Virology	France	Pacreau,M.L.,Bomme,O.,Burrel,S.,Boutolleau,D.	2022-09-15T00:00:00Z								Human alphaherpesvirus 3		10335
MZ465678.1			PARTIAL	1	China	Asia									Homo sapiens		9606	true				2017	VZVHN2017-1	blood		315				1		2021-08-01T00:00:00Z		GenBank		The Sixth People's Hospital of Zhengzhou, Center for Translational Medicine	China	Wei,S.,Huo,Y.	2021-08-01T00:00:00Z								Human alphaherpesvirus 3		10335
MZ465679.1			PARTIAL	1	China	Asia									Homo sapiens		9606	true				2017	VZVHN2017-2	blood		315				1		2021-08-01T00:00:00Z		GenBank		The Sixth People's Hospital of Zhengzhou, Center for Translational Medicine	China	Wei,S.,Huo,Y.	2021-08-01T00:00:00Z								Human alphaherpesvirus 3		10335
MZ465680.1			PARTIAL	1	China	Asia									Homo sapiens		9606	true				2017	VZVHN2017-3	blood		315				1		2021-08-01T00:00:00Z		GenBank		The Sixth People's Hospital of Zhengzhou, Center for Translational Medicine	China	Wei,S.,Huo,Y.	2021-08-01T00:00:00Z								Human alphaherpesvirus 3		10335
MZ465681.1			PARTIAL	1	China	Asia									Homo sapiens		9606	true				2017	VZVHN2017-4	blood		315				1		2021-08-01T00:00:00Z		GenBank		The Sixth People's Hospital of Zhengzhou, Center for Translational Medicine	China	Wei,S.,Huo,Y.	2021-08-01T00:00:00Z								Human alphaherpesvirus 3		10335
MZ465682.1			PARTIAL	1	China	Asia									Homo sapiens		9606	true				2017	VZVHN2017-5	blood		315				1		2021-08-01T00:00:00Z		GenBank		The Sixth People's Hospital of Zhengzhou, Center for Translational Medicine	China	Wei,S.,Huo,Y.	2021-08-01T00:00:00Z								Human alphaherpesvirus 3		10335
MZ465683.1			PARTIAL	1	China	Asia									Homo sapiens		9606	true				2017	VZVHN2017-6	blood		315				1		2021-08-01T00:00:00Z		GenBank		The Sixth People's Hospital of Zhengzhou, Center for Translational Medicine	China	Wei,S.,Huo,Y.	2021-08-01T00:00:00Z								Human alphaherpesvirus 3		10335
MZ465684.1			PARTIAL	1	China	Asia									Homo sapiens		9606	true				2017	VZVHN2017-7	blood		315				1		2021-08-01T00:00:00Z		GenBank		The Sixth People's Hospital of Zhengzhou, Center for Translational Medicine	China	Wei,S.,Huo,Y.	2021-08-01T00:00:00Z								Human alphaherpesvirus 3		10335
MZ465685.1			PARTIAL	1	China	Asia									Homo sapiens		9606	true				2017	VZVHN2017-8	lesion		315				1		2021-08-01T00:00:00Z		GenBank		The Sixth People's Hospital of Zhengzhou, Center for Translational Medicine	China	Wei,S.,Huo,Y.	2021-08-01T00:00:00Z								Human alphaherpesvirus 3		10335
MZ465686.1			PARTIAL	1	China	Asia									Homo sapiens		9606	true				2017	VZVHN2017-9	lesion		315				1		2021-08-01T00:00:00Z		GenBank		The Sixth People's Hospital of Zhengzhou, Center for Translational Medicine	China	Wei,S.,Huo,Y.	2021-08-01T00:00:00Z								Human alphaherpesvirus 3		10335
MZ465687.1			PARTIAL	1	China	Asia									Homo sapiens		9606	true				2017	VZVHN2017-10	blood		315				1		2021-08-01T00:00:00Z		GenBank		The Sixth People's Hospital of Zhengzhou, Center for Translational Medicine	China	Wei,S.,Huo,Y.	2021-08-01T00:00:00Z								Human alphaherpesvirus 3		10335
MZ465688.1			PARTIAL	1	China	Asia									Homo sapiens		9606	true				2017	VZVHN2017-11	blood		315				1		2021-08-01T00:00:00Z		GenBank		The Sixth People's Hospital of Zhengzhou, Center for Translational Medicine	China	Wei,S.,Huo,Y.	2021-08-01T00:00:00Z								Human alphaherpesvirus 3		10335
MZ465689.1			PARTIAL	1	China	Asia									Homo sapiens		9606	true				2017	VZVHN2017-12	blood		315				1		2021-08-01T00:00:00Z		GenBank		The Sixth People's Hospital of Zhengzhou, Center for Translational Medicine	China	Wei,S.,Huo,Y.	2021-08-01T00:00:00Z								Human alphaherpesvirus 3		10335
MZ465690.1			PARTIAL	1	China	Asia									Homo sapiens		9606	true				2017	VZVHN2017-13	blood		315				1		2021-08-01T00:00:00Z		GenBank		The Sixth People's Hospital of Zhengzhou, Center for Translational Medicine	China	Wei,S.,Huo,Y.	2021-08-01T00:00:00Z								Human alphaherpesvirus 3		10335
MZ465691.1			PARTIAL	1	China	Asia									Homo sapiens		9606	true				2017	VZVHN2017-14	lesion		315				1		2021-08-01T00:00:00Z		GenBank		The Sixth People's Hospital of Zhengzhou, Center for Translational Medicine	China	Wei,S.,Huo,Y.	2021-08-01T00:00:00Z								Human alphaherpesvirus 3		10335
MZ465692.1			PARTIAL	1	China	Asia									Homo sapiens		9606	true				2017	VZVHN2017-15	blood		315				1		2021-08-01T00:00:00Z		GenBank		The Sixth People's Hospital of Zhengzhou, Center for Translational Medicine	China	Wei,S.,Huo,Y.	2021-08-01T00:00:00Z								Human alphaherpesvirus 3		10335
MZ465693.1			PARTIAL	1	China	Asia									Homo sapiens		9606	true				2017	VZVHN2017-16	lesion		315				1		2021-08-01T00:00:00Z		GenBank		The Sixth People's Hospital of Zhengzhou, Center for Translational Medicine	China	Wei,S.,Huo,Y.	2021-08-01T00:00:00Z								Human alphaherpesvirus 3		10335
MZ465694.1			PARTIAL	1	China	Asia									Homo sapiens		9606	true				2017	VZVHN2017-17	oronasopharynx		315				1		2021-08-01T00:00:00Z		GenBank		The Sixth People's Hospital of Zhengzhou, Center for Translational Medicine	China	Wei,S.,Huo,Y.	2021-08-01T00:00:00Z								Human alphaherpesvirus 3		10335
MZ465695.1			PARTIAL	1	China	Asia									Homo sapiens		9606	true				2017	VZVHN2017-18	lesion		315				1		2021-08-01T00:00:00Z		GenBank		The Sixth People's Hospital of Zhengzhou, Center for Translational Medicine	China	Wei,S.,Huo,Y.	2021-08-01T00:00:00Z								Human alphaherpesvirus 3		10335
MZ465696.1			PARTIAL	1	China	Asia									Homo sapiens		9606	true				2017	VZVHN2017-20	cerebrospinal fluid		315				1		2021-08-01T00:00:00Z		GenBank		The Sixth People's Hospital of Zhengzhou, Center for Translational Medicine	China	Wei,S.,Huo,Y.	2021-08-01T00:00:00Z								Human alphaherpesvirus 3		10335
MZ465697.1			PARTIAL	1	China	Asia									Homo sapiens		9606	true				2017	VZVHN2017-21	lesion		315				1		2021-08-01T00:00:00Z		GenBank		The Sixth People's Hospital of Zhengzhou, Center for Translational Medicine	China	Wei,S.,Huo,Y.	2021-08-01T00:00:00Z								Human alphaherpesvirus 3		10335
MZ465698.1			PARTIAL	1	China	Asia									Homo sapiens		9606	true				2017	VZVHN2017-22	blood		315				1		2021-08-01T00:00:00Z		GenBank		The Sixth People's Hospital of Zhengzhou, Center for Translational Medicine	China	Wei,S.,Huo,Y.	2021-08-01T00:00:00Z								Human alphaherpesvirus 3		10335
MZ465699.1			PARTIAL	1	China	Asia									Homo sapiens		9606	true				2017	VZVHN2017-23	blood		315				1		2021-08-01T00:00:00Z		GenBank		The Sixth People's Hospital of Zhengzhou, Center for Translational Medicine	China	Wei,S.,Huo,Y.	2021-08-01T00:00:00Z								Human alphaherpesvirus 3		10335
MZ465700.1			PARTIAL	1	China	Asia									Homo sapiens		9606	true				2017	VZVHN2017-24	blood		315				1		2021-08-01T00:00:00Z		GenBank		The Sixth People's Hospital of Zhengzhou, Center for Translational Medicine	China	Wei,S.,Huo,Y.	2021-08-01T00:00:00Z								Human alphaherpesvirus 3		10335
MZ465701.1			PARTIAL	1	China	Asia									Homo sapiens		9606	true				2017	VZVHN2017-25	blood		315				1		2021-08-01T00:00:00Z		GenBank		The Sixth People's Hospital of Zhengzhou, Center for Translational Medicine	China	Wei,S.,Huo,Y.	2021-08-01T00:00:00Z								Human alphaherpesvirus 3		10335
MZ465702.1			PARTIAL	1	China	Asia									Homo sapiens		9606	true				2017	VZVHN2017-26	blood		315				1		2021-08-01T00:00:00Z		GenBank		The Sixth People's Hospital of Zhengzhou, Center for Translational Medicine	China	Wei,S.,Huo,Y.	2021-08-01T00:00:00Z								Human alphaherpesvirus 3		10335
MZ465703.1			PARTIAL	1	China	Asia									Homo sapiens		9606	true				2017	VZVHN2017-27	blood		315				1		2021-08-01T00:00:00Z		GenBank		The Sixth People's Hospital of Zhengzhou, Center for Translational Medicine	China	Wei,S.,Huo,Y.	2021-08-01T00:00:00Z								Human alphaherpesvirus 3		10335
MZ465704.1			PARTIAL	1	China	Asia									Homo sapiens		9606	true				2017	VZVHN2017-28	blood		315				1		2021-08-01T00:00:00Z		GenBank		The Sixth People's Hospital of Zhengzhou, Center for Translational Medicine	China	Wei,S.,Huo,Y.	2021-08-01T00:00:00Z								Human alphaherpesvirus 3		10335
MZ465705.1			PARTIAL	1	China	Asia									Homo sapiens		9606	true				2017	VZVHN2017-29	blood		315				1		2021-08-01T00:00:00Z		GenBank		The Sixth People's Hospital of Zhengzhou, Center for Translational Medicine	China	Wei,S.,Huo,Y.	2021-08-01T00:00:00Z								Human alphaherpesvirus 3		10335
MZ465706.1			PARTIAL	1	China	Asia									Homo sapiens		9606	true				2017	VZVHN2017-30	blood		315				1		2021-08-01T00:00:00Z		GenBank		The Sixth People's Hospital of Zhengzhou, Center for Translational Medicine	China	Wei,S.,Huo,Y.	2021-08-01T00:00:00Z								Human alphaherpesvirus 3		10335
MZ465707.1			PARTIAL	1	China	Asia									Homo sapiens		9606	true				2017	VZVHN2017-32	blood		315				1		2021-08-01T00:00:00Z		GenBank		The Sixth People's Hospital of Zhengzhou, Center for Translational Medicine	China	Wei,S.,Huo,Y.	2021-08-01T00:00:00Z								Human alphaherpesvirus 3		10335
MZ465708.1			PARTIAL	1	China	Asia									Homo sapiens		9606	true				2017	VZVHN2017-33	blood		315				1		2021-08-01T00:00:00Z		GenBank		The Sixth People's Hospital of Zhengzhou, Center for Translational Medicine	China	Wei,S.,Huo,Y.	2021-08-01T00:00:00Z								Human alphaherpesvirus 3		10335
MZ465709.1			PARTIAL	1	China	Asia									Homo sapiens		9606	true				2017	VZVHN2017-34	blood		315				1		2021-08-01T00:00:00Z		GenBank		The Sixth People's Hospital of Zhengzhou, Center for Translational Medicine	China	Wei,S.,Huo,Y.	2021-08-01T00:00:00Z								Human alphaherpesvirus 3		10335
MZ465710.1			PARTIAL	1	China	Asia									Homo sapiens		9606	true				2017	VZVHN2017-36	blood		315				1		2021-08-01T00:00:00Z		GenBank		The Sixth People's Hospital of Zhengzhou, Center for Translational Medicine	China	Wei,S.,Huo,Y.	2021-08-01T00:00:00Z								Human alphaherpesvirus 3		10335
MZ465711.1			PARTIAL	1	China	Asia									Homo sapiens		9606	true				2017	VZVHN2017-37	blood		315				1		2021-08-01T00:00:00Z		GenBank		The Sixth People's Hospital of Zhengzhou, Center for Translational Medicine	China	Wei,S.,Huo,Y.	2021-08-01T00:00:00Z								Human alphaherpesvirus 3		10335
MZ465712.1			PARTIAL	1	China	Asia									Homo sapiens		9606	true				2017	VZVHN2017-38	blood		315				1		2021-08-01T00:00:00Z		GenBank		The Sixth People's Hospital of Zhengzhou, Center for Translational Medicine	China	Wei,S.,Huo,Y.	2021-08-01T00:00:00Z								Human alphaherpesvirus 3		10335
MZ465713.1			PARTIAL	1	China	Asia									Homo sapiens		9606	true				2017	VZVHN2017-40	blood		315				1		2021-08-01T00:00:00Z		GenBank		The Sixth People's Hospital of Zhengzhou, Center for Translational Medicine	China	Wei,S.,Huo,Y.	2021-08-01T00:00:00Z								Human alphaherpesvirus 3		10335
MZ465714.1			PARTIAL	1	China	Asia									Homo sapiens		9606	true				2017	VZVHN2017-41	blood		315				1		2021-08-01T00:00:00Z		GenBank		The Sixth People's Hospital of Zhengzhou, Center for Translational Medicine	China	Wei,S.,Huo,Y.	2021-08-01T00:00:00Z								Human alphaherpesvirus 3		10335
MZ465715.1			PARTIAL	1	China	Asia									Homo sapiens		9606	true				2018	VZVHN2018-1	blood		315				1		2021-08-01T00:00:00Z		GenBank		The Sixth People's Hospital of Zhengzhou, Center for Translational Medicine	China	Wei,S.,Huo,Y.	2021-08-01T00:00:00Z								Human alphaherpesvirus 3		10335
MZ465716.1			PARTIAL	1	China	Asia									Homo sapiens		9606	true				2018	VZVHN2018-2	blood		315				1		2021-08-01T00:00:00Z		GenBank		The Sixth People's Hospital of Zhengzhou, Center for Translational Medicine	China	Wei,S.,Huo,Y.	2021-08-01T00:00:00Z								Human alphaherpesvirus 3		10335
MZ465717.1			PARTIAL	1	China	Asia									Homo sapiens		9606	true				2018	VZVHN2018-3	blood		315				1		2021-08-01T00:00:00Z		GenBank		The Sixth People's Hospital of Zhengzhou, Center for Translational Medicine	China	Wei,S.,Huo,Y.	2021-08-01T00:00:00Z								Human alphaherpesvirus 3		10335
MZ465718.1			PARTIAL	1	China	Asia									Homo sapiens		9606	true				2018	VZVHN2018-4	blood		315				1		2021-08-01T00:00:00Z		GenBank		The Sixth People's Hospital of Zhengzhou, Center for Translational Medicine	China	Wei,S.,Huo,Y.	2021-08-01T00:00:00Z								Human alphaherpesvirus 3		10335
MZ465719.1			PARTIAL	1	China	Asia									Homo sapiens		9606	true				2018	VZVHN2018-5	blood		315				1		2021-08-01T00:00:00Z		GenBank		The Sixth People's Hospital of Zhengzhou, Center for Translational Medicine	China	Wei,S.,Huo,Y.	2021-08-01T00:00:00Z								Human alphaherpesvirus 3		10335
MZ465720.1			PARTIAL	1	China	Asia									Homo sapiens		9606	true				2018	VZVHN2018-6	blood		315				1		2021-08-01T00:00:00Z		GenBank		The Sixth People's Hospital of Zhengzhou, Center for Translational Medicine	China	Wei,S.,Huo,Y.	2021-08-01T00:00:00Z								Human alphaherpesvirus 3		10335
MZ465721.1			PARTIAL	1	China	Asia									Homo sapiens		9606	true				2018	VZVHN2018-7	blood		315				1		2021-08-01T00:00:00Z		GenBank		The Sixth People's Hospital of Zhengzhou, Center for Translational Medicine	China	Wei,S.,Huo,Y.	2021-08-01T00:00:00Z								Human alphaherpesvirus 3		10335
MZ465722.1			PARTIAL	1	China	Asia									Homo sapiens		9606	true				2018	VZVHN2018-8	blood		315				1		2021-08-01T00:00:00Z		GenBank		The Sixth People's Hospital of Zhengzhou, Center for Translational Medicine	China	Wei,S.,Huo,Y.	2021-08-01T00:00:00Z								Human alphaherpesvirus 3		10335
MZ465723.1			PARTIAL	1	China	Asia									Homo sapiens		9606	true				2018	VZVHN2018-9	blood		315				1		2021-08-01T00:00:00Z		GenBank		The Sixth People's Hospital of Zhengzhou, Center for Translational Medicine	China	Wei,S.,Huo,Y.	2021-08-01T00:00:00Z								Human alphaherpesvirus 3		10335
MZ465724.1			PARTIAL	1	China	Asia									Homo sapiens		9606	true				2018	VZVHN2018-10	blood		315				1		2021-08-01T00:00:00Z		GenBank		The Sixth People's Hospital of Zhengzhou, Center for Translational Medicine	China	Wei,S.,Huo,Y.	2021-08-01T00:00:00Z								Human alphaherpesvirus 3		10335
MZ465725.1			PARTIAL	1	China	Asia									Homo sapiens		9606	true				2018	VZVHN2018-11	blood		315				1		2021-08-01T00:00:00Z		GenBank		The Sixth People's Hospital of Zhengzhou, Center for Translational Medicine	China	Wei,S.,Huo,Y.	2021-08-01T00:00:00Z								Human alphaherpesvirus 3		10335
MZ465726.1			PARTIAL	1	China	Asia									Homo sapiens		9606	true				2018	VZVHN2018-14	blood		315				1		2021-08-01T00:00:00Z		GenBank		The Sixth People's Hospital of Zhengzhou, Center for Translational Medicine	China	Wei,S.,Huo,Y.	2021-08-01T00:00:00Z								Human alphaherpesvirus 3		10335
MZ465727.1			PARTIAL	1	China	Asia									Homo sapiens		9606	true				2018	VZVHN2018-15	blood		315				1		2021-08-01T00:00:00Z		GenBank		The Sixth People's Hospital of Zhengzhou, Center for Translational Medicine	China	Wei,S.,Huo,Y.	2021-08-01T00:00:00Z								Human alphaherpesvirus 3		10335
MZ465728.1			PARTIAL	1	China	Asia									Homo sapiens		9606	true				2018	VZVHN2018-16	blood		315				1		2021-08-01T00:00:00Z		GenBank		The Sixth People's Hospital of Zhengzhou, Center for Translational Medicine	China	Wei,S.,Huo,Y.	2021-08-01T00:00:00Z								Human alphaherpesvirus 3		10335
MZ465729.1			PARTIAL	1	China	Asia									Homo sapiens		9606	true				2018	VZVHN2018-17	blood		315				1		2021-08-01T00:00:00Z		GenBank		The Sixth People's Hospital of Zhengzhou, Center for Translational Medicine	China	Wei,S.,Huo,Y.	2021-08-01T00:00:00Z								Human alphaherpesvirus 3		10335
MZ465730.1			PARTIAL	1	China	Asia									Homo sapiens		9606	true				2018	VZVHN2018-19	blood		315				1		2021-08-01T00:00:00Z		GenBank		The Sixth People's Hospital of Zhengzhou, Center for Translational Medicine	China	Wei,S.,Huo,Y.	2021-08-01T00:00:00Z								Human alphaherpesvirus 3		10335
MZ465731.1			PARTIAL	1	China	Asia									Homo sapiens		9606	true				2018	VZVHN2018-20	blood		315				1		2021-08-01T00:00:00Z		GenBank		The Sixth People's Hospital of Zhengzhou, Center for Translational Medicine	China	Wei,S.,Huo,Y.	2021-08-01T00:00:00Z								Human alphaherpesvirus 3		10335
MZ465732.1			PARTIAL	1	China	Asia									Homo sapiens		9606	true				2018	VZVHN2018-21	blood		315				1		2021-08-01T00:00:00Z		GenBank		The Sixth People's Hospital of Zhengzhou, Center for Translational Medicine	China	Wei,S.,Huo,Y.	2021-08-01T00:00:00Z								Human alphaherpesvirus 3		10335
MZ465733.1			PARTIAL	1	China	Asia									Homo sapiens		9606	true				2018	VZVHN2018-22	blood		315				1		2021-08-01T00:00:00Z		GenBank		The Sixth People's Hospital of Zhengzhou, Center for Translational Medicine	China	Wei,S.,Huo,Y.	2021-08-01T00:00:00Z								Human alphaherpesvirus 3		10335
MZ465734.1			PARTIAL	1	China	Asia									Homo sapiens		9606	true				2018	VZVHN2018-23	blood		315				1		2021-08-01T00:00:00Z		GenBank		The Sixth People's Hospital of Zhengzhou, Center for Translational Medicine	China	Wei,S.,Huo,Y.	2021-08-01T00:00:00Z								Human alphaherpesvirus 3		10335
MZ465735.1			PARTIAL	1	China	Asia									Homo sapiens		9606	true				2018	VZVHN2018-24	blood		315				1		2021-08-01T00:00:00Z		GenBank		The Sixth People's Hospital of Zhengzhou, Center for Translational Medicine	China	Wei,S.,Huo,Y.	2021-08-01T00:00:00Z								Human alphaherpesvirus 3		10335
MZ465736.1			PARTIAL	1	China	Asia									Homo sapiens		9606	true				2018	VZVHN2018-25	blood		315				1		2021-08-01T00:00:00Z		GenBank		The Sixth People's Hospital of Zhengzhou, Center for Translational Medicine	China	Wei,S.,Huo,Y.	2021-08-01T00:00:00Z								Human alphaherpesvirus 3		10335
MZ465737.1			PARTIAL	1	China	Asia									Homo sapiens		9606	true				2018	VZVHN2018-26	blood		315				1		2021-08-01T00:00:00Z		GenBank		The Sixth People's Hospital of Zhengzhou, Center for Translational Medicine	China	Wei,S.,Huo,Y.	2021-08-01T00:00:00Z								Human alphaherpesvirus 3		10335
MZ465738.1			PARTIAL	1	China	Asia									Homo sapiens		9606	true				2018	VZVHN2018-27	blood		315				1		2021-08-01T00:00:00Z		GenBank		The Sixth People's Hospital of Zhengzhou, Center for Translational Medicine	China	Wei,S.,Huo,Y.	2021-08-01T00:00:00Z								Human alphaherpesvirus 3		10335
MZ465739.1			PARTIAL	1	China	Asia									Homo sapiens		9606	true				2018	VZVHN2018-28	blood		315				1		2021-08-01T00:00:00Z		GenBank		The Sixth People's Hospital of Zhengzhou, Center for Translational Medicine	China	Wei,S.,Huo,Y.	2021-08-01T00:00:00Z								Human alphaherpesvirus 3		10335
MZ465740.1			PARTIAL	1	China	Asia									Homo sapiens		9606	true				2018	VZVHN2018-29	blood		315				1		2021-08-01T00:00:00Z		GenBank		The Sixth People's Hospital of Zhengzhou, Center for Translational Medicine	China	Wei,S.,Huo,Y.	2021-08-01T00:00:00Z								Human alphaherpesvirus 3		10335
MZ465741.1			PARTIAL	1	China	Asia									Homo sapiens		9606	true				2018	VZVHN2018-30	blood		315				1		2021-08-01T00:00:00Z		GenBank		The Sixth People's Hospital of Zhengzhou, Center for Translational Medicine	China	Wei,S.,Huo,Y.	2021-08-01T00:00:00Z								Human alphaherpesvirus 3		10335
MZ465742.1			PARTIAL	1	China	Asia									Homo sapiens		9606	true				2018	VZVHN2018-32	blood		315				1		2021-08-01T00:00:00Z		GenBank		The Sixth People's Hospital of Zhengzhou, Center for Translational Medicine	China	Wei,S.,Huo,Y.	2021-08-01T00:00:00Z								Human alphaherpesvirus 3		10335
MZ465743.1			PARTIAL	1	China	Asia									Homo sapiens		9606	true				2018	VZVHN2018-34	blood		315				1		2021-08-01T00:00:00Z		GenBank		The Sixth People's Hospital of Zhengzhou, Center for Translational Medicine	China	Wei,S.,Huo,Y.	2021-08-01T00:00:00Z								Human alphaherpesvirus 3		10335
MZ465744.1			PARTIAL	1	China	Asia									Homo sapiens		9606	true				2018	VZVHN2018-36	blood		315				1		2021-08-01T00:00:00Z		GenBank		The Sixth People's Hospital of Zhengzhou, Center for Translational Medicine	China	Wei,S.,Huo,Y.	2021-08-01T00:00:00Z								Human alphaherpesvirus 3		10335
MZ465745.1			PARTIAL	1	China	Asia									Homo sapiens		9606	true				2018	VZVHN2018-37	lesion		315				1		2021-08-01T00:00:00Z		GenBank		The Sixth People's Hospital of Zhengzhou, Center for Translational Medicine	China	Wei,S.,Huo,Y.	2021-08-01T00:00:00Z								Human alphaherpesvirus 3		10335
MZ465746.1			PARTIAL	1	China	Asia									Homo sapiens		9606	true				2018	VZVHN2018-39	blood		315				1		2021-08-01T00:00:00Z		GenBank		The Sixth People's Hospital of Zhengzhou, Center for Translational Medicine	China	Wei,S.,Huo,Y.	2021-08-01T00:00:00Z								Human alphaherpesvirus 3		10335
MZ465747.1			PARTIAL	1	China	Asia									Homo sapiens		9606	true				2018	VZVHN2018-40	blood		315				1		2021-08-01T00:00:00Z		GenBank		The Sixth People's Hospital of Zhengzhou, Center for Translational Medicine	China	Wei,S.,Huo,Y.	2021-08-01T00:00:00Z								Human alphaherpesvirus 3		10335
MZ465748.1			PARTIAL	1	China	Asia									Homo sapiens		9606	true				2018	VZVHN2018-41	blood		315				1		2021-08-01T00:00:00Z		GenBank		The Sixth People's Hospital of Zhengzhou, Center for Translational Medicine	China	Wei,S.,Huo,Y.	2021-08-01T00:00:00Z								Human alphaherpesvirus 3		10335
MZ465749.1			PARTIAL	1	China	Asia									Homo sapiens		9606	true				2018	VZVHN2018-42	blood		315				1		2021-08-01T00:00:00Z		GenBank		The Sixth People's Hospital of Zhengzhou, Center for Translational Medicine	China	Wei,S.,Huo,Y.	2021-08-01T00:00:00Z								Human alphaherpesvirus 3		10335
MZ465750.1			PARTIAL	1	China	Asia									Homo sapiens		9606	true				2018	VZVHN2018-43	blood		315				1		2021-08-01T00:00:00Z		GenBank		The Sixth People's Hospital of Zhengzhou, Center for Translational Medicine	China	Wei,S.,Huo,Y.	2021-08-01T00:00:00Z								Human alphaherpesvirus 3		10335
MZ465751.1			PARTIAL	1	China	Asia									Homo sapiens		9606	true				2018	VZVHN2018-44	blood		315				1		2021-08-01T00:00:00Z		GenBank		The Sixth People's Hospital of Zhengzhou, Center for Translational Medicine	China	Wei,S.,Huo,Y.	2021-08-01T00:00:00Z								Human alphaherpesvirus 3		10335
MZ465752.1			PARTIAL	1	China	Asia									Homo sapiens		9606	true				2018	VZVHN2018-45	blood		315				1		2021-08-01T00:00:00Z		GenBank		The Sixth People's Hospital of Zhengzhou, Center for Translational Medicine	China	Wei,S.,Huo,Y.	2021-08-01T00:00:00Z								Human alphaherpesvirus 3		10335
MZ465753.1			PARTIAL	1	China	Asia									Homo sapiens		9606	true				2018	VZVHN2018-46	oronasopharynx		315				1		2021-08-01T00:00:00Z		GenBank		The Sixth People's Hospital of Zhengzhou, Center for Translational Medicine	China	Wei,S.,Huo,Y.	2021-08-01T00:00:00Z								Human alphaherpesvirus 3		10335
MZ465754.1			PARTIAL	1	China	Asia									Homo sapiens		9606	true				2018	VZVHN2018-47	blood		315				1		2021-08-01T00:00:00Z		GenBank		The Sixth People's Hospital of Zhengzhou, Center for Translational Medicine	China	Wei,S.,Huo,Y.	2021-08-01T00:00:00Z								Human alphaherpesvirus 3		10335
MZ465755.1			PARTIAL	1	China	Asia									Homo sapiens		9606	true				2018	VZVHN2018-50	blood		315				1		2021-08-01T00:00:00Z		GenBank		The Sixth People's Hospital of Zhengzhou, Center for Translational Medicine	China	Wei,S.,Huo,Y.	2021-08-01T00:00:00Z								Human alphaherpesvirus 3		10335
MZ465756.1			PARTIAL	1	China	Asia									Homo sapiens		9606	true				2018	VZVHN2018-51	blood		315				1		2021-08-01T00:00:00Z		GenBank		The Sixth People's Hospital of Zhengzhou, Center for Translational Medicine	China	Wei,S.,Huo,Y.	2021-08-01T00:00:00Z								Human alphaherpesvirus 3		10335
MZ465757.1			PARTIAL	1	China	Asia									Homo sapiens		9606	true				2018	VZVHN2018-52	blood		315				1		2021-08-01T00:00:00Z		GenBank		The Sixth People's Hospital of Zhengzhou, Center for Translational Medicine	China	Wei,S.,Huo,Y.	2021-08-01T00:00:00Z								Human alphaherpesvirus 3		10335
MZ465758.1			PARTIAL	1	China	Asia									Homo sapiens		9606	true				2018	VZVHN2018-53	blood		315				1		2021-08-01T00:00:00Z		GenBank		The Sixth People's Hospital of Zhengzhou, Center for Translational Medicine	China	Wei,S.,Huo,Y.	2021-08-01T00:00:00Z								Human alphaherpesvirus 3		10335
MZ465759.1			PARTIAL	1	China	Asia									Homo sapiens		9606	true				2018	VZVHN2018-55	lesion		315				1		2021-08-01T00:00:00Z		GenBank		The Sixth People's Hospital of Zhengzhou, Center for Translational Medicine	China	Wei,S.,Huo,Y.	2021-08-01T00:00:00Z								Human alphaherpesvirus 3		10335
MZ465760.1			PARTIAL	1	China	Asia									Homo sapiens		9606	true				2018	VZVHN2018-56	oronasopharynx		315				1		2021-08-01T00:00:00Z		GenBank		The Sixth People's Hospital of Zhengzhou, Center for Translational Medicine	China	Wei,S.,Huo,Y.	2021-08-01T00:00:00Z								Human alphaherpesvirus 3		10335
MZ465761.1			PARTIAL	1	China	Asia									Homo sapiens		9606	true				2018	VZVHN2018-57	blood		315				1		2021-08-01T00:00:00Z		GenBank		The Sixth People's Hospital of Zhengzhou, Center for Translational Medicine	China	Wei,S.,Huo,Y.	2021-08-01T00:00:00Z								Human alphaherpesvirus 3		10335
MZ465762.1			PARTIAL	1	China	Asia									Homo sapiens		9606	true				2018	VZVHN2018-59	blood		315				1		2021-08-01T00:00:00Z		GenBank		The Sixth People's Hospital of Zhengzhou, Center for Translational Medicine	China	Wei,S.,Huo,Y.	2021-08-01T00:00:00Z								Human alphaherpesvirus 3		10335
MZ465763.1			PARTIAL	1	China	Asia									Homo sapiens		9606	true				2018	VZVHN2018-60	blood		315				1		2021-08-01T00:00:00Z		GenBank		The Sixth People's Hospital of Zhengzhou, Center for Translational Medicine	China	Wei,S.,Huo,Y.	2021-08-01T00:00:00Z								Human alphaherpesvirus 3		10335
MZ465764.1			PARTIAL	1	China	Asia									Homo sapiens		9606	true				2018	VZVHN2018-63	blood		315				1		2021-08-01T00:00:00Z		GenBank		The Sixth People's Hospital of Zhengzhou, Center for Translational Medicine	China	Wei,S.,Huo,Y.	2021-08-01T00:00:00Z								Human alphaherpesvirus 3		10335
MZ465765.1			PARTIAL	1	China	Asia									Homo sapiens		9606	true				2018	VZVHN2018-64	blood		315				1		2021-08-01T00:00:00Z		GenBank		The Sixth People's Hospital of Zhengzhou, Center for Translational Medicine	China	Wei,S.,Huo,Y.	2021-08-01T00:00:00Z								Human alphaherpesvirus 3		10335
MZ465766.1			PARTIAL	1	China	Asia									Homo sapiens		9606	true				2018	VZVHN2018-65	blood		315				1		2021-08-01T00:00:00Z		GenBank		The Sixth People's Hospital of Zhengzhou, Center for Translational Medicine	China	Wei,S.,Huo,Y.	2021-08-01T00:00:00Z								Human alphaherpesvirus 3		10335
MZ465767.1			PARTIAL	1	China	Asia									Homo sapiens		9606	true				2018	VZVHN2018-68	blood		315				1		2021-08-01T00:00:00Z		GenBank		The Sixth People's Hospital of Zhengzhou, Center for Translational Medicine	China	Wei,S.,Huo,Y.	2021-08-01T00:00:00Z								Human alphaherpesvirus 3		10335
MZ465768.1			PARTIAL	1	China	Asia									Homo sapiens		9606	true				2018	VZVHN2018-69	blood		315				1		2021-08-01T00:00:00Z		GenBank		The Sixth People's Hospital of Zhengzhou, Center for Translational Medicine	China	Wei,S.,Huo,Y.	2021-08-01T00:00:00Z								Human alphaherpesvirus 3		10335
MZ465769.1			PARTIAL	1	China	Asia									Homo sapiens		9606	true				2018	VZVHN2018-70	blood		315				1		2021-08-01T00:00:00Z		GenBank		The Sixth People's Hospital of Zhengzhou, Center for Translational Medicine	China	Wei,S.,Huo,Y.	2021-08-01T00:00:00Z								Human alphaherpesvirus 3		10335
MZ465770.1			PARTIAL	1	China	Asia									Homo sapiens		9606	true				2018	VZVHN2018-71	blood		315				1		2021-08-01T00:00:00Z		GenBank		The Sixth People's Hospital of Zhengzhou, Center for Translational Medicine	China	Wei,S.,Huo,Y.	2021-08-01T00:00:00Z								Human alphaherpesvirus 3		10335
MZ465771.1			PARTIAL	1	China	Asia									Homo sapiens		9606	true				2018	VZVHN2018-72	blood		315				1		2021-08-01T00:00:00Z		GenBank		The Sixth People's Hospital of Zhengzhou, Center for Translational Medicine	China	Wei,S.,Huo,Y.	2021-08-01T00:00:00Z								Human alphaherpesvirus 3		10335
MZ465772.1			PARTIAL	1	China	Asia									Homo sapiens		9606	true				2018	VZVHN2018-74	blood		315				1		2021-08-01T00:00:00Z		GenBank		The Sixth People's Hospital of Zhengzhou, Center for Translational Medicine	China	Wei,S.,Huo,Y.	2021-08-01T00:00:00Z								Human alphaherpesvirus 3		10335
MZ465773.1			PARTIAL	1	China	Asia									Homo sapiens		9606	true				2018	VZVHN2018-75	blood		315				1		2021-08-01T00:00:00Z		GenBank		The Sixth People's Hospital of Zhengzhou, Center for Translational Medicine	China	Wei,S.,Huo,Y.	2021-08-01T00:00:00Z								Human alphaherpesvirus 3		10335
MZ465774.1			PARTIAL	1	China	Asia									Homo sapiens		9606	true				2018	VZVHN2018-76	blood		315				1		2021-08-01T00:00:00Z		GenBank		The Sixth People's Hospital of Zhengzhou, Center for Translational Medicine	China	Wei,S.,Huo,Y.	2021-08-01T00:00:00Z								Human alphaherpesvirus 3		10335
MZ465775.1			PARTIAL	1	China	Asia									Homo sapiens		9606	true				2018	VZVHN2018-78	blood		315				1		2021-08-01T00:00:00Z		GenBank		The Sixth People's Hospital of Zhengzhou, Center for Translational Medicine	China	Wei,S.,Huo,Y.	2021-08-01T00:00:00Z								Human alphaherpesvirus 3		10335
MZ465776.1			PARTIAL	1	China	Asia									Homo sapiens		9606	true				2018	VZVHN2018-80	blood		315				1		2021-08-01T00:00:00Z		GenBank		The Sixth People's Hospital of Zhengzhou, Center for Translational Medicine	China	Wei,S.,Huo,Y.	2021-08-01T00:00:00Z								Human alphaherpesvirus 3		10335
MZ465777.1			PARTIAL	1	China	Asia									Homo sapiens		9606	true				2018	VZVHN2018-81	blood		315				1		2021-08-01T00:00:00Z		GenBank		The Sixth People's Hospital of Zhengzhou, Center for Translational Medicine	China	Wei,S.,Huo,Y.	2021-08-01T00:00:00Z								Human alphaherpesvirus 3		10335
MZ465778.1			PARTIAL	1	China	Asia									Homo sapiens		9606	true				2018	VZVHN2018-82	blood		315				1		2021-08-01T00:00:00Z		GenBank		The Sixth People's Hospital of Zhengzhou, Center for Translational Medicine	China	Wei,S.,Huo,Y.	2021-08-01T00:00:00Z								Human alphaherpesvirus 3		10335
MZ465779.1			PARTIAL	1	China	Asia									Homo sapiens		9606	true				2018	VZVHN2018-83	blood		315				1		2021-08-01T00:00:00Z		GenBank		The Sixth People's Hospital of Zhengzhou, Center for Translational Medicine	China	Wei,S.,Huo,Y.	2021-08-01T00:00:00Z								Human alphaherpesvirus 3		10335
MZ465780.1			PARTIAL	1	China	Asia									Homo sapiens		9606	true				2018	VZVHN2018-84	blood		315				1		2021-08-01T00:00:00Z		GenBank		The Sixth People's Hospital of Zhengzhou, Center for Translational Medicine	China	Wei,S.,Huo,Y.	2021-08-01T00:00:00Z								Human alphaherpesvirus 3		10335
MZ465781.1			PARTIAL	1	China	Asia									Homo sapiens		9606	true				2017	VZVHN2017-1	blood		333				1		2021-08-01T00:00:00Z		GenBank		The Sixth People's Hospital of Zhengzhou, Center for Translational Medicine	China	Wei,S.,Huo,Y.	2021-08-01T00:00:00Z								Human alphaherpesvirus 3		10335
MZ465782.1			PARTIAL	1	China	Asia									Homo sapiens		9606	true				2017	VZVHN2017-2	blood		333				1		2021-08-01T00:00:00Z		GenBank		The Sixth People's Hospital of Zhengzhou, Center for Translational Medicine	China	Wei,S.,Huo,Y.	2021-08-01T00:00:00Z								Human alphaherpesvirus 3		10335
MZ465783.1			PARTIAL	1	China	Asia									Homo sapiens		9606	true				2017	VZVHN2017-3	blood		333				1		2021-08-01T00:00:00Z		GenBank		The Sixth People's Hospital of Zhengzhou, Center for Translational Medicine	China	Wei,S.,Huo,Y.	2021-08-01T00:00:00Z								Human alphaherpesvirus 3		10335
MZ465784.1			PARTIAL	1	China	Asia									Homo sapiens		9606	true				2017	VZVHN2017-4	blood		333				1		2021-08-01T00:00:00Z		GenBank		The Sixth People's Hospital of Zhengzhou, Center for Translational Medicine	China	Wei,S.,Huo,Y.	2021-08-01T00:00:00Z								Human alphaherpesvirus 3		10335
MZ465785.1			PARTIAL	1	China	Asia									Homo sapiens		9606	true				2017	VZVHN2017-5	blood		333				1		2021-08-01T00:00:00Z		GenBank		The Sixth People's Hospital of Zhengzhou, Center for Translational Medicine	China	Wei,S.,Huo,Y.	2021-08-01T00:00:00Z								Human alphaherpesvirus 3		10335
MZ465786.1			PARTIAL	1	China	Asia									Homo sapiens		9606	true				2017	VZVHN2017-6	blood		333				1		2021-08-01T00:00:00Z		GenBank		The Sixth People's Hospital of Zhengzhou, Center for Translational Medicine	China	Wei,S.,Huo,Y.	2021-08-01T00:00:00Z								Human alphaherpesvirus 3		10335
MZ465787.1			PARTIAL	1	China	Asia									Homo sapiens		9606	true				2017	VZVHN2017-7	blood		333				1		2021-08-01T00:00:00Z		GenBank		The Sixth People's Hospital of Zhengzhou, Center for Translational Medicine	China	Wei,S.,Huo,Y.	2021-08-01T00:00:00Z								Human alphaherpesvirus 3		10335
MZ465788.1			PARTIAL	1	China	Asia									Homo sapiens		9606	true				2017	VZVHN2017-8	lesion		333				1		2021-08-01T00:00:00Z		GenBank		The Sixth People's Hospital of Zhengzhou, Center for Translational Medicine	China	Wei,S.,Huo,Y.	2021-08-01T00:00:00Z								Human alphaherpesvirus 3		10335
MZ465789.1			PARTIAL	1	China	Asia									Homo sapiens		9606	true				2017	VZVHN2017-9	lesion		333				1		2021-08-01T00:00:00Z		GenBank		The Sixth People's Hospital of Zhengzhou, Center for Translational Medicine	China	Wei,S.,Huo,Y.	2021-08-01T00:00:00Z								Human alphaherpesvirus 3		10335
MZ465790.1			PARTIAL	1	China	Asia									Homo sapiens		9606	true				2017	VZVHN2017-10	blood		333				1		2021-08-01T00:00:00Z		GenBank		The Sixth People's Hospital of Zhengzhou, Center for Translational Medicine	China	Wei,S.,Huo,Y.	2021-08-01T00:00:00Z								Human alphaherpesvirus 3		10335
MZ465791.1			PARTIAL	1	China	Asia									Homo sapiens		9606	true				2017	VZVHN2017-11	blood		333				1		2021-08-01T00:00:00Z		GenBank		The Sixth People's Hospital of Zhengzhou, Center for Translational Medicine	China	Wei,S.,Huo,Y.	2021-08-01T00:00:00Z								Human alphaherpesvirus 3		10335
MZ465792.1			PARTIAL	1	China	Asia									Homo sapiens		9606	true				2017	VZVHN2017-12	blood		333				1		2021-08-01T00:00:00Z		GenBank		The Sixth People's Hospital of Zhengzhou, Center for Translational Medicine	China	Wei,S.,Huo,Y.	2021-08-01T00:00:00Z								Human alphaherpesvirus 3		10335
MZ465793.1			PARTIAL	1	China	Asia									Homo sapiens		9606	true				2017	VZVHN2017-13	blood		333				1		2021-08-01T00:00:00Z		GenBank		The Sixth People's Hospital of Zhengzhou, Center for Translational Medicine	China	Wei,S.,Huo,Y.	2021-08-01T00:00:00Z								Human alphaherpesvirus 3		10335
MZ465794.1			PARTIAL	1	China	Asia									Homo sapiens		9606	true				2017	VZVHN2017-14	lesion		333				1		2021-08-01T00:00:00Z		GenBank		The Sixth People's Hospital of Zhengzhou, Center for Translational Medicine	China	Wei,S.,Huo,Y.	2021-08-01T00:00:00Z								Human alphaherpesvirus 3		10335
MZ465795.1			PARTIAL	1	China	Asia									Homo sapiens		9606	true				2017	VZVHN2017-15	blood		333				1		2021-08-01T00:00:00Z		GenBank		The Sixth People's Hospital of Zhengzhou, Center for Translational Medicine	China	Wei,S.,Huo,Y.	2021-08-01T00:00:00Z								Human alphaherpesvirus 3		10335
MZ465796.1			PARTIAL	1	China	Asia									Homo sapiens		9606	true				2017	VZVHN2017-16	lesion		333				1		2021-08-01T00:00:00Z		GenBank		The Sixth People's Hospital of Zhengzhou, Center for Translational Medicine	China	Wei,S.,Huo,Y.	2021-08-01T00:00:00Z								Human alphaherpesvirus 3		10335
MZ465797.1			PARTIAL	1	China	Asia									Homo sapiens		9606	true				2017	VZVHN2017-17	oronasopharynx		333				1		2021-08-01T00:00:00Z		GenBank		The Sixth People's Hospital of Zhengzhou, Center for Translational Medicine	China	Wei,S.,Huo,Y.	2021-08-01T00:00:00Z								Human alphaherpesvirus 3		10335
MZ465798.1			PARTIAL	1	China	Asia									Homo sapiens		9606	true				2017	VZVHN2017-18	lesion		333				1		2021-08-01T00:00:00Z		GenBank		The Sixth People's Hospital of Zhengzhou, Center for Translational Medicine	China	Wei,S.,Huo,Y.	2021-08-01T00:00:00Z								Human alphaherpesvirus 3		10335
MZ465799.1			PARTIAL	1	China	Asia									Homo sapiens		9606	true				2017	VZVHN2017-19	blood		333				1		2021-08-01T00:00:00Z		GenBank		The Sixth People's Hospital of Zhengzhou, Center for Translational Medicine	China	Wei,S.,Huo,Y.	2021-08-01T00:00:00Z								Human alphaherpesvirus 3		10335
MZ465800.1			PARTIAL	1	China	Asia									Homo sapiens		9606	true				2017	VZVHN2017-20	cerebrospinal fluid		333				1		2021-08-01T00:00:00Z		GenBank		The Sixth People's Hospital of Zhengzhou, Center for Translational Medicine	China	Wei,S.,Huo,Y.	2021-08-01T00:00:00Z								Human alphaherpesvirus 3		10335
MZ465801.1			PARTIAL	1	China	Asia									Homo sapiens		9606	true				2017	VZVHN2017-21	lesion		333				1		2021-08-01T00:00:00Z		GenBank		The Sixth People's Hospital of Zhengzhou, Center for Translational Medicine	China	Wei,S.,Huo,Y.	2021-08-01T00:00:00Z								Human alphaherpesvirus 3		10335
MZ465802.1			PARTIAL	1	China	Asia									Homo sapiens		9606	true				2017	VZVHN2017-22	blood		333				1		2021-08-01T00:00:00Z		GenBank		The Sixth People's Hospital of Zhengzhou, Center for Translational Medicine	China	Wei,S.,Huo,Y.	2021-08-01T00:00:00Z								Human alphaherpesvirus 3		10335
MZ465803.1			PARTIAL	1	China	Asia									Homo sapiens		9606	true				2017	VZVHN2017-23	blood		333				1		2021-08-01T00:00:00Z		GenBank		The Sixth People's Hospital of Zhengzhou, Center for Translational Medicine	China	Wei,S.,Huo,Y.	2021-08-01T00:00:00Z								Human alphaherpesvirus 3		10335
MZ465804.1			PARTIAL	1	China	Asia									Homo sapiens		9606	true				2017	VZVHN2017-24	blood		333				1		2021-08-01T00:00:00Z		GenBank		The Sixth People's Hospital of Zhengzhou, Center for Translational Medicine	China	Wei,S.,Huo,Y.	2021-08-01T00:00:00Z								Human alphaherpesvirus 3		10335
MZ465805.1			PARTIAL	1	China	Asia									Homo sapiens		9606	true				2017	VZVHN2017-25	blood		333				1		2021-08-01T00:00:00Z		GenBank		The Sixth People's Hospital of Zhengzhou, Center for Translational Medicine	China	Wei,S.,Huo,Y.	2021-08-01T00:00:00Z								Human alphaherpesvirus 3		10335
MZ465806.1			PARTIAL	1	China	Asia									Homo sapiens		9606	true				2017	VZVHN2017-26	blood		333				1		2021-08-01T00:00:00Z		GenBank		The Sixth People's Hospital of Zhengzhou, Center for Translational Medicine	China	Wei,S.,Huo,Y.	2021-08-01T00:00:00Z								Human alphaherpesvirus 3		10335
MZ465807.1			PARTIAL	1	China	Asia									Homo sapiens		9606	true				2017	VZVHN2017-27	blood		333				1		2021-08-01T00:00:00Z		GenBank		The Sixth People's Hospital of Zhengzhou, Center for Translational Medicine	China	Wei,S.,Huo,Y.	2021-08-01T00:00:00Z								Human alphaherpesvirus 3		10335
MZ465808.1			PARTIAL	1	China	Asia									Homo sapiens		9606	true				2017	VZVHN2017-28	blood		333				1		2021-08-01T00:00:00Z		GenBank		The Sixth People's Hospital of Zhengzhou, Center for Translational Medicine	China	Wei,S.,Huo,Y.	2021-08-01T00:00:00Z								Human alphaherpesvirus 3		10335
MZ465809.1			PARTIAL	1	China	Asia									Homo sapiens		9606	true				2017	VZVHN2017-29	blood		333				1		2021-08-01T00:00:00Z		GenBank		The Sixth People's Hospital of Zhengzhou, Center for Translational Medicine	China	Wei,S.,Huo,Y.	2021-08-01T00:00:00Z								Human alphaherpesvirus 3		10335
MZ465810.1			PARTIAL	1	China	Asia									Homo sapiens		9606	true				2017	VZVHN2017-30	blood		333				1		2021-08-01T00:00:00Z		GenBank		The Sixth People's Hospital of Zhengzhou, Center for Translational Medicine	China	Wei,S.,Huo,Y.	2021-08-01T00:00:00Z								Human alphaherpesvirus 3		10335
MZ465811.1			PARTIAL	1	China	Asia									Homo sapiens		9606	true				2017	VZVHN2017-31	blood		333				1		2021-08-01T00:00:00Z		GenBank		The Sixth People's Hospital of Zhengzhou, Center for Translational Medicine	China	Wei,S.,Huo,Y.	2021-08-01T00:00:00Z								Human alphaherpesvirus 3		10335
MZ465812.1			PARTIAL	1	China	Asia									Homo sapiens		9606	true				2017	VZVHN2017-32	blood		333				1		2021-08-01T00:00:00Z		GenBank		The Sixth People's Hospital of Zhengzhou, Center for Translational Medicine	China	Wei,S.,Huo,Y.	2021-08-01T00:00:00Z								Human alphaherpesvirus 3		10335
MZ465813.1			PARTIAL	1	China	Asia									Homo sapiens		9606	true				2017	VZVHN2017-33	blood		333				1		2021-08-01T00:00:00Z		GenBank		The Sixth People's Hospital of Zhengzhou, Center for Translational Medicine	China	Wei,S.,Huo,Y.	2021-08-01T00:00:00Z								Human alphaherpesvirus 3		10335
MZ465814.1			PARTIAL	1	China	Asia									Homo sapiens		9606	true				2017	VZVHN2017-34	blood		333				1		2021-08-01T00:00:00Z		GenBank		The Sixth People's Hospital of Zhengzhou, Center for Translational Medicine	China	Wei,S.,Huo,Y.	2021-08-01T00:00:00Z								Human alphaherpesvirus 3		10335
MZ465815.1			PARTIAL	1	China	Asia									Homo sapiens		9606	true				2017	VZVHN2017-35	blood		333				1		2021-08-01T00:00:00Z		GenBank		The Sixth People's Hospital of Zhengzhou, Center for Translational Medicine	China	Wei,S.,Huo,Y.	2021-08-01T00:00:00Z								Human alphaherpesvirus 3		10335
MZ465816.1			PARTIAL	1	China	Asia									Homo sapiens		9606	true				2017	VZVHN2017-36	blood		333				1		2021-08-01T00:00:00Z		GenBank		The Sixth People's Hospital of Zhengzhou, Center for Translational Medicine	China	Wei,S.,Huo,Y.	2021-08-01T00:00:00Z								Human alphaherpesvirus 3		10335
MZ465817.1			PARTIAL	1	China	Asia									Homo sapiens		9606	true				2017	VZVHN2017-37	blood		333				1		2021-08-01T00:00:00Z		GenBank		The Sixth People's Hospital of Zhengzhou, Center for Translational Medicine	China	Wei,S.,Huo,Y.	2021-08-01T00:00:00Z								Human alphaherpesvirus 3		10335
MZ465818.1			PARTIAL	1	China	Asia									Homo sapiens		9606	true				2017	VZVHN2017-38	blood		333				1		2021-08-01T00:00:00Z		GenBank		The Sixth People's Hospital of Zhengzhou, Center for Translational Medicine	China	Wei,S.,Huo,Y.	2021-08-01T00:00:00Z								Human alphaherpesvirus 3		10335
MZ465819.1			PARTIAL	1	China	Asia									Homo sapiens		9606	true				2017	VZVHN2017-39	blood		333				1		2021-08-01T00:00:00Z		GenBank		The Sixth People's Hospital of Zhengzhou, Center for Translational Medicine	China	Wei,S.,Huo,Y.	2021-08-01T00:00:00Z								Human alphaherpesvirus 3		10335
MZ465820.1			PARTIAL	1	China	Asia									Homo sapiens		9606	true				2017	VZVHN2017-40	blood		333				1		2021-08-01T00:00:00Z		GenBank		The Sixth People's Hospital of Zhengzhou, Center for Translational Medicine	China	Wei,S.,Huo,Y.	2021-08-01T00:00:00Z								Human alphaherpesvirus 3		10335
MZ465821.1			PARTIAL	1	China	Asia									Homo sapiens		9606	true				2017	VZVHN2017-41	blood		333				1		2021-08-01T00:00:00Z		GenBank		The Sixth People's Hospital of Zhengzhou, Center for Translational Medicine	China	Wei,S.,Huo,Y.	2021-08-01T00:00:00Z								Human alphaherpesvirus 3		10335
MZ465822.1			PARTIAL	1	China	Asia									Homo sapiens		9606	true				2018	VZVHN2018-1	blood		333				1		2021-08-01T00:00:00Z		GenBank		The Sixth People's Hospital of Zhengzhou, Center for Translational Medicine	China	Wei,S.,Huo,Y.	2021-08-01T00:00:00Z								Human alphaherpesvirus 3		10335
MZ465823.1			PARTIAL	1	China	Asia									Homo sapiens		9606	true				2018	VZVHN2018-2	blood		333				1		2021-08-01T00:00:00Z		GenBank		The Sixth People's Hospital of Zhengzhou, Center for Translational Medicine	China	Wei,S.,Huo,Y.	2021-08-01T00:00:00Z								Human alphaherpesvirus 3		10335
MZ465824.1			PARTIAL	1	China	Asia									Homo sapiens		9606	true				2018	VZVHN2018-3	blood		333				1		2021-08-01T00:00:00Z		GenBank		The Sixth People's Hospital of Zhengzhou, Center for Translational Medicine	China	Wei,S.,Huo,Y.	2021-08-01T00:00:00Z								Human alphaherpesvirus 3		10335
MZ465825.1			PARTIAL	1	China	Asia									Homo sapiens		9606	true				2018	VZVHN2018-4	blood		333				1		2021-08-01T00:00:00Z		GenBank		The Sixth People's Hospital of Zhengzhou, Center for Translational Medicine	China	Wei,S.,Huo,Y.	2021-08-01T00:00:00Z								Human alphaherpesvirus 3		10335
MZ465826.1			PARTIAL	1	China	Asia									Homo sapiens		9606	true				2018	VZVHN2018-5	blood		333				1		2021-08-01T00:00:00Z		GenBank		The Sixth People's Hospital of Zhengzhou, Center for Translational Medicine	China	Wei,S.,Huo,Y.	2021-08-01T00:00:00Z								Human alphaherpesvirus 3		10335
MZ465827.1			PARTIAL	1	China	Asia									Homo sapiens		9606	true				2018	VZVHN2018-6	blood		333				1		2021-08-01T00:00:00Z		GenBank		The Sixth People's Hospital of Zhengzhou, Center for Translational Medicine	China	Wei,S.,Huo,Y.	2021-08-01T00:00:00Z								Human alphaherpesvirus 3		10335
MZ465828.1			PARTIAL	1	China	Asia									Homo sapiens		9606	true				2018	VZVHN2018-7	blood		333				1		2021-08-01T00:00:00Z		GenBank		The Sixth People's Hospital of Zhengzhou, Center for Translational Medicine	China	Wei,S.,Huo,Y.	2021-08-01T00:00:00Z								Human alphaherpesvirus 3		10335
MZ465829.1			PARTIAL	1	China	Asia									Homo sapiens		9606	true				2018	VZVHN2018-8	blood		333				1		2021-08-01T00:00:00Z		GenBank		The Sixth People's Hospital of Zhengzhou, Center for Translational Medicine	China	Wei,S.,Huo,Y.	2021-08-01T00:00:00Z								Human alphaherpesvirus 3		10335
MZ465830.1			PARTIAL	1	China	Asia									Homo sapiens		9606	true				2018	VZVHN2018-9	blood		333				1		2021-08-01T00:00:00Z		GenBank		The Sixth People's Hospital of Zhengzhou, Center for Translational Medicine	China	Wei,S.,Huo,Y.	2021-08-01T00:00:00Z								Human alphaherpesvirus 3		10335
MZ465831.1			PARTIAL	1	China	Asia									Homo sapiens		9606	true				2018	VZVHN2018-10	blood		333				1		2021-08-01T00:00:00Z		GenBank		The Sixth People's Hospital of Zhengzhou, Center for Translational Medicine	China	Wei,S.,Huo,Y.	2021-08-01T00:00:00Z								Human alphaherpesvirus 3		10335
MZ465832.1			PARTIAL	1	China	Asia									Homo sapiens		9606	true				2018	VZVHN2018-11	blood		333				1		2021-08-01T00:00:00Z		GenBank		The Sixth People's Hospital of Zhengzhou, Center for Translational Medicine	China	Wei,S.,Huo,Y.	2021-08-01T00:00:00Z								Human alphaherpesvirus 3		10335
MZ465833.1			PARTIAL	1	China	Asia									Homo sapiens		9606	true				2018	VZVHN2018-12	blood		333				1		2021-08-01T00:00:00Z		GenBank		The Sixth People's Hospital of Zhengzhou, Center for Translational Medicine	China	Wei,S.,Huo,Y.	2021-08-01T00:00:00Z								Human alphaherpesvirus 3		10335
MZ465834.1			PARTIAL	1	China	Asia									Homo sapiens		9606	true				2018	VZVHN2018-13	blood		333				1		2021-08-01T00:00:00Z		GenBank		The Sixth People's Hospital of Zhengzhou, Center for Translational Medicine	China	Wei,S.,Huo,Y.	2021-08-01T00:00:00Z								Human alphaherpesvirus 3		10335
MZ465835.1			PARTIAL	1	China	Asia									Homo sapiens		9606	true				2018	VZVHN2018-14	blood		333				1		2021-08-01T00:00:00Z		GenBank		The Sixth People's Hospital of Zhengzhou, Center for Translational Medicine	China	Wei,S.,Huo,Y.	2021-08-01T00:00:00Z								Human alphaherpesvirus 3		10335
MZ465836.1			PARTIAL	1	China	Asia									Homo sapiens		9606	true				2018	VZVHN2018-15	blood		333				1		2021-08-01T00:00:00Z		GenBank		The Sixth People's Hospital of Zhengzhou, Center for Translational Medicine	China	Wei,S.,Huo,Y.	2021-08-01T00:00:00Z								Human alphaherpesvirus 3		10335
MZ465837.1			PARTIAL	1	China	Asia									Homo sapiens		9606	true				2018	VZVHN2018-16	blood		333				1		2021-08-01T00:00:00Z		GenBank		The Sixth People's Hospital of Zhengzhou, Center for Translational Medicine	China	Wei,S.,Huo,Y.	2021-08-01T00:00:00Z								Human alphaherpesvirus 3		10335
MZ465838.1			PARTIAL	1	China	Asia									Homo sapiens		9606	true				2018	VZVHN2018-17	blood		333				1		2021-08-01T00:00:00Z		GenBank		The Sixth People's Hospital of Zhengzhou, Center for Translational Medicine	China	Wei,S.,Huo,Y.	2021-08-01T00:00:00Z								Human alphaherpesvirus 3		10335
MZ465839.1			PARTIAL	1	China	Asia									Homo sapiens		9606	true				2018	VZVHN2018-18	blood		333				1		2021-08-01T00:00:00Z		GenBank		The Sixth People's Hospital of Zhengzhou, Center for Translational Medicine	China	Wei,S.,Huo,Y.	2021-08-01T00:00:00Z								Human alphaherpesvirus 3		10335
MZ465840.1			PARTIAL	1	China	Asia									Homo sapiens		9606	true				2018	VZVHN2018-19	blood		333				1		2021-08-01T00:00:00Z		GenBank		The Sixth People's Hospital of Zhengzhou, Center for Translational Medicine	China	Wei,S.,Huo,Y.	2021-08-01T00:00:00Z								Human alphaherpesvirus 3		10335
MZ465841.1			PARTIAL	1	China	Asia									Homo sapiens		9606	true				2018	VZVHN2018-20	blood		333				1		2021-08-01T00:00:00Z		GenBank		The Sixth People's Hospital of Zhengzhou, Center for Translational Medicine	China	Wei,S.,Huo,Y.	2021-08-01T00:00:00Z								Human alphaherpesvirus 3		10335
MZ465842.1			PARTIAL	1	China	Asia									Homo sapiens		9606	true				2018	VZVHN2018-21	blood		333				1		2021-08-01T00:00:00Z		GenBank		The Sixth People's Hospital of Zhengzhou, Center for Translational Medicine	China	Wei,S.,Huo,Y.	2021-08-01T00:00:00Z								Human alphaherpesvirus 3		10335
MZ465843.1			PARTIAL	1	China	Asia									Homo sapiens		9606	true				2018	VZVHN2018-22	blood		333				1		2021-08-01T00:00:00Z		GenBank		The Sixth People's Hospital of Zhengzhou, Center for Translational Medicine	China	Wei,S.,Huo,Y.	2021-08-01T00:00:00Z								Human alphaherpesvirus 3		10335
MZ465844.1			PARTIAL	1	China	Asia									Homo sapiens		9606	true				2018	VZVHN2018-23	blood		333				1		2021-08-01T00:00:00Z		GenBank		The Sixth People's Hospital of Zhengzhou, Center for Translational Medicine	China	Wei,S.,Huo,Y.	2021-08-01T00:00:00Z								Human alphaherpesvirus 3		10335
MZ465845.1			PARTIAL	1	China	Asia									Homo sapiens		9606	true				2018	VZVHN2018-24	blood		333				1		2021-08-01T00:00:00Z		GenBank		The Sixth People's Hospital of Zhengzhou, Center for Translational Medicine	China	Wei,S.,Huo,Y.	2021-08-01T00:00:00Z								Human alphaherpesvirus 3		10335
MZ465846.1			PARTIAL	1	China	Asia									Homo sapiens		9606	true				2018	VZVHN2018-25	blood		333				1		2021-08-01T00:00:00Z		GenBank		The Sixth People's Hospital of Zhengzhou, Center for Translational Medicine	China	Wei,S.,Huo,Y.	2021-08-01T00:00:00Z								Human alphaherpesvirus 3		10335
MZ465847.1			PARTIAL	1	China	Asia									Homo sapiens		9606	true				2018	VZVHN2018-26	blood		333				1		2021-08-01T00:00:00Z		GenBank		The Sixth People's Hospital of Zhengzhou, Center for Translational Medicine	China	Wei,S.,Huo,Y.	2021-08-01T00:00:00Z								Human alphaherpesvirus 3		10335
MZ465848.1			PARTIAL	1	China	Asia									Homo sapiens		9606	true				2018	VZVHN2018-27	blood		333				1		2021-08-01T00:00:00Z		GenBank		The Sixth People's Hospital of Zhengzhou, Center for Translational Medicine	China	Wei,S.,Huo,Y.	2021-08-01T00:00:00Z								Human alphaherpesvirus 3		10335
MZ465849.1			PARTIAL	1	China	Asia									Homo sapiens		9606	true				2018	VZVHN2018-28	blood		333				1		2021-08-01T00:00:00Z		GenBank		The Sixth People's Hospital of Zhengzhou, Center for Translational Medicine	China	Wei,S.,Huo,Y.	2021-08-01T00:00:00Z								Human alphaherpesvirus 3		10335
MZ465850.1			PARTIAL	1	China	Asia									Homo sapiens		9606	true				2018	VZVHN2018-29	blood		333				1		2021-08-01T00:00:00Z		GenBank		The Sixth People's Hospital of Zhengzhou, Center for Translational Medicine	China	Wei,S.,Huo,Y.	2021-08-01T00:00:00Z								Human alphaherpesvirus 3		10335
MZ465851.1			PARTIAL	1	China	Asia									Homo sapiens		9606	true				2018	VZVHN2018-30	blood		333				1		2021-08-01T00:00:00Z		GenBank		The Sixth People's Hospital of Zhengzhou, Center for Translational Medicine	China	Wei,S.,Huo,Y.	2021-08-01T00:00:00Z								Human alphaherpesvirus 3		10335
MZ465852.1			PARTIAL	1	China	Asia									Homo sapiens		9606	true				2018	VZVHN2018-31	blood		333				1		2021-08-01T00:00:00Z		GenBank		The Sixth People's Hospital of Zhengzhou, Center for Translational Medicine	China	Wei,S.,Huo,Y.	2021-08-01T00:00:00Z								Human alphaherpesvirus 3		10335
MZ465853.1			PARTIAL	1	China	Asia									Homo sapiens		9606	true				2018	VZVHN2018-32	blood		333				1		2021-08-01T00:00:00Z		GenBank		The Sixth People's Hospital of Zhengzhou, Center for Translational Medicine	China	Wei,S.,Huo,Y.	2021-08-01T00:00:00Z								Human alphaherpesvirus 3		10335
MZ465854.1			PARTIAL	1	China	Asia									Homo sapiens		9606	true				2018	VZVHN2018-33	blood		333				1		2021-08-01T00:00:00Z		GenBank		The Sixth People's Hospital of Zhengzhou, Center for Translational Medicine	China	Wei,S.,Huo,Y.	2021-08-01T00:00:00Z								Human alphaherpesvirus 3		10335
MZ465855.1			PARTIAL	1	China	Asia									Homo sapiens		9606	true				2018	VZVHN2018-34	blood		333				1		2021-08-01T00:00:00Z		GenBank		The Sixth People's Hospital of Zhengzhou, Center for Translational Medicine	China	Wei,S.,Huo,Y.	2021-08-01T00:00:00Z								Human alphaherpesvirus 3		10335
MZ465856.1			PARTIAL	1	China	Asia									Homo sapiens		9606	true				2018	VZVHN2018-35	blood		333				1		2021-08-01T00:00:00Z		GenBank		The Sixth People's Hospital of Zhengzhou, Center for Translational Medicine	China	Wei,S.,Huo,Y.	2021-08-01T00:00:00Z								Human alphaherpesvirus 3		10335
MZ465857.1			PARTIAL	1	China	Asia									Homo sapiens		9606	true				2018	VZVHN2018-36	blood		333				1		2021-08-01T00:00:00Z		GenBank		The Sixth People's Hospital of Zhengzhou, Center for Translational Medicine	China	Wei,S.,Huo,Y.	2021-08-01T00:00:00Z								Human alphaherpesvirus 3		10335
MZ465858.1			PARTIAL	1	China	Asia									Homo sapiens		9606	true				2018	VZVHN2018-37	lesion		333				1		2021-08-01T00:00:00Z		GenBank		The Sixth People's Hospital of Zhengzhou, Center for Translational Medicine	China	Wei,S.,Huo,Y.	2021-08-01T00:00:00Z								Human alphaherpesvirus 3		10335
MZ465859.1			PARTIAL	1	China	Asia									Homo sapiens		9606	true				2018	VZVHN2018-38	blood		333				1		2021-08-01T00:00:00Z		GenBank		The Sixth People's Hospital of Zhengzhou, Center for Translational Medicine	China	Wei,S.,Huo,Y.	2021-08-01T00:00:00Z								Human alphaherpesvirus 3		10335
MZ465860.1			PARTIAL	1	China	Asia									Homo sapiens		9606	true				2018	VZVHN2018-39	blood		333				1		2021-08-01T00:00:00Z		GenBank		The Sixth People's Hospital of Zhengzhou, Center for Translational Medicine	China	Wei,S.,Huo,Y.	2021-08-01T00:00:00Z								Human alphaherpesvirus 3		10335
MZ465861.1			PARTIAL	1	China	Asia									Homo sapiens		9606	true				2018	VZVHN2018-40	blood		333				1		2021-08-01T00:00:00Z		GenBank		The Sixth People's Hospital of Zhengzhou, Center for Translational Medicine	China	Wei,S.,Huo,Y.	2021-08-01T00:00:00Z								Human alphaherpesvirus 3		10335
MZ465862.1			PARTIAL	1	China	Asia									Homo sapiens		9606	true				2018	VZVHN2018-41	blood		333				1		2021-08-01T00:00:00Z		GenBank		The Sixth People's Hospital of Zhengzhou, Center for Translational Medicine	China	Wei,S.,Huo,Y.	2021-08-01T00:00:00Z								Human alphaherpesvirus 3		10335
MZ465863.1			PARTIAL	1	China	Asia									Homo sapiens		9606	true				2018	VZVHN2018-42	blood		333				1		2021-08-01T00:00:00Z		GenBank		The Sixth People's Hospital of Zhengzhou, Center for Translational Medicine	China	Wei,S.,Huo,Y.	2021-08-01T00:00:00Z								Human alphaherpesvirus 3		10335
MZ465864.1			PARTIAL	1	China	Asia									Homo sapiens		9606	true				2018	VZVHN2018-43	blood		333				1		2021-08-01T00:00:00Z		GenBank		The Sixth People's Hospital of Zhengzhou, Center for Translational Medicine	China	Wei,S.,Huo,Y.	2021-08-01T00:00:00Z								Human alphaherpesvirus 3		10335
MZ465865.1			PARTIAL	1	China	Asia									Homo sapiens		9606	true				2018	VZVHN2018-44	blood		333				1		2021-08-01T00:00:00Z		GenBank		The Sixth People's Hospital of Zhengzhou, Center for Translational Medicine	China	Wei,S.,Huo,Y.	2021-08-01T00:00:00Z								Human alphaherpesvirus 3		10335
MZ465866.1			PARTIAL	1	China	Asia									Homo sapiens		9606	true				2018	VZVHN2018-45	blood		333				1		2021-08-01T00:00:00Z		GenBank		The Sixth People's Hospital of Zhengzhou, Center for Translational Medicine	China	Wei,S.,Huo,Y.	2021-08-01T00:00:00Z								Human alphaherpesvirus 3		10335
MZ465867.1			PARTIAL	1	China	Asia									Homo sapiens		9606	true				2018	VZVHN2018-46	oronasopharynx		333				1		2021-08-01T00:00:00Z		GenBank		The Sixth People's Hospital of Zhengzhou, Center for Translational Medicine	China	Wei,S.,Huo,Y.	2021-08-01T00:00:00Z								Human alphaherpesvirus 3		10335
MZ465868.1			PARTIAL	1	China	Asia									Homo sapiens		9606	true				2018	VZVHN2018-47	blood		333				1		2021-08-01T00:00:00Z		GenBank		The Sixth People's Hospital of Zhengzhou, Center for Translational Medicine	China	Wei,S.,Huo,Y.	2021-08-01T00:00:00Z								Human alphaherpesvirus 3		10335
MZ465869.1			PARTIAL	1	China	Asia									Homo sapiens		9606	true				2018	VZVHN2018-48	blood		333				1		2021-08-01T00:00:00Z		GenBank		The Sixth People's Hospital of Zhengzhou, Center for Translational Medicine	China	Wei,S.,Huo,Y.	2021-08-01T00:00:00Z								Human alphaherpesvirus 3		10335
MZ465870.1			PARTIAL	1	China	Asia									Homo sapiens		9606	true				2018	VZVHN2018-49	blood		333				1		2021-08-01T00:00:00Z		GenBank		The Sixth People's Hospital of Zhengzhou, Center for Translational Medicine	China	Wei,S.,Huo,Y.	2021-08-01T00:00:00Z								Human alphaherpesvirus 3		10335
MZ465871.1			PARTIAL	1	China	Asia									Homo sapiens		9606	true				2018	VZVHN2018-50	blood		333				1		2021-08-01T00:00:00Z		GenBank		The Sixth People's Hospital of Zhengzhou, Center for Translational Medicine	China	Wei,S.,Huo,Y.	2021-08-01T00:00:00Z								Human alphaherpesvirus 3		10335
MZ465872.1			PARTIAL	1	China	Asia									Homo sapiens		9606	true				2018	VZVHN2018-51	blood		333				1		2021-08-01T00:00:00Z		GenBank		The Sixth People's Hospital of Zhengzhou, Center for Translational Medicine	China	Wei,S.,Huo,Y.	2021-08-01T00:00:00Z								Human alphaherpesvirus 3		10335
MZ465873.1			PARTIAL	1	China	Asia									Homo sapiens		9606	true				2018	VZVHN2018-52	blood		333				1		2021-08-01T00:00:00Z		GenBank		The Sixth People's Hospital of Zhengzhou, Center for Translational Medicine	China	Wei,S.,Huo,Y.	2021-08-01T00:00:00Z								Human alphaherpesvirus 3		10335
MZ465874.1			PARTIAL	1	China	Asia									Homo sapiens		9606	true				2018	VZVHN2018-53	blood		333				1		2021-08-01T00:00:00Z		GenBank		The Sixth People's Hospital of Zhengzhou, Center for Translational Medicine	China	Wei,S.,Huo,Y.	2021-08-01T00:00:00Z								Human alphaherpesvirus 3		10335
MZ465875.1			PARTIAL	1	China	Asia									Homo sapiens		9606	true				2018	VZVHN2018-54	blood		333				1		2021-08-01T00:00:00Z		GenBank		The Sixth People's Hospital of Zhengzhou, Center for Translational Medicine	China	Wei,S.,Huo,Y.	2021-08-01T00:00:00Z								Human alphaherpesvirus 3		10335
MZ465876.1			PARTIAL	1	China	Asia									Homo sapiens		9606	true				2018	VZVHN2018-55	lesion		333				1		2021-08-01T00:00:00Z		GenBank		The Sixth People's Hospital of Zhengzhou, Center for Translational Medicine	China	Wei,S.,Huo,Y.	2021-08-01T00:00:00Z								Human alphaherpesvirus 3		10335
MZ465877.1			PARTIAL	1	China	Asia									Homo sapiens		9606	true				2018	VZVHN2018-56	oronasopharynx		333				1		2021-08-01T00:00:00Z		GenBank		The Sixth People's Hospital of Zhengzhou, Center for Translational Medicine	China	Wei,S.,Huo,Y.	2021-08-01T00:00:00Z								Human alphaherpesvirus 3		10335
MZ465878.1			PARTIAL	1	China	Asia									Homo sapiens		9606	true				2018	VZVHN2018-57	blood		333				1		2021-08-01T00:00:00Z		GenBank		The Sixth People's Hospital of Zhengzhou, Center for Translational Medicine	China	Wei,S.,Huo,Y.	2021-08-01T00:00:00Z								Human alphaherpesvirus 3		10335
MZ465879.1			PARTIAL	1	China	Asia									Homo sapiens		9606	true				2018	VZVHN2018-58	blood		333				1		2021-08-01T00:00:00Z		GenBank		The Sixth People's Hospital of Zhengzhou, Center for Translational Medicine	China	Wei,S.,Huo,Y.	2021-08-01T00:00:00Z								Human alphaherpesvirus 3		10335
MZ465880.1			PARTIAL	1	China	Asia									Homo sapiens		9606	true				2018	VZVHN2018-59	blood		333				1		2021-08-01T00:00:00Z		GenBank		The Sixth People's Hospital of Zhengzhou, Center for Translational Medicine	China	Wei,S.,Huo,Y.	2021-08-01T00:00:00Z								Human alphaherpesvirus 3		10335
MZ465881.1			PARTIAL	1	China	Asia									Homo sapiens		9606	true				2018	VZVHN2018-60	blood		333				1		2021-08-01T00:00:00Z		GenBank		The Sixth People's Hospital of Zhengzhou, Center for Translational Medicine	China	Wei,S.,Huo,Y.	2021-08-01T00:00:00Z								Human alphaherpesvirus 3		10335
MZ465882.1			PARTIAL	1	China	Asia									Homo sapiens		9606	true				2018	VZVHN2018-61	blood		333				1		2021-08-01T00:00:00Z		GenBank		The Sixth People's Hospital of Zhengzhou, Center for Translational Medicine	China	Wei,S.,Huo,Y.	2021-08-01T00:00:00Z								Human alphaherpesvirus 3		10335
MZ465883.1			PARTIAL	1	China	Asia									Homo sapiens		9606	true				2018	VZVHN2018-62	blood		333				1		2021-08-01T00:00:00Z		GenBank		The Sixth People's Hospital of Zhengzhou, Center for Translational Medicine	China	Wei,S.,Huo,Y.	2021-08-01T00:00:00Z								Human alphaherpesvirus 3		10335
MZ465884.1			PARTIAL	1	China	Asia									Homo sapiens		9606	true				2018	VZVHN2018-63	blood		333				1		2021-08-01T00:00:00Z		GenBank		The Sixth People's Hospital of Zhengzhou, Center for Translational Medicine	China	Wei,S.,Huo,Y.	2021-08-01T00:00:00Z								Human alphaherpesvirus 3		10335
MZ465885.1			PARTIAL	1	China	Asia									Homo sapiens		9606	true				2018	VZVHN2018-64	blood		333				1		2021-08-01T00:00:00Z		GenBank		The Sixth People's Hospital of Zhengzhou, Center for Translational Medicine	China	Wei,S.,Huo,Y.	2021-08-01T00:00:00Z								Human alphaherpesvirus 3		10335
MZ465886.1			PARTIAL	1	China	Asia									Homo sapiens		9606	true				2018	VZVHN2018-65	blood		333				1		2021-08-01T00:00:00Z		GenBank		The Sixth People's Hospital of Zhengzhou, Center for Translational Medicine	China	Wei,S.,Huo,Y.	2021-08-01T00:00:00Z								Human alphaherpesvirus 3		10335
MZ465887.1			PARTIAL	1	China	Asia									Homo sapiens		9606	true				2018	VZVHN2018-66	blood		333				1		2021-08-01T00:00:00Z		GenBank		The Sixth People's Hospital of Zhengzhou, Center for Translational Medicine	China	Wei,S.,Huo,Y.	2021-08-01T00:00:00Z								Human alphaherpesvirus 3		10335
MZ465888.1			PARTIAL	1	China	Asia									Homo sapiens		9606	true				2018	VZVHN2018-67	blood		333				1		2021-08-01T00:00:00Z		GenBank		The Sixth People's Hospital of Zhengzhou, Center for Translational Medicine	China	Wei,S.,Huo,Y.	2021-08-01T00:00:00Z								Human alphaherpesvirus 3		10335
MZ465889.1			PARTIAL	1	China	Asia									Homo sapiens		9606	true				2018	VZVHN2018-68	blood		333				1		2021-08-01T00:00:00Z		GenBank		The Sixth People's Hospital of Zhengzhou, Center for Translational Medicine	China	Wei,S.,Huo,Y.	2021-08-01T00:00:00Z								Human alphaherpesvirus 3		10335
MZ465890.1			PARTIAL	1	China	Asia									Homo sapiens		9606	true				2018	VZVHN2018-69	blood		333				1		2021-08-01T00:00:00Z		GenBank		The Sixth People's Hospital of Zhengzhou, Center for Translational Medicine	China	Wei,S.,Huo,Y.	2021-08-01T00:00:00Z								Human alphaherpesvirus 3		10335
MZ465891.1			PARTIAL	1	China	Asia									Homo sapiens		9606	true				2018	VZVHN2018-70	blood		333				1		2021-08-01T00:00:00Z		GenBank		The Sixth People's Hospital of Zhengzhou, Center for Translational Medicine	China	Wei,S.,Huo,Y.	2021-08-01T00:00:00Z								Human alphaherpesvirus 3		10335
MZ465892.1			PARTIAL	1	China	Asia									Homo sapiens		9606	true				2018	VZVHN2018-71	blood		333				1		2021-08-01T00:00:00Z		GenBank		The Sixth People's Hospital of Zhengzhou, Center for Translational Medicine	China	Wei,S.,Huo,Y.	2021-08-01T00:00:00Z								Human alphaherpesvirus 3		10335
MZ465893.1			PARTIAL	1	China	Asia									Homo sapiens		9606	true				2018	VZVHN2018-72	blood		333				1		2021-08-01T00:00:00Z		GenBank		The Sixth People's Hospital of Zhengzhou, Center for Translational Medicine	China	Wei,S.,Huo,Y.	2021-08-01T00:00:00Z								Human alphaherpesvirus 3		10335
MZ465894.1			PARTIAL	1	China	Asia									Homo sapiens		9606	true				2018	VZVHN2018-73	blood		333				1		2021-08-01T00:00:00Z		GenBank		The Sixth People's Hospital of Zhengzhou, Center for Translational Medicine	China	Wei,S.,Huo,Y.	2021-08-01T00:00:00Z								Human alphaherpesvirus 3		10335
MZ465895.1			PARTIAL	1	China	Asia									Homo sapiens		9606	true				2018	VZVHN2018-74	blood		333				1		2021-08-01T00:00:00Z		GenBank		The Sixth People's Hospital of Zhengzhou, Center for Translational Medicine	China	Wei,S.,Huo,Y.	2021-08-01T00:00:00Z								Human alphaherpesvirus 3		10335
MZ465896.1			PARTIAL	1	China	Asia									Homo sapiens		9606	true				2018	VZVHN2018-75	blood		333				1		2021-08-01T00:00:00Z		GenBank		The Sixth People's Hospital of Zhengzhou, Center for Translational Medicine	China	Wei,S.,Huo,Y.	2021-08-01T00:00:00Z								Human alphaherpesvirus 3		10335
MZ465897.1			PARTIAL	1	China	Asia									Homo sapiens		9606	true				2018	VZVHN2018-76	blood		333				1		2021-08-01T00:00:00Z		GenBank		The Sixth People's Hospital of Zhengzhou, Center for Translational Medicine	China	Wei,S.,Huo,Y.	2021-08-01T00:00:00Z								Human alphaherpesvirus 3		10335
MZ465898.1			PARTIAL	1	China	Asia									Homo sapiens		9606	true				2018	VZVHN2018-77	blood		333				1		2021-08-01T00:00:00Z		GenBank		The Sixth People's Hospital of Zhengzhou, Center for Translational Medicine	China	Wei,S.,Huo,Y.	2021-08-01T00:00:00Z								Human alphaherpesvirus 3		10335
MZ465899.1			PARTIAL	1	China	Asia									Homo sapiens		9606	true				2018	VZVHN2018-78	blood		333				1		2021-08-01T00:00:00Z		GenBank		The Sixth People's Hospital of Zhengzhou, Center for Translational Medicine	China	Wei,S.,Huo,Y.	2021-08-01T00:00:00Z								Human alphaherpesvirus 3		10335
MZ465900.1			PARTIAL	1	China	Asia									Homo sapiens		9606	true				2018	VZVHN2018-79	blood		333				1		2021-08-01T00:00:00Z		GenBank		The Sixth People's Hospital of Zhengzhou, Center for Translational Medicine	China	Wei,S.,Huo,Y.	2021-08-01T00:00:00Z								Human alphaherpesvirus 3		10335
MZ465901.1			PARTIAL	1	China	Asia									Homo sapiens		9606	true				2018	VZVHN2018-80	blood		333				1		2021-08-01T00:00:00Z		GenBank		The Sixth People's Hospital of Zhengzhou, Center for Translational Medicine	China	Wei,S.,Huo,Y.	2021-08-01T00:00:00Z								Human alphaherpesvirus 3		10335
MZ465902.1			PARTIAL	1	China	Asia									Homo sapiens		9606	true				2018	VZVHN2018-81	blood		333				1		2021-08-01T00:00:00Z		GenBank		The Sixth People's Hospital of Zhengzhou, Center for Translational Medicine	China	Wei,S.,Huo,Y.	2021-08-01T00:00:00Z								Human alphaherpesvirus 3		10335
MZ465903.1			PARTIAL	1	China	Asia									Homo sapiens		9606	true				2018	VZVHN2018-82	blood		333				1		2021-08-01T00:00:00Z		GenBank		The Sixth People's Hospital of Zhengzhou, Center for Translational Medicine	China	Wei,S.,Huo,Y.	2021-08-01T00:00:00Z								Human alphaherpesvirus 3		10335
MZ465904.1			PARTIAL	1	China	Asia									Homo sapiens		9606	true				2018	VZVHN2018-83	blood		333				1		2021-08-01T00:00:00Z		GenBank		The Sixth People's Hospital of Zhengzhou, Center for Translational Medicine	China	Wei,S.,Huo,Y.	2021-08-01T00:00:00Z								Human alphaherpesvirus 3		10335
MZ465905.1			PARTIAL	1	China	Asia									Homo sapiens		9606	true				2018	VZVHN2018-84	blood		333				1		2021-08-01T00:00:00Z		GenBank		The Sixth People's Hospital of Zhengzhou, Center for Translational Medicine	China	Wei,S.,Huo,Y.	2021-08-01T00:00:00Z								Human alphaherpesvirus 3		10335
MZ465906.1			PARTIAL	1	China	Asia									Homo sapiens		9606	true				2017	VZVHN2017-1	blood		87				1		2021-08-01T00:00:00Z		GenBank		The Sixth People's Hospital of Zhengzhou, Center for Translational Medicine	China	Wei,S.,Huo,Y.	2021-08-01T00:00:00Z								Human alphaherpesvirus 3		10335
MZ465907.1			PARTIAL	1	China	Asia									Homo sapiens		9606	true				2017	VZVHN2017-2	blood		87				1		2021-08-01T00:00:00Z		GenBank		The Sixth People's Hospital of Zhengzhou, Center for Translational Medicine	China	Wei,S.,Huo,Y.	2021-08-01T00:00:00Z								Human alphaherpesvirus 3		10335
MZ465908.1			PARTIAL	1	China	Asia									Homo sapiens		9606	true				2017	VZVHN2017-3	blood		87				1		2021-08-01T00:00:00Z		GenBank		The Sixth People's Hospital of Zhengzhou, Center for Translational Medicine	China	Wei,S.,Huo,Y.	2021-08-01T00:00:00Z								Human alphaherpesvirus 3		10335
MZ465909.1			PARTIAL	1	China	Asia									Homo sapiens		9606	true				2017	VZVHN2017-4	blood		87				1		2021-08-01T00:00:00Z		GenBank		The Sixth People's Hospital of Zhengzhou, Center for Translational Medicine	China	Wei,S.,Huo,Y.	2021-08-01T00:00:00Z								Human alphaherpesvirus 3		10335
MZ465910.1			PARTIAL	1	China	Asia									Homo sapiens		9606	true				2017	VZVHN2017-5	blood		87				1		2021-08-01T00:00:00Z		GenBank		The Sixth People's Hospital of Zhengzhou, Center for Translational Medicine	China	Wei,S.,Huo,Y.	2021-08-01T00:00:00Z								Human alphaherpesvirus 3		10335
MZ465911.1			PARTIAL	1	China	Asia									Homo sapiens		9606	true				2017	VZVHN2017-6	blood		87				1		2021-08-01T00:00:00Z		GenBank		The Sixth People's Hospital of Zhengzhou, Center for Translational Medicine	China	Wei,S.,Huo,Y.	2021-08-01T00:00:00Z								Human alphaherpesvirus 3		10335
MZ465912.1			PARTIAL	1	China	Asia									Homo sapiens		9606	true				2017	VZVHN2017-7	blood		87				1		2021-08-01T00:00:00Z		GenBank		The Sixth People's Hospital of Zhengzhou, Center for Translational Medicine	China	Wei,S.,Huo,Y.	2021-08-01T00:00:00Z								Human alphaherpesvirus 3		10335
MZ465913.1			PARTIAL	1	China	Asia									Homo sapiens		9606	true				2017	VZVHN2017-8	lesion		87				1		2021-08-01T00:00:00Z		GenBank		The Sixth People's Hospital of Zhengzhou, Center for Translational Medicine	China	Wei,S.,Huo,Y.	2021-08-01T00:00:00Z								Human alphaherpesvirus 3		10335
MZ465914.1			PARTIAL	1	China	Asia									Homo sapiens		9606	true				2017	VZVHN2017-9	lesion		87				1		2021-08-01T00:00:00Z		GenBank		The Sixth People's Hospital of Zhengzhou, Center for Translational Medicine	China	Wei,S.,Huo,Y.	2021-08-01T00:00:00Z								Human alphaherpesvirus 3		10335
MZ465915.1			PARTIAL	1	China	Asia									Homo sapiens		9606	true				2017	VZVHN2017-10	blood		87				1		2021-08-01T00:00:00Z		GenBank		The Sixth People's Hospital of Zhengzhou, Center for Translational Medicine	China	Wei,S.,Huo,Y.	2021-08-01T00:00:00Z								Human alphaherpesvirus 3		10335
MZ465916.1			PARTIAL	1	China	Asia									Homo sapiens		9606	true				2017	VZVHN2017-11	blood		87				1		2021-08-01T00:00:00Z		GenBank		The Sixth People's Hospital of Zhengzhou, Center for Translational Medicine	China	Wei,S.,Huo,Y.	2021-08-01T00:00:00Z								Human alphaherpesvirus 3		10335
MZ465917.1			PARTIAL	1	China	Asia									Homo sapiens		9606	true				2017	VZVHN2017-12	blood		87				1		2021-08-01T00:00:00Z		GenBank		The Sixth People's Hospital of Zhengzhou, Center for Translational Medicine	China	Wei,S.,Huo,Y.	2021-08-01T00:00:00Z								Human alphaherpesvirus 3		10335
MZ465918.1			PARTIAL	1	China	Asia									Homo sapiens		9606	true				2017	VZVHN2017-13	blood		87				1		2021-08-01T00:00:00Z		GenBank		The Sixth People's Hospital of Zhengzhou, Center for Translational Medicine	China	Wei,S.,Huo,Y.	2021-08-01T00:00:00Z								Human alphaherpesvirus 3		10335
MZ465919.1			PARTIAL	1	China	Asia									Homo sapiens		9606	true				2017	VZVHN2017-14	lesion		87				1		2021-08-01T00:00:00Z		GenBank		The Sixth People's Hospital of Zhengzhou, Center for Translational Medicine	China	Wei,S.,Huo,Y.	2021-08-01T00:00:00Z								Human alphaherpesvirus 3		10335
MZ465920.1			PARTIAL	1	China	Asia									Homo sapiens		9606	true				2017	VZVHN2017-16	lesion		87				1		2021-08-01T00:00:00Z		GenBank		The Sixth People's Hospital of Zhengzhou, Center for Translational Medicine	China	Wei,S.,Huo,Y.	2021-08-01T00:00:00Z								Human alphaherpesvirus 3		10335
MZ465921.1			PARTIAL	1	China	Asia									Homo sapiens		9606	true				2017	VZVHN2017-18	lesion		87				1		2021-08-01T00:00:00Z		GenBank		The Sixth People's Hospital of Zhengzhou, Center for Translational Medicine	China	Wei,S.,Huo,Y.	2021-08-01T00:00:00Z								Human alphaherpesvirus 3		10335
MZ465922.1			PARTIAL	1	China	Asia									Homo sapiens		9606	true				2017	VZVHN2017-19	blood		87				1		2021-08-01T00:00:00Z		GenBank		The Sixth People's Hospital of Zhengzhou, Center for Translational Medicine	China	Wei,S.,Huo,Y.	2021-08-01T00:00:00Z								Human alphaherpesvirus 3		10335
MZ465923.1			PARTIAL	1	China	Asia									Homo sapiens		9606	true				2017	VZVHN2017-20	cerebrospinal fluid		87				1		2021-08-01T00:00:00Z		GenBank		The Sixth People's Hospital of Zhengzhou, Center for Translational Medicine	China	Wei,S.,Huo,Y.	2021-08-01T00:00:00Z								Human alphaherpesvirus 3		10335
MZ465924.1			PARTIAL	1	China	Asia									Homo sapiens		9606	true				2017	VZVHN2017-21	lesion		87				1		2021-08-01T00:00:00Z		GenBank		The Sixth People's Hospital of Zhengzhou, Center for Translational Medicine	China	Wei,S.,Huo,Y.	2021-08-01T00:00:00Z								Human alphaherpesvirus 3		10335
MZ465925.1			PARTIAL	1	China	Asia									Homo sapiens		9606	true				2017	VZVHN2017-22	blood		87				1		2021-08-01T00:00:00Z		GenBank		The Sixth People's Hospital of Zhengzhou, Center for Translational Medicine	China	Wei,S.,Huo,Y.	2021-08-01T00:00:00Z								Human alphaherpesvirus 3		10335
MZ465926.1			PARTIAL	1	China	Asia									Homo sapiens		9606	true				2017	VZVHN2017-23	blood		87				1		2021-08-01T00:00:00Z		GenBank		The Sixth People's Hospital of Zhengzhou, Center for Translational Medicine	China	Wei,S.,Huo,Y.	2021-08-01T00:00:00Z								Human alphaherpesvirus 3		10335
MZ465927.1			PARTIAL	1	China	Asia									Homo sapiens		9606	true				2017	VZVHN2017-24	blood		87				1		2021-08-01T00:00:00Z		GenBank		The Sixth People's Hospital of Zhengzhou, Center for Translational Medicine	China	Wei,S.,Huo,Y.	2021-08-01T00:00:00Z								Human alphaherpesvirus 3		10335
MZ465928.1			PARTIAL	1	China	Asia									Homo sapiens		9606	true				2017	VZVHN2017-25	blood		87				1		2021-08-01T00:00:00Z		GenBank		The Sixth People's Hospital of Zhengzhou, Center for Translational Medicine	China	Wei,S.,Huo,Y.	2021-08-01T00:00:00Z								Human alphaherpesvirus 3		10335
MZ465929.1			PARTIAL	1	China	Asia									Homo sapiens		9606	true				2017	VZVHN2017-26	blood		87				1		2021-08-01T00:00:00Z		GenBank		The Sixth People's Hospital of Zhengzhou, Center for Translational Medicine	China	Wei,S.,Huo,Y.	2021-08-01T00:00:00Z								Human alphaherpesvirus 3		10335
MZ465930.1			PARTIAL	1	China	Asia									Homo sapiens		9606	true				2017	VZVHN2017-27	blood		87				1		2021-08-01T00:00:00Z		GenBank		The Sixth People's Hospital of Zhengzhou, Center for Translational Medicine	China	Wei,S.,Huo,Y.	2021-08-01T00:00:00Z								Human alphaherpesvirus 3		10335
MZ465931.1			PARTIAL	1	China	Asia									Homo sapiens		9606	true				2017	VZVHN2017-28	blood		87				1		2021-08-01T00:00:00Z		GenBank		The Sixth People's Hospital of Zhengzhou, Center for Translational Medicine	China	Wei,S.,Huo,Y.	2021-08-01T00:00:00Z								Human alphaherpesvirus 3		10335
MZ465932.1			PARTIAL	1	China	Asia									Homo sapiens		9606	true				2017	VZVHN2017-29	blood		87				1		2021-08-01T00:00:00Z		GenBank		The Sixth People's Hospital of Zhengzhou, Center for Translational Medicine	China	Wei,S.,Huo,Y.	2021-08-01T00:00:00Z								Human alphaherpesvirus 3		10335
MZ465933.1			PARTIAL	1	China	Asia									Homo sapiens		9606	true				2017	VZVHN2017-32	blood		87				1		2021-08-01T00:00:00Z		GenBank		The Sixth People's Hospital of Zhengzhou, Center for Translational Medicine	China	Wei,S.,Huo,Y.	2021-08-01T00:00:00Z								Human alphaherpesvirus 3		10335
MZ465934.1			PARTIAL	1	China	Asia									Homo sapiens		9606	true				2017	VZVHN2017-33	blood		87				1		2021-08-01T00:00:00Z		GenBank		The Sixth People's Hospital of Zhengzhou, Center for Translational Medicine	China	Wei,S.,Huo,Y.	2021-08-01T00:00:00Z								Human alphaherpesvirus 3		10335
MZ465935.1			PARTIAL	1	China	Asia									Homo sapiens		9606	true				2017	VZVHN2017-34	blood		87				1		2021-08-01T00:00:00Z		GenBank		The Sixth People's Hospital of Zhengzhou, Center for Translational Medicine	China	Wei,S.,Huo,Y.	2021-08-01T00:00:00Z								Human alphaherpesvirus 3		10335
MZ465936.1			PARTIAL	1	China	Asia									Homo sapiens		9606	true				2017	VZVHN2017-35	blood		87				1		2021-08-01T00:00:00Z		GenBank		The Sixth People's Hospital of Zhengzhou, Center for Translational Medicine	China	Wei,S.,Huo,Y.	2021-08-01T00:00:00Z								Human alphaherpesvirus 3		10335
MZ465937.1			PARTIAL	1	China	Asia									Homo sapiens		9606	true				2017	VZVHN2017-36	blood		87				1		2021-08-01T00:00:00Z		GenBank		The Sixth People's Hospital of Zhengzhou, Center for Translational Medicine	China	Wei,S.,Huo,Y.	2021-08-01T00:00:00Z								Human alphaherpesvirus 3		10335
MZ465938.1			PARTIAL	1	China	Asia									Homo sapiens		9606	true				2017	VZVHN2017-37	blood		87				1		2021-08-01T00:00:00Z		GenBank		The Sixth People's Hospital of Zhengzhou, Center for Translational Medicine	China	Wei,S.,Huo,Y.	2021-08-01T00:00:00Z								Human alphaherpesvirus 3		10335
MZ465939.1			PARTIAL	1	China	Asia									Homo sapiens		9606	true				2017	VZVHN2017-38	blood		87				1		2021-08-01T00:00:00Z		GenBank		The Sixth People's Hospital of Zhengzhou, Center for Translational Medicine	China	Wei,S.,Huo,Y.	2021-08-01T00:00:00Z								Human alphaherpesvirus 3		10335
MZ465940.1			PARTIAL	1	China	Asia									Homo sapiens		9606	true				2017	VZVHN2017-40	blood		87				1		2021-08-01T00:00:00Z		GenBank		The Sixth People's Hospital of Zhengzhou, Center for Translational Medicine	China	Wei,S.,Huo,Y.	2021-08-01T00:00:00Z								Human alphaherpesvirus 3		10335
MZ465941.1			PARTIAL	1	China	Asia									Homo sapiens		9606	true				2017	VZVHN2017-41	blood		87				1		2021-08-01T00:00:00Z		GenBank		The Sixth People's Hospital of Zhengzhou, Center for Translational Medicine	China	Wei,S.,Huo,Y.	2021-08-01T00:00:00Z								Human alphaherpesvirus 3		10335
MZ465942.1			PARTIAL	1	China	Asia									Homo sapiens		9606	true				2018	VZVHN2018-2	blood		87				1		2021-08-01T00:00:00Z		GenBank		The Sixth People's Hospital of Zhengzhou, Center for Translational Medicine	China	Wei,S.,Huo,Y.	2021-08-01T00:00:00Z								Human alphaherpesvirus 3		10335
MZ465943.1			PARTIAL	1	China	Asia									Homo sapiens		9606	true				2018	VZVHN2018-3	blood		87				1		2021-08-01T00:00:00Z		GenBank		The Sixth People's Hospital of Zhengzhou, Center for Translational Medicine	China	Wei,S.,Huo,Y.	2021-08-01T00:00:00Z								Human alphaherpesvirus 3		10335
MZ465944.1			PARTIAL	1	China	Asia									Homo sapiens		9606	true				2018	VZVHN2018-4	blood		87				1		2021-08-01T00:00:00Z		GenBank		The Sixth People's Hospital of Zhengzhou, Center for Translational Medicine	China	Wei,S.,Huo,Y.	2021-08-01T00:00:00Z								Human alphaherpesvirus 3		10335
MZ465945.1			PARTIAL	1	China	Asia									Homo sapiens		9606	true				2018	VZVHN2018-5	blood		87				1		2021-08-01T00:00:00Z		GenBank		The Sixth People's Hospital of Zhengzhou, Center for Translational Medicine	China	Wei,S.,Huo,Y.	2021-08-01T00:00:00Z								Human alphaherpesvirus 3		10335
MZ465946.1			PARTIAL	1	China	Asia									Homo sapiens		9606	true				2018	VZVHN2018-6	blood		87				1		2021-08-01T00:00:00Z		GenBank		The Sixth People's Hospital of Zhengzhou, Center for Translational Medicine	China	Wei,S.,Huo,Y.	2021-08-01T00:00:00Z								Human alphaherpesvirus 3		10335
MZ465947.1			PARTIAL	1	China	Asia									Homo sapiens		9606	true				2018	VZVHN2018-7	blood		87				1		2021-08-01T00:00:00Z		GenBank		The Sixth People's Hospital of Zhengzhou, Center for Translational Medicine	China	Wei,S.,Huo,Y.	2021-08-01T00:00:00Z								Human alphaherpesvirus 3		10335
MZ465948.1			PARTIAL	1	China	Asia									Homo sapiens		9606	true				2018	VZVHN2018-8	blood		87				1		2021-08-01T00:00:00Z		GenBank		The Sixth People's Hospital of Zhengzhou, Center for Translational Medicine	China	Wei,S.,Huo,Y.	2021-08-01T00:00:00Z								Human alphaherpesvirus 3		10335
MZ465949.1			PARTIAL	1	China	Asia									Homo sapiens		9606	true				2018	VZVHN2018-9	blood		87				1		2021-08-01T00:00:00Z		GenBank		The Sixth People's Hospital of Zhengzhou, Center for Translational Medicine	China	Wei,S.,Huo,Y.	2021-08-01T00:00:00Z								Human alphaherpesvirus 3		10335
MZ465950.1			PARTIAL	1	China	Asia									Homo sapiens		9606	true				2018	VZVHN2018-10	blood		87				1		2021-08-01T00:00:00Z		GenBank		The Sixth People's Hospital of Zhengzhou, Center for Translational Medicine	China	Wei,S.,Huo,Y.	2021-08-01T00:00:00Z								Human alphaherpesvirus 3		10335
MZ465951.1			PARTIAL	1	China	Asia									Homo sapiens		9606	true				2018	VZVHN2018-11	blood		87				1		2021-08-01T00:00:00Z		GenBank		The Sixth People's Hospital of Zhengzhou, Center for Translational Medicine	China	Wei,S.,Huo,Y.	2021-08-01T00:00:00Z								Human alphaherpesvirus 3		10335
MZ465952.1			PARTIAL	1	China	Asia									Homo sapiens		9606	true				2018	VZVHN2018-12	blood		87				1		2021-08-01T00:00:00Z		GenBank		The Sixth People's Hospital of Zhengzhou, Center for Translational Medicine	China	Wei,S.,Huo,Y.	2021-08-01T00:00:00Z								Human alphaherpesvirus 3		10335
MZ465953.1			PARTIAL	1	China	Asia									Homo sapiens		9606	true				2018	VZVHN2018-13	blood		87				1		2021-08-01T00:00:00Z		GenBank		The Sixth People's Hospital of Zhengzhou, Center for Translational Medicine	China	Wei,S.,Huo,Y.	2021-08-01T00:00:00Z								Human alphaherpesvirus 3		10335
MZ465954.1			PARTIAL	1	China	Asia									Homo sapiens		9606	true				2018	VZVHN2018-14	blood		87				1		2021-08-01T00:00:00Z		GenBank		The Sixth People's Hospital of Zhengzhou, Center for Translational Medicine	China	Wei,S.,Huo,Y.	2021-08-01T00:00:00Z								Human alphaherpesvirus 3		10335
MZ465955.1			PARTIAL	1	China	Asia									Homo sapiens		9606	true				2018	VZVHN2018-15	blood		87				1		2021-08-01T00:00:00Z		GenBank		The Sixth People's Hospital of Zhengzhou, Center for Translational Medicine	China	Wei,S.,Huo,Y.	2021-08-01T00:00:00Z								Human alphaherpesvirus 3		10335
MZ465956.1			PARTIAL	1	China	Asia									Homo sapiens		9606	true				2018	VZVHN2018-16	blood		87				1		2021-08-01T00:00:00Z		GenBank		The Sixth People's Hospital of Zhengzhou, Center for Translational Medicine	China	Wei,S.,Huo,Y.	2021-08-01T00:00:00Z								Human alphaherpesvirus 3		10335
MZ465957.1			PARTIAL	1	China	Asia									Homo sapiens		9606	true				2018	VZVHN2018-17	blood		87				1		2021-08-01T00:00:00Z		GenBank		The Sixth People's Hospital of Zhengzhou, Center for Translational Medicine	China	Wei,S.,Huo,Y.	2021-08-01T00:00:00Z								Human alphaherpesvirus 3		10335
MZ465958.1			PARTIAL	1	China	Asia									Homo sapiens		9606	true				2018	VZVHN2018-18	blood		87				1		2021-08-01T00:00:00Z		GenBank		The Sixth People's Hospital of Zhengzhou, Center for Translational Medicine	China	Wei,S.,Huo,Y.	2021-08-01T00:00:00Z								Human alphaherpesvirus 3		10335
MZ465959.1			PARTIAL	1	China	Asia									Homo sapiens		9606	true				2018	VZVHN2018-19	blood		87				1		2021-08-01T00:00:00Z		GenBank		The Sixth People's Hospital of Zhengzhou, Center for Translational Medicine	China	Wei,S.,Huo,Y.	2021-08-01T00:00:00Z								Human alphaherpesvirus 3		10335
MZ465960.1			PARTIAL	1	China	Asia									Homo sapiens		9606	true				2018	VZVHN2018-20	blood		87				1		2021-08-01T00:00:00Z		GenBank		The Sixth People's Hospital of Zhengzhou, Center for Translational Medicine	China	Wei,S.,Huo,Y.	2021-08-01T00:00:00Z								Human alphaherpesvirus 3		10335
MZ465961.1			PARTIAL	1	China	Asia									Homo sapiens		9606	true				2018	VZVHN2018-21	blood		87				1		2021-08-01T00:00:00Z		GenBank		The Sixth People's Hospital of Zhengzhou, Center for Translational Medicine	China	Wei,S.,Huo,Y.	2021-08-01T00:00:00Z								Human alphaherpesvirus 3		10335
MZ465962.1			PARTIAL	1	China	Asia									Homo sapiens		9606	true				2018	VZVHN2018-22	blood		87				1		2021-08-01T00:00:00Z		GenBank		The Sixth People's Hospital of Zhengzhou, Center for Translational Medicine	China	Wei,S.,Huo,Y.	2021-08-01T00:00:00Z								Human alphaherpesvirus 3		10335
MZ465963.1			PARTIAL	1	China	Asia									Homo sapiens		9606	true				2018	VZVHN2018-23	blood		87				1		2021-08-01T00:00:00Z		GenBank		The Sixth People's Hospital of Zhengzhou, Center for Translational Medicine	China	Wei,S.,Huo,Y.	2021-08-01T00:00:00Z								Human alphaherpesvirus 3		10335
MZ465964.1			PARTIAL	1	China	Asia									Homo sapiens		9606	true				2018	VZVHN2018-24	blood		87				1		2021-08-01T00:00:00Z		GenBank		The Sixth People's Hospital of Zhengzhou, Center for Translational Medicine	China	Wei,S.,Huo,Y.	2021-08-01T00:00:00Z								Human alphaherpesvirus 3		10335
MZ465965.1			PARTIAL	1	China	Asia									Homo sapiens		9606	true				2018	VZVHN2018-25	blood		87				1		2021-08-01T00:00:00Z		GenBank		The Sixth People's Hospital of Zhengzhou, Center for Translational Medicine	China	Wei,S.,Huo,Y.	2021-08-01T00:00:00Z								Human alphaherpesvirus 3		10335
MZ465966.1			PARTIAL	1	China	Asia									Homo sapiens		9606	true				2018	VZVHN2018-26	blood		87				1		2021-08-01T00:00:00Z		GenBank		The Sixth People's Hospital of Zhengzhou, Center for Translational Medicine	China	Wei,S.,Huo,Y.	2021-08-01T00:00:00Z								Human alphaherpesvirus 3		10335
MZ465967.1			PARTIAL	1	China	Asia									Homo sapiens		9606	true				2018	VZVHN2018-27	blood		87				1		2021-08-01T00:00:00Z		GenBank		The Sixth People's Hospital of Zhengzhou, Center for Translational Medicine	China	Wei,S.,Huo,Y.	2021-08-01T00:00:00Z								Human alphaherpesvirus 3		10335
MZ465968.1			PARTIAL	1	China	Asia									Homo sapiens		9606	true				2018	VZVHN2018-28	blood		87				1		2021-08-01T00:00:00Z		GenBank		The Sixth People's Hospital of Zhengzhou, Center for Translational Medicine	China	Wei,S.,Huo,Y.	2021-08-01T00:00:00Z								Human alphaherpesvirus 3		10335
MZ465969.1			PARTIAL	1	China	Asia									Homo sapiens		9606	true				2018	VZVHN2018-29	blood		87				1		2021-08-01T00:00:00Z		GenBank		The Sixth People's Hospital of Zhengzhou, Center for Translational Medicine	China	Wei,S.,Huo,Y.	2021-08-01T00:00:00Z								Human alphaherpesvirus 3		10335
MZ465970.1			PARTIAL	1	China	Asia									Homo sapiens		9606	true				2018	VZVHN2018-30	blood		87				1		2021-08-01T00:00:00Z		GenBank		The Sixth People's Hospital of Zhengzhou, Center for Translational Medicine	China	Wei,S.,Huo,Y.	2021-08-01T00:00:00Z								Human alphaherpesvirus 3		10335
MZ465971.1			PARTIAL	1	China	Asia									Homo sapiens		9606	true				2018	VZVHN2018-31	blood		87				1		2021-08-01T00:00:00Z		GenBank		The Sixth People's Hospital of Zhengzhou, Center for Translational Medicine	China	Wei,S.,Huo,Y.	2021-08-01T00:00:00Z								Human alphaherpesvirus 3		10335
MZ465972.1			PARTIAL	1	China	Asia									Homo sapiens		9606	true				2018	VZVHN2018-32	blood		87				1		2021-08-01T00:00:00Z		GenBank		The Sixth People's Hospital of Zhengzhou, Center for Translational Medicine	China	Wei,S.,Huo,Y.	2021-08-01T00:00:00Z								Human alphaherpesvirus 3		10335
MZ465973.1			PARTIAL	1	China	Asia									Homo sapiens		9606	true				2018	VZVHN2018-33	blood		87				1		2021-08-01T00:00:00Z		GenBank		The Sixth People's Hospital of Zhengzhou, Center for Translational Medicine	China	Wei,S.,Huo,Y.	2021-08-01T00:00:00Z								Human alphaherpesvirus 3		10335
MZ465974.1			PARTIAL	1	China	Asia									Homo sapiens		9606	true				2018	VZVHN2018-34	blood		87				1		2021-08-01T00:00:00Z		GenBank		The Sixth People's Hospital of Zhengzhou, Center for Translational Medicine	China	Wei,S.,Huo,Y.	2021-08-01T00:00:00Z								Human alphaherpesvirus 3		10335
MZ465975.1			PARTIAL	1	China	Asia									Homo sapiens		9606	true				2018	VZVHN2018-35	blood		87				1		2021-08-01T00:00:00Z		GenBank		The Sixth People's Hospital of Zhengzhou, Center for Translational Medicine	China	Wei,S.,Huo,Y.	2021-08-01T00:00:00Z								Human alphaherpesvirus 3		10335
MZ465976.1			PARTIAL	1	China	Asia									Homo sapiens		9606	true				2018	VZVHN2018-36	blood		87				1		2021-08-01T00:00:00Z		GenBank		The Sixth People's Hospital of Zhengzhou, Center for Translational Medicine	China	Wei,S.,Huo,Y.	2021-08-01T00:00:00Z								Human alphaherpesvirus 3		10335
MZ465977.1			PARTIAL	1	China	Asia									Homo sapiens		9606	true				2018	VZVHN2018-37	lesion		87				1		2021-08-01T00:00:00Z		GenBank		The Sixth People's Hospital of Zhengzhou, Center for Translational Medicine	China	Wei,S.,Huo,Y.	2021-08-01T00:00:00Z								Human alphaherpesvirus 3		10335
MZ465978.1			PARTIAL	1	China	Asia									Homo sapiens		9606	true				2018	VZVHN2018-38	blood		87				1		2021-08-01T00:00:00Z		GenBank		The Sixth People's Hospital of Zhengzhou, Center for Translational Medicine	China	Wei,S.,Huo,Y.	2021-08-01T00:00:00Z								Human alphaherpesvirus 3		10335
MZ465979.1			PARTIAL	1	China	Asia									Homo sapiens		9606	true				2018	VZVHN2018-39	blood		87				1		2021-08-01T00:00:00Z		GenBank		The Sixth People's Hospital of Zhengzhou, Center for Translational Medicine	China	Wei,S.,Huo,Y.	2021-08-01T00:00:00Z								Human alphaherpesvirus 3		10335
MZ465980.1			PARTIAL	1	China	Asia									Homo sapiens		9606	true				2018	VZVHN2018-40	blood		87				1		2021-08-01T00:00:00Z		GenBank		The Sixth People's Hospital of Zhengzhou, Center for Translational Medicine	China	Wei,S.,Huo,Y.	2021-08-01T00:00:00Z								Human alphaherpesvirus 3		10335
MZ465981.1			PARTIAL	1	China	Asia									Homo sapiens		9606	true				2018	VZVHN2018-41	blood		87				1		2021-08-01T00:00:00Z		GenBank		The Sixth People's Hospital of Zhengzhou, Center for Translational Medicine	China	Wei,S.,Huo,Y.	2021-08-01T00:00:00Z								Human alphaherpesvirus 3		10335
MZ465982.1			PARTIAL	1	China	Asia									Homo sapiens		9606	true				2018	VZVHN2018-42	blood		87				1		2021-08-01T00:00:00Z		GenBank		The Sixth People's Hospital of Zhengzhou, Center for Translational Medicine	China	Wei,S.,Huo,Y.	2021-08-01T00:00:00Z								Human alphaherpesvirus 3		10335
MZ465983.1			PARTIAL	1	China	Asia									Homo sapiens		9606	true				2018	VZVHN2018-43	blood		87				1		2021-08-01T00:00:00Z		GenBank		The Sixth People's Hospital of Zhengzhou, Center for Translational Medicine	China	Wei,S.,Huo,Y.	2021-08-01T00:00:00Z								Human alphaherpesvirus 3		10335
MZ465984.1			PARTIAL	1	China	Asia									Homo sapiens		9606	true				2018	VZVHN2018-44	blood		87				1		2021-08-01T00:00:00Z		GenBank		The Sixth People's Hospital of Zhengzhou, Center for Translational Medicine	China	Wei,S.,Huo,Y.	2021-08-01T00:00:00Z								Human alphaherpesvirus 3		10335
MZ465985.1			PARTIAL	1	China	Asia									Homo sapiens		9606	true				2018	VZVHN2018-45	blood		87				1		2021-08-01T00:00:00Z		GenBank		The Sixth People's Hospital of Zhengzhou, Center for Translational Medicine	China	Wei,S.,Huo,Y.	2021-08-01T00:00:00Z								Human alphaherpesvirus 3		10335
MZ465986.1			PARTIAL	1	China	Asia									Homo sapiens		9606	true				2018	VZVHN2018-46	oronasopharynx		87				1		2021-08-01T00:00:00Z		GenBank		The Sixth People's Hospital of Zhengzhou, Center for Translational Medicine	China	Wei,S.,Huo,Y.	2021-08-01T00:00:00Z								Human alphaherpesvirus 3		10335
MZ465987.1			PARTIAL	1	China	Asia									Homo sapiens		9606	true				2018	VZVHN2018-47	blood		87				1		2021-08-01T00:00:00Z		GenBank		The Sixth People's Hospital of Zhengzhou, Center for Translational Medicine	China	Wei,S.,Huo,Y.	2021-08-01T00:00:00Z								Human alphaherpesvirus 3		10335
MZ465988.1			PARTIAL	1	China	Asia									Homo sapiens		9606	true				2018	VZVHN2018-48	blood		87				1		2021-08-01T00:00:00Z		GenBank		The Sixth People's Hospital of Zhengzhou, Center for Translational Medicine	China	Wei,S.,Huo,Y.	2021-08-01T00:00:00Z								Human alphaherpesvirus 3		10335
MZ465989.1			PARTIAL	1	China	Asia									Homo sapiens		9606	true				2018	VZVHN2018-49	blood		87				1		2021-08-01T00:00:00Z		GenBank		The Sixth People's Hospital of Zhengzhou, Center for Translational Medicine	China	Wei,S.,Huo,Y.	2021-08-01T00:00:00Z								Human alphaherpesvirus 3		10335
MZ465990.1			PARTIAL	1	China	Asia									Homo sapiens		9606	true				2018	VZVHN2018-50	blood		87				1		2021-08-01T00:00:00Z		GenBank		The Sixth People's Hospital of Zhengzhou, Center for Translational Medicine	China	Wei,S.,Huo,Y.	2021-08-01T00:00:00Z								Human alphaherpesvirus 3		10335
MZ465991.1			PARTIAL	1	China	Asia									Homo sapiens		9606	true				2018	VZVHN2018-51	blood		87				1		2021-08-01T00:00:00Z		GenBank		The Sixth People's Hospital of Zhengzhou, Center for Translational Medicine	China	Wei,S.,Huo,Y.	2021-08-01T00:00:00Z								Human alphaherpesvirus 3		10335
MZ465992.1			PARTIAL	1	China	Asia									Homo sapiens		9606	true				2018	VZVHN2018-52	blood		87				1		2021-08-01T00:00:00Z		GenBank		The Sixth People's Hospital of Zhengzhou, Center for Translational Medicine	China	Wei,S.,Huo,Y.	2021-08-01T00:00:00Z								Human alphaherpesvirus 3		10335
MZ465993.1			PARTIAL	1	China	Asia									Homo sapiens		9606	true				2018	VZVHN2018-53	blood		87				1		2021-08-01T00:00:00Z		GenBank		The Sixth People's Hospital of Zhengzhou, Center for Translational Medicine	China	Wei,S.,Huo,Y.	2021-08-01T00:00:00Z								Human alphaherpesvirus 3		10335
MZ465994.1			PARTIAL	1	China	Asia									Homo sapiens		9606	true				2018	VZVHN2018-54	blood		87				1		2021-08-01T00:00:00Z		GenBank		The Sixth People's Hospital of Zhengzhou, Center for Translational Medicine	China	Wei,S.,Huo,Y.	2021-08-01T00:00:00Z								Human alphaherpesvirus 3		10335
MZ465995.1			PARTIAL	1	China	Asia									Homo sapiens		9606	true				2018	VZVHN2018-55	lesion		87				1		2021-08-01T00:00:00Z		GenBank		The Sixth People's Hospital of Zhengzhou, Center for Translational Medicine	China	Wei,S.,Huo,Y.	2021-08-01T00:00:00Z								Human alphaherpesvirus 3		10335
MZ465996.1			PARTIAL	1	China	Asia									Homo sapiens		9606	true				2018	VZVHN2018-56	oronasopharynx		87				1		2021-08-01T00:00:00Z		GenBank		The Sixth People's Hospital of Zhengzhou, Center for Translational Medicine	China	Wei,S.,Huo,Y.	2021-08-01T00:00:00Z								Human alphaherpesvirus 3		10335
MZ465997.1			PARTIAL	1	China	Asia									Homo sapiens		9606	true				2018	VZVHN2018-57	blood		87				1		2021-08-01T00:00:00Z		GenBank		The Sixth People's Hospital of Zhengzhou, Center for Translational Medicine	China	Wei,S.,Huo,Y.	2021-08-01T00:00:00Z								Human alphaherpesvirus 3		10335
MZ465998.1			PARTIAL	1	China	Asia									Homo sapiens		9606	true				2018	VZVHN2018-58	blood		87				1		2021-08-01T00:00:00Z		GenBank		The Sixth People's Hospital of Zhengzhou, Center for Translational Medicine	China	Wei,S.,Huo,Y.	2021-08-01T00:00:00Z								Human alphaherpesvirus 3		10335
MZ465999.1			PARTIAL	1	China	Asia									Homo sapiens		9606	true				2018	VZVHN2018-59	blood		87				1		2021-08-01T00:00:00Z		GenBank		The Sixth People's Hospital of Zhengzhou, Center for Translational Medicine	China	Wei,S.,Huo,Y.	2021-08-01T00:00:00Z								Human alphaherpesvirus 3		10335
MZ466000.1			PARTIAL	1	China	Asia									Homo sapiens		9606	true				2018	VZVHN2018-60	blood		87				1		2021-08-01T00:00:00Z		GenBank		The Sixth People's Hospital of Zhengzhou, Center for Translational Medicine	China	Wei,S.,Huo,Y.	2021-08-01T00:00:00Z								Human alphaherpesvirus 3		10335
MZ466001.1			PARTIAL	1	China	Asia									Homo sapiens		9606	true				2018	VZVHN2018-61	blood		87				1		2021-08-01T00:00:00Z		GenBank		The Sixth People's Hospital of Zhengzhou, Center for Translational Medicine	China	Wei,S.,Huo,Y.	2021-08-01T00:00:00Z								Human alphaherpesvirus 3		10335
MZ466002.1			PARTIAL	1	China	Asia									Homo sapiens		9606	true				2018	VZVHN2018-62	blood		87				1		2021-08-01T00:00:00Z		GenBank		The Sixth People's Hospital of Zhengzhou, Center for Translational Medicine	China	Wei,S.,Huo,Y.	2021-08-01T00:00:00Z								Human alphaherpesvirus 3		10335
MZ466003.1			PARTIAL	1	China	Asia									Homo sapiens		9606	true				2018	VZVHN2018-63	blood		87				1		2021-08-01T00:00:00Z		GenBank		The Sixth People's Hospital of Zhengzhou, Center for Translational Medicine	China	Wei,S.,Huo,Y.	2021-08-01T00:00:00Z								Human alphaherpesvirus 3		10335
MZ466004.1			PARTIAL	1	China	Asia									Homo sapiens		9606	true				2018	VZVHN2018-64	blood		87				1		2021-08-01T00:00:00Z		GenBank		The Sixth People's Hospital of Zhengzhou, Center for Translational Medicine	China	Wei,S.,Huo,Y.	2021-08-01T00:00:00Z								Human alphaherpesvirus 3		10335
MZ466005.1			PARTIAL	1	China	Asia									Homo sapiens		9606	true				2018	VZVHN2018-65	blood		87				1		2021-08-01T00:00:00Z		GenBank		The Sixth People's Hospital of Zhengzhou, Center for Translational Medicine	China	Wei,S.,Huo,Y.	2021-08-01T00:00:00Z								Human alphaherpesvirus 3		10335
MZ466006.1			PARTIAL	1	China	Asia									Homo sapiens		9606	true				2018	VZVHN2018-66	blood		87				1		2021-08-01T00:00:00Z		GenBank		The Sixth People's Hospital of Zhengzhou, Center for Translational Medicine	China	Wei,S.,Huo,Y.	2021-08-01T00:00:00Z								Human alphaherpesvirus 3		10335
MZ466007.1			PARTIAL	1	China	Asia									Homo sapiens		9606	true				2018	VZVHN2018-67	blood		87				1		2021-08-01T00:00:00Z		GenBank		The Sixth People's Hospital of Zhengzhou, Center for Translational Medicine	China	Wei,S.,Huo,Y.	2021-08-01T00:00:00Z								Human alphaherpesvirus 3		10335
MZ466008.1			PARTIAL	1	China	Asia									Homo sapiens		9606	true				2018	VZVHN2018-68	blood		87				1		2021-08-01T00:00:00Z		GenBank		The Sixth People's Hospital of Zhengzhou, Center for Translational Medicine	China	Wei,S.,Huo,Y.	2021-08-01T00:00:00Z								Human alphaherpesvirus 3		10335
MZ466009.1			PARTIAL	1	China	Asia									Homo sapiens		9606	true				2018	VZVHN2018-69	blood		87				1		2021-08-01T00:00:00Z		GenBank		The Sixth People's Hospital of Zhengzhou, Center for Translational Medicine	China	Wei,S.,Huo,Y.	2021-08-01T00:00:00Z								Human alphaherpesvirus 3		10335
MZ466010.1			PARTIAL	1	China	Asia									Homo sapiens		9606	true				2018	VZVHN2018-70	blood		87				1		2021-08-01T00:00:00Z		GenBank		The Sixth People's Hospital of Zhengzhou, Center for Translational Medicine	China	Wei,S.,Huo,Y.	2021-08-01T00:00:00Z								Human alphaherpesvirus 3		10335
MZ466011.1			PARTIAL	1	China	Asia									Homo sapiens		9606	true				2018	VZVHN2018-71	blood		87				1		2021-08-01T00:00:00Z		GenBank		The Sixth People's Hospital of Zhengzhou, Center for Translational Medicine	China	Wei,S.,Huo,Y.	2021-08-01T00:00:00Z								Human alphaherpesvirus 3		10335
MZ466012.1			PARTIAL	1	China	Asia									Homo sapiens		9606	true				2018	VZVHN2018-72	blood		87				1		2021-08-01T00:00:00Z		GenBank		The Sixth People's Hospital of Zhengzhou, Center for Translational Medicine	China	Wei,S.,Huo,Y.	2021-08-01T00:00:00Z								Human alphaherpesvirus 3		10335
MZ466013.1			PARTIAL	1	China	Asia									Homo sapiens		9606	true				2018	VZVHN2018-73	blood		87				1		2021-08-01T00:00:00Z		GenBank		The Sixth People's Hospital of Zhengzhou, Center for Translational Medicine	China	Wei,S.,Huo,Y.	2021-08-01T00:00:00Z								Human alphaherpesvirus 3		10335
MZ466014.1			PARTIAL	1	China	Asia									Homo sapiens		9606	true				2018	VZVHN2018-74	blood		87				1		2021-08-01T00:00:00Z		GenBank		The Sixth People's Hospital of Zhengzhou, Center for Translational Medicine	China	Wei,S.,Huo,Y.	2021-08-01T00:00:00Z								Human alphaherpesvirus 3		10335
MZ466015.1			PARTIAL	1	China	Asia									Homo sapiens		9606	true				2018	VZVHN2018-75	blood		87				1		2021-08-01T00:00:00Z		GenBank		The Sixth People's Hospital of Zhengzhou, Center for Translational Medicine	China	Wei,S.,Huo,Y.	2021-08-01T00:00:00Z								Human alphaherpesvirus 3		10335
MZ466016.1			PARTIAL	1	China	Asia									Homo sapiens		9606	true				2018	VZVHN2018-76	blood		87				1		2021-08-01T00:00:00Z		GenBank		The Sixth People's Hospital of Zhengzhou, Center for Translational Medicine	China	Wei,S.,Huo,Y.	2021-08-01T00:00:00Z								Human alphaherpesvirus 3		10335
MZ466017.1			PARTIAL	1	China	Asia									Homo sapiens		9606	true				2018	VZVHN2018-77	blood		87				1		2021-08-01T00:00:00Z		GenBank		The Sixth People's Hospital of Zhengzhou, Center for Translational Medicine	China	Wei,S.,Huo,Y.	2021-08-01T00:00:00Z								Human alphaherpesvirus 3		10335
MZ466018.1			PARTIAL	1	China	Asia									Homo sapiens		9606	true				2018	VZVHN2018-78	blood		87				1		2021-08-01T00:00:00Z		GenBank		The Sixth People's Hospital of Zhengzhou, Center for Translational Medicine	China	Wei,S.,Huo,Y.	2021-08-01T00:00:00Z								Human alphaherpesvirus 3		10335
MZ466019.1			PARTIAL	1	China	Asia									Homo sapiens		9606	true				2018	VZVHN2018-79	blood		87				1		2021-08-01T00:00:00Z		GenBank		The Sixth People's Hospital of Zhengzhou, Center for Translational Medicine	China	Wei,S.,Huo,Y.	2021-08-01T00:00:00Z								Human alphaherpesvirus 3		10335
MZ466020.1			PARTIAL	1	China	Asia									Homo sapiens		9606	true				2018	VZVHN2018-80	blood		87				1		2021-08-01T00:00:00Z		GenBank		The Sixth People's Hospital of Zhengzhou, Center for Translational Medicine	China	Wei,S.,Huo,Y.	2021-08-01T00:00:00Z								Human alphaherpesvirus 3		10335
MZ466021.1			PARTIAL	1	China	Asia									Homo sapiens		9606	true				2018	VZVHN2018-81	blood		87				1		2021-08-01T00:00:00Z		GenBank		The Sixth People's Hospital of Zhengzhou, Center for Translational Medicine	China	Wei,S.,Huo,Y.	2021-08-01T00:00:00Z								Human alphaherpesvirus 3		10335
MZ466022.1			PARTIAL	1	China	Asia									Homo sapiens		9606	true				2018	VZVHN2018-82	blood		87				1		2021-08-01T00:00:00Z		GenBank		The Sixth People's Hospital of Zhengzhou, Center for Translational Medicine	China	Wei,S.,Huo,Y.	2021-08-01T00:00:00Z								Human alphaherpesvirus 3		10335
MZ466023.1			PARTIAL	1	China	Asia									Homo sapiens		9606	true				2018	VZVHN2018-83	blood		87				1		2021-08-01T00:00:00Z		GenBank		The Sixth People's Hospital of Zhengzhou, Center for Translational Medicine	China	Wei,S.,Huo,Y.	2021-08-01T00:00:00Z								Human alphaherpesvirus 3		10335
MZ466024.1			PARTIAL	1	China	Asia									Homo sapiens		9606	true				2018	VZVHN2018-84	blood		87				1		2021-08-01T00:00:00Z		GenBank		The Sixth People's Hospital of Zhengzhou, Center for Translational Medicine	China	Wei,S.,Huo,Y.	2021-08-01T00:00:00Z								Human alphaherpesvirus 3		10335
MZ466025.1			PARTIAL	1	China	Asia									Homo sapiens		9606	true				2017	VZVHN2017-1	blood		147				1		2021-08-01T00:00:00Z		GenBank		The Sixth People's Hospital of Zhengzhou, Center for Translational Medicine	China	Wei,S.,Huo,Y.	2021-08-01T00:00:00Z								Human alphaherpesvirus 3		10335
MZ466026.1			PARTIAL	1	China	Asia									Homo sapiens		9606	true				2017	VZVHN2017-2	blood		147				1		2021-08-01T00:00:00Z		GenBank		The Sixth People's Hospital of Zhengzhou, Center for Translational Medicine	China	Wei,S.,Huo,Y.	2021-08-01T00:00:00Z								Human alphaherpesvirus 3		10335
MZ466027.1			PARTIAL	1	China	Asia									Homo sapiens		9606	true				2017	VZVHN2017-3	blood		147				1		2021-08-01T00:00:00Z		GenBank		The Sixth People's Hospital of Zhengzhou, Center for Translational Medicine	China	Wei,S.,Huo,Y.	2021-08-01T00:00:00Z								Human alphaherpesvirus 3		10335
MZ466028.1			PARTIAL	1	China	Asia									Homo sapiens		9606	true				2017	VZVHN2017-4	blood		147				1		2021-08-01T00:00:00Z		GenBank		The Sixth People's Hospital of Zhengzhou, Center for Translational Medicine	China	Wei,S.,Huo,Y.	2021-08-01T00:00:00Z								Human alphaherpesvirus 3		10335
MZ466029.1			PARTIAL	1	China	Asia									Homo sapiens		9606	true				2017	VZVHN2017-5	blood		147				1		2021-08-01T00:00:00Z		GenBank		The Sixth People's Hospital of Zhengzhou, Center for Translational Medicine	China	Wei,S.,Huo,Y.	2021-08-01T00:00:00Z								Human alphaherpesvirus 3		10335
MZ466030.1			PARTIAL	1	China	Asia									Homo sapiens		9606	true				2017	VZVHN2017-6	blood		147				1		2021-08-01T00:00:00Z		GenBank		The Sixth People's Hospital of Zhengzhou, Center for Translational Medicine	China	Wei,S.,Huo,Y.	2021-08-01T00:00:00Z								Human alphaherpesvirus 3		10335
MZ466031.1			PARTIAL	1	China	Asia									Homo sapiens		9606	true				2017	VZVHN2017-7	blood		147				1		2021-08-01T00:00:00Z		GenBank		The Sixth People's Hospital of Zhengzhou, Center for Translational Medicine	China	Wei,S.,Huo,Y.	2021-08-01T00:00:00Z								Human alphaherpesvirus 3		10335
MZ466032.1			PARTIAL	1	China	Asia									Homo sapiens		9606	true				2017	VZVHN2017-8	lesion		147				1		2021-08-01T00:00:00Z		GenBank		The Sixth People's Hospital of Zhengzhou, Center for Translational Medicine	China	Wei,S.,Huo,Y.	2021-08-01T00:00:00Z								Human alphaherpesvirus 3		10335
MZ466033.1			PARTIAL	1	China	Asia									Homo sapiens		9606	true				2017	VZVHN2017-9	lesion		147				1		2021-08-01T00:00:00Z		GenBank		The Sixth People's Hospital of Zhengzhou, Center for Translational Medicine	China	Wei,S.,Huo,Y.	2021-08-01T00:00:00Z								Human alphaherpesvirus 3		10335
MZ466034.1			PARTIAL	1	China	Asia									Homo sapiens		9606	true				2017	VZVHN2017-10	blood		147				1		2021-08-01T00:00:00Z		GenBank		The Sixth People's Hospital of Zhengzhou, Center for Translational Medicine	China	Wei,S.,Huo,Y.	2021-08-01T00:00:00Z								Human alphaherpesvirus 3		10335
MZ466035.1			PARTIAL	1	China	Asia									Homo sapiens		9606	true				2017	VZVHN2017-11	blood		147				1		2021-08-01T00:00:00Z		GenBank		The Sixth People's Hospital of Zhengzhou, Center for Translational Medicine	China	Wei,S.,Huo,Y.	2021-08-01T00:00:00Z								Human alphaherpesvirus 3		10335
MZ466036.1			PARTIAL	1	China	Asia									Homo sapiens		9606	true				2017	VZVHN2017-12	blood		147				1		2021-08-01T00:00:00Z		GenBank		The Sixth People's Hospital of Zhengzhou, Center for Translational Medicine	China	Wei,S.,Huo,Y.	2021-08-01T00:00:00Z								Human alphaherpesvirus 3		10335
MZ466037.1			PARTIAL	1	China	Asia									Homo sapiens		9606	true				2017	VZVHN2017-13	blood		147				1		2021-08-01T00:00:00Z		GenBank		The Sixth People's Hospital of Zhengzhou, Center for Translational Medicine	China	Wei,S.,Huo,Y.	2021-08-01T00:00:00Z								Human alphaherpesvirus 3		10335
MZ466038.1			PARTIAL	1	China	Asia									Homo sapiens		9606	true				2017	VZVHN2017-14	lesion		147				1		2021-08-01T00:00:00Z		GenBank		The Sixth People's Hospital of Zhengzhou, Center for Translational Medicine	China	Wei,S.,Huo,Y.	2021-08-01T00:00:00Z								Human alphaherpesvirus 3		10335
MZ466039.1			PARTIAL	1	China	Asia									Homo sapiens		9606	true				2017	VZVHN2017-15	blood		147				1		2021-08-01T00:00:00Z		GenBank		The Sixth People's Hospital of Zhengzhou, Center for Translational Medicine	China	Wei,S.,Huo,Y.	2021-08-01T00:00:00Z								Human alphaherpesvirus 3		10335
MZ466040.1			PARTIAL	1	China	Asia									Homo sapiens		9606	true				2017	VZVHN2017-16	lesion		147				1		2021-08-01T00:00:00Z		GenBank		The Sixth People's Hospital of Zhengzhou, Center for Translational Medicine	China	Wei,S.,Huo,Y.	2021-08-01T00:00:00Z								Human alphaherpesvirus 3		10335
MZ466041.1			PARTIAL	1	China	Asia									Homo sapiens		9606	true				2017	VZVHN2017-17	oronasopharynx		147				1		2021-08-01T00:00:00Z		GenBank		The Sixth People's Hospital of Zhengzhou, Center for Translational Medicine	China	Wei,S.,Huo,Y.	2021-08-01T00:00:00Z								Human alphaherpesvirus 3		10335
MZ466042.1			PARTIAL	1	China	Asia									Homo sapiens		9606	true				2017	VZVHN2017-18	lesion		147				1		2021-08-01T00:00:00Z		GenBank		The Sixth People's Hospital of Zhengzhou, Center for Translational Medicine	China	Wei,S.,Huo,Y.	2021-08-01T00:00:00Z								Human alphaherpesvirus 3		10335
MZ466043.1			PARTIAL	1	China	Asia									Homo sapiens		9606	true				2017	VZVHN2017-19	blood		147				1		2021-08-01T00:00:00Z		GenBank		The Sixth People's Hospital of Zhengzhou, Center for Translational Medicine	China	Wei,S.,Huo,Y.	2021-08-01T00:00:00Z								Human alphaherpesvirus 3		10335
MZ466044.1			PARTIAL	1	China	Asia									Homo sapiens		9606	true				2017	VZVHN2017-20	cerebrospinal fluid		147				1		2021-08-01T00:00:00Z		GenBank		The Sixth People's Hospital of Zhengzhou, Center for Translational Medicine	China	Wei,S.,Huo,Y.	2021-08-01T00:00:00Z								Human alphaherpesvirus 3		10335
MZ466045.1			PARTIAL	1	China	Asia									Homo sapiens		9606	true				2017	VZVHN2017-21	lesion		147				1		2021-08-01T00:00:00Z		GenBank		The Sixth People's Hospital of Zhengzhou, Center for Translational Medicine	China	Wei,S.,Huo,Y.	2021-08-01T00:00:00Z								Human alphaherpesvirus 3		10335
MZ466046.1			PARTIAL	1	China	Asia									Homo sapiens		9606	true				2017	VZVHN2017-22	blood		147				1		2021-08-01T00:00:00Z		GenBank		The Sixth People's Hospital of Zhengzhou, Center for Translational Medicine	China	Wei,S.,Huo,Y.	2021-08-01T00:00:00Z								Human alphaherpesvirus 3		10335
MZ466047.1			PARTIAL	1	China	Asia									Homo sapiens		9606	true				2017	VZVHN2017-23	blood		147				1		2021-08-01T00:00:00Z		GenBank		The Sixth People's Hospital of Zhengzhou, Center for Translational Medicine	China	Wei,S.,Huo,Y.	2021-08-01T00:00:00Z								Human alphaherpesvirus 3		10335
MZ466048.1			PARTIAL	1	China	Asia									Homo sapiens		9606	true				2017	VZVHN2017-24	blood		147				1		2021-08-01T00:00:00Z		GenBank		The Sixth People's Hospital of Zhengzhou, Center for Translational Medicine	China	Wei,S.,Huo,Y.	2021-08-01T00:00:00Z								Human alphaherpesvirus 3		10335
MZ466049.1			PARTIAL	1	China	Asia									Homo sapiens		9606	true				2017	VZVHN2017-25	blood		147				1		2021-08-01T00:00:00Z		GenBank		The Sixth People's Hospital of Zhengzhou, Center for Translational Medicine	China	Wei,S.,Huo,Y.	2021-08-01T00:00:00Z								Human alphaherpesvirus 3		10335
MZ466050.1			PARTIAL	1	China	Asia									Homo sapiens		9606	true				2017	VZVHN2017-26	blood		147				1		2021-08-01T00:00:00Z		GenBank		The Sixth People's Hospital of Zhengzhou, Center for Translational Medicine	China	Wei,S.,Huo,Y.	2021-08-01T00:00:00Z								Human alphaherpesvirus 3		10335
MZ466051.1			PARTIAL	1	China	Asia									Homo sapiens		9606	true				2017	VZVHN2017-27	blood		147				1		2021-08-01T00:00:00Z		GenBank		The Sixth People's Hospital of Zhengzhou, Center for Translational Medicine	China	Wei,S.,Huo,Y.	2021-08-01T00:00:00Z								Human alphaherpesvirus 3		10335
MZ466052.1			PARTIAL	1	China	Asia									Homo sapiens		9606	true				2017	VZVHN2017-28	blood		147				1		2021-08-01T00:00:00Z		GenBank		The Sixth People's Hospital of Zhengzhou, Center for Translational Medicine	China	Wei,S.,Huo,Y.	2021-08-01T00:00:00Z								Human alphaherpesvirus 3		10335
MZ466053.1			PARTIAL	1	China	Asia									Homo sapiens		9606	true				2017	VZVHN2017-29	blood		147				1		2021-08-01T00:00:00Z		GenBank		The Sixth People's Hospital of Zhengzhou, Center for Translational Medicine	China	Wei,S.,Huo,Y.	2021-08-01T00:00:00Z								Human alphaherpesvirus 3		10335
MZ466054.1			PARTIAL	1	China	Asia									Homo sapiens		9606	true				2017	VZVHN2017-30	blood		147				1		2021-08-01T00:00:00Z		GenBank		The Sixth People's Hospital of Zhengzhou, Center for Translational Medicine	China	Wei,S.,Huo,Y.	2021-08-01T00:00:00Z								Human alphaherpesvirus 3		10335
MZ466055.1			PARTIAL	1	China	Asia									Homo sapiens		9606	true				2017	VZVHN2017-32	blood		147				1		2021-08-01T00:00:00Z		GenBank		The Sixth People's Hospital of Zhengzhou, Center for Translational Medicine	China	Wei,S.,Huo,Y.	2021-08-01T00:00:00Z								Human alphaherpesvirus 3		10335
MZ466056.1			PARTIAL	1	China	Asia									Homo sapiens		9606	true				2017	VZVHN2017-33	blood		147				1		2021-08-01T00:00:00Z		GenBank		The Sixth People's Hospital of Zhengzhou, Center for Translational Medicine	China	Wei,S.,Huo,Y.	2021-08-01T00:00:00Z								Human alphaherpesvirus 3		10335
MZ466057.1			PARTIAL	1	China	Asia									Homo sapiens		9606	true				2017	VZVHN2017-34	blood		147				1		2021-08-01T00:00:00Z		GenBank		The Sixth People's Hospital of Zhengzhou, Center for Translational Medicine	China	Wei,S.,Huo,Y.	2021-08-01T00:00:00Z								Human alphaherpesvirus 3		10335
MZ466058.1			PARTIAL	1	China	Asia									Homo sapiens		9606	true				2017	VZVHN2017-35	blood		147				1		2021-08-01T00:00:00Z		GenBank		The Sixth People's Hospital of Zhengzhou, Center for Translational Medicine	China	Wei,S.,Huo,Y.	2021-08-01T00:00:00Z								Human alphaherpesvirus 3		10335
MZ466059.1			PARTIAL	1	China	Asia									Homo sapiens		9606	true				2017	VZVHN2017-36	blood		147				1		2021-08-01T00:00:00Z		GenBank		The Sixth People's Hospital of Zhengzhou, Center for Translational Medicine	China	Wei,S.,Huo,Y.	2021-08-01T00:00:00Z								Human alphaherpesvirus 3		10335
MZ466060.1			PARTIAL	1	China	Asia									Homo sapiens		9606	true				2017	VZVHN2017-37	blood		147				1		2021-08-01T00:00:00Z		GenBank		The Sixth People's Hospital of Zhengzhou, Center for Translational Medicine	China	Wei,S.,Huo,Y.	2021-08-01T00:00:00Z								Human alphaherpesvirus 3		10335
MZ466061.1			PARTIAL	1	China	Asia									Homo sapiens		9606	true				2017	VZVHN2017-38	blood		147				1		2021-08-01T00:00:00Z		GenBank		The Sixth People's Hospital of Zhengzhou, Center for Translational Medicine	China	Wei,S.,Huo,Y.	2021-08-01T00:00:00Z								Human alphaherpesvirus 3		10335
MZ466062.1			PARTIAL	1	China	Asia									Homo sapiens		9606	true				2017	VZVHN2017-39	blood		147				1		2021-08-01T00:00:00Z		GenBank		The Sixth People's Hospital of Zhengzhou, Center for Translational Medicine	China	Wei,S.,Huo,Y.	2021-08-01T00:00:00Z								Human alphaherpesvirus 3		10335
MZ466063.1			PARTIAL	1	China	Asia									Homo sapiens		9606	true				2017	VZVHN2017-40	blood		147				1		2021-08-01T00:00:00Z		GenBank		The Sixth People's Hospital of Zhengzhou, Center for Translational Medicine	China	Wei,S.,Huo,Y.	2021-08-01T00:00:00Z								Human alphaherpesvirus 3		10335
MZ466064.1			PARTIAL	1	China	Asia									Homo sapiens		9606	true				2017	VZVHN2017-41	blood		147				1		2021-08-01T00:00:00Z		GenBank		The Sixth People's Hospital of Zhengzhou, Center for Translational Medicine	China	Wei,S.,Huo,Y.	2021-08-01T00:00:00Z								Human alphaherpesvirus 3		10335
MZ466065.1			PARTIAL	1	China	Asia									Homo sapiens		9606	true				2018	VZVHN2018-1	blood		147				1		2021-08-01T00:00:00Z		GenBank		The Sixth People's Hospital of Zhengzhou, Center for Translational Medicine	China	Wei,S.,Huo,Y.	2021-08-01T00:00:00Z								Human alphaherpesvirus 3		10335
MZ466066.1			PARTIAL	1	China	Asia									Homo sapiens		9606	true				2018	VZVHN2018-2	blood		147				1		2021-08-01T00:00:00Z		GenBank		The Sixth People's Hospital of Zhengzhou, Center for Translational Medicine	China	Wei,S.,Huo,Y.	2021-08-01T00:00:00Z								Human alphaherpesvirus 3		10335
MZ466067.1			PARTIAL	1	China	Asia									Homo sapiens		9606	true				2018	VZVHN2018-3	blood		147				1		2021-08-01T00:00:00Z		GenBank		The Sixth People's Hospital of Zhengzhou, Center for Translational Medicine	China	Wei,S.,Huo,Y.	2021-08-01T00:00:00Z								Human alphaherpesvirus 3		10335
MZ466068.1			PARTIAL	1	China	Asia									Homo sapiens		9606	true				2018	VZVHN2018-4	blood		147				1		2021-08-01T00:00:00Z		GenBank		The Sixth People's Hospital of Zhengzhou, Center for Translational Medicine	China	Wei,S.,Huo,Y.	2021-08-01T00:00:00Z								Human alphaherpesvirus 3		10335
MZ466069.1			PARTIAL	1	China	Asia									Homo sapiens		9606	true				2018	VZVHN2018-5	blood		147				1		2021-08-01T00:00:00Z		GenBank		The Sixth People's Hospital of Zhengzhou, Center for Translational Medicine	China	Wei,S.,Huo,Y.	2021-08-01T00:00:00Z								Human alphaherpesvirus 3		10335
MZ466070.1			PARTIAL	1	China	Asia									Homo sapiens		9606	true				2018	VZVHN2018-6	blood		147				1		2021-08-01T00:00:00Z		GenBank		The Sixth People's Hospital of Zhengzhou, Center for Translational Medicine	China	Wei,S.,Huo,Y.	2021-08-01T00:00:00Z								Human alphaherpesvirus 3		10335
MZ466071.1			PARTIAL	1	China	Asia									Homo sapiens		9606	true				2018	VZVHN2018-7	blood		147				1		2021-08-01T00:00:00Z		GenBank		The Sixth People's Hospital of Zhengzhou, Center for Translational Medicine	China	Wei,S.,Huo,Y.	2021-08-01T00:00:00Z								Human alphaherpesvirus 3		10335
MZ466072.1			PARTIAL	1	China	Asia									Homo sapiens		9606	true				2018	VZVHN2018-8	blood		147				1		2021-08-01T00:00:00Z		GenBank		The Sixth People's Hospital of Zhengzhou, Center for Translational Medicine	China	Wei,S.,Huo,Y.	2021-08-01T00:00:00Z								Human alphaherpesvirus 3		10335
MZ466073.1			PARTIAL	1	China	Asia									Homo sapiens		9606	true				2018	VZVHN2018-9	blood		147				1		2021-08-01T00:00:00Z		GenBank		The Sixth People's Hospital of Zhengzhou, Center for Translational Medicine	China	Wei,S.,Huo,Y.	2021-08-01T00:00:00Z								Human alphaherpesvirus 3		10335
MZ466074.1			PARTIAL	1	China	Asia									Homo sapiens		9606	true				2018	VZVHN2018-10	blood		147				1		2021-08-01T00:00:00Z		GenBank		The Sixth People's Hospital of Zhengzhou, Center for Translational Medicine	China	Wei,S.,Huo,Y.	2021-08-01T00:00:00Z								Human alphaherpesvirus 3		10335
MZ466075.1			PARTIAL	1	China	Asia									Homo sapiens		9606	true				2018	VZVHN2018-11	blood		147				1		2021-08-01T00:00:00Z		GenBank		The Sixth People's Hospital of Zhengzhou, Center for Translational Medicine	China	Wei,S.,Huo,Y.	2021-08-01T00:00:00Z								Human alphaherpesvirus 3		10335
MZ466076.1			PARTIAL	1	China	Asia									Homo sapiens		9606	true				2018	VZVHN2018-14	blood		147				1		2021-08-01T00:00:00Z		GenBank		The Sixth People's Hospital of Zhengzhou, Center for Translational Medicine	China	Wei,S.,Huo,Y.	2021-08-01T00:00:00Z								Human alphaherpesvirus 3		10335
MZ466077.1			PARTIAL	1	China	Asia									Homo sapiens		9606	true				2018	VZVHN2018-15	blood		147				1		2021-08-01T00:00:00Z		GenBank		The Sixth People's Hospital of Zhengzhou, Center for Translational Medicine	China	Wei,S.,Huo,Y.	2021-08-01T00:00:00Z								Human alphaherpesvirus 3		10335
MZ466078.1			PARTIAL	1	China	Asia									Homo sapiens		9606	true				2018	VZVHN2018-16	blood		147				1		2021-08-01T00:00:00Z		GenBank		The Sixth People's Hospital of Zhengzhou, Center for Translational Medicine	China	Wei,S.,Huo,Y.	2021-08-01T00:00:00Z								Human alphaherpesvirus 3		10335
MZ466079.1			PARTIAL	1	China	Asia									Homo sapiens		9606	true				2018	VZVHN2018-17	blood		147				1		2021-08-01T00:00:00Z		GenBank		The Sixth People's Hospital of Zhengzhou, Center for Translational Medicine	China	Wei,S.,Huo,Y.	2021-08-01T00:00:00Z								Human alphaherpesvirus 3		10335
MZ466080.1			PARTIAL	1	China	Asia									Homo sapiens		9606	true				2018	VZVHN2018-18	blood		147				1		2021-08-01T00:00:00Z		GenBank		The Sixth People's Hospital of Zhengzhou, Center for Translational Medicine	China	Wei,S.,Huo,Y.	2021-08-01T00:00:00Z								Human alphaherpesvirus 3		10335
MZ466081.1			PARTIAL	1	China	Asia									Homo sapiens		9606	true				2018	VZVHN2018-19	blood		147				1		2021-08-01T00:00:00Z		GenBank		The Sixth People's Hospital of Zhengzhou, Center for Translational Medicine	China	Wei,S.,Huo,Y.	2021-08-01T00:00:00Z								Human alphaherpesvirus 3		10335
MZ466082.1			PARTIAL	1	China	Asia									Homo sapiens		9606	true				2018	VZVHN2018-20	blood		147				1		2021-08-01T00:00:00Z		GenBank		The Sixth People's Hospital of Zhengzhou, Center for Translational Medicine	China	Wei,S.,Huo,Y.	2021-08-01T00:00:00Z								Human alphaherpesvirus 3		10335
MZ466083.1			PARTIAL	1	China	Asia									Homo sapiens		9606	true				2018	VZVHN2018-21	blood		147				1		2021-08-01T00:00:00Z		GenBank		The Sixth People's Hospital of Zhengzhou, Center for Translational Medicine	China	Wei,S.,Huo,Y.	2021-08-01T00:00:00Z								Human alphaherpesvirus 3		10335
MZ466084.1			PARTIAL	1	China	Asia									Homo sapiens		9606	true				2018	VZVHN2018-22	blood		147				1		2021-08-01T00:00:00Z		GenBank		The Sixth People's Hospital of Zhengzhou, Center for Translational Medicine	China	Wei,S.,Huo,Y.	2021-08-01T00:00:00Z								Human alphaherpesvirus 3		10335
MZ466085.1			PARTIAL	1	China	Asia									Homo sapiens		9606	true				2018	VZVHN2018-23	blood		147				1		2021-08-01T00:00:00Z		GenBank		The Sixth People's Hospital of Zhengzhou, Center for Translational Medicine	China	Wei,S.,Huo,Y.	2021-08-01T00:00:00Z								Human alphaherpesvirus 3		10335
MZ466086.1			PARTIAL	1	China	Asia									Homo sapiens		9606	true				2018	VZVHN2018-24	blood		147				1		2021-08-01T00:00:00Z		GenBank		The Sixth People's Hospital of Zhengzhou, Center for Translational Medicine	China	Wei,S.,Huo,Y.	2021-08-01T00:00:00Z								Human alphaherpesvirus 3		10335
MZ466087.1			PARTIAL	1	China	Asia									Homo sapiens		9606	true				2018	VZVHN2018-25	blood		147				1		2021-08-01T00:00:00Z		GenBank		The Sixth People's Hospital of Zhengzhou, Center for Translational Medicine	China	Wei,S.,Huo,Y.	2021-08-01T00:00:00Z								Human alphaherpesvirus 3		10335
MZ466088.1			PARTIAL	1	China	Asia									Homo sapiens		9606	true				2018	VZVHN2018-26	blood		147				1		2021-08-01T00:00:00Z		GenBank		The Sixth People's Hospital of Zhengzhou, Center for Translational Medicine	China	Wei,S.,Huo,Y.	2021-08-01T00:00:00Z								Human alphaherpesvirus 3		10335
MZ466089.1			PARTIAL	1	China	Asia									Homo sapiens		9606	true				2018	VZVHN2018-27	blood		147				1		2021-08-01T00:00:00Z		GenBank		The Sixth People's Hospital of Zhengzhou, Center for Translational Medicine	China	Wei,S.,Huo,Y.	2021-08-01T00:00:00Z								Human alphaherpesvirus 3		10335
MZ466090.1			PARTIAL	1	China	Asia									Homo sapiens		9606	true				2018	VZVHN2018-28	blood		147				1		2021-08-01T00:00:00Z		GenBank		The Sixth People's Hospital of Zhengzhou, Center for Translational Medicine	China	Wei,S.,Huo,Y.	2021-08-01T00:00:00Z								Human alphaherpesvirus 3		10335
MZ466091.1			PARTIAL	1	China	Asia									Homo sapiens		9606	true				2018	VZVHN2018-29	blood		147				1		2021-08-01T00:00:00Z		GenBank		The Sixth People's Hospital of Zhengzhou, Center for Translational Medicine	China	Wei,S.,Huo,Y.	2021-08-01T00:00:00Z								Human alphaherpesvirus 3		10335
MZ466092.1			PARTIAL	1	China	Asia									Homo sapiens		9606	true				2018	VZVHN2018-31	blood		147				1		2021-08-01T00:00:00Z		GenBank		The Sixth People's Hospital of Zhengzhou, Center for Translational Medicine	China	Wei,S.,Huo,Y.	2021-08-01T00:00:00Z								Human alphaherpesvirus 3		10335
MZ466093.1			PARTIAL	1	China	Asia									Homo sapiens		9606	true				2018	VZVHN2018-33	blood		147				1		2021-08-01T00:00:00Z		GenBank		The Sixth People's Hospital of Zhengzhou, Center for Translational Medicine	China	Wei,S.,Huo,Y.	2021-08-01T00:00:00Z								Human alphaherpesvirus 3		10335
MZ466094.1			PARTIAL	1	China	Asia									Homo sapiens		9606	true				2018	VZVHN2018-34	blood		147				1		2021-08-01T00:00:00Z		GenBank		The Sixth People's Hospital of Zhengzhou, Center for Translational Medicine	China	Wei,S.,Huo,Y.	2021-08-01T00:00:00Z								Human alphaherpesvirus 3		10335
MZ466095.1			PARTIAL	1	China	Asia									Homo sapiens		9606	true				2018	VZVHN2018-36	blood		147				1		2021-08-01T00:00:00Z		GenBank		The Sixth People's Hospital of Zhengzhou, Center for Translational Medicine	China	Wei,S.,Huo,Y.	2021-08-01T00:00:00Z								Human alphaherpesvirus 3		10335
MZ466096.1			PARTIAL	1	China	Asia									Homo sapiens		9606	true				2018	VZVHN2018-37	lesion		147				1		2021-08-01T00:00:00Z		GenBank		The Sixth People's Hospital of Zhengzhou, Center for Translational Medicine	China	Wei,S.,Huo,Y.	2021-08-01T00:00:00Z								Human alphaherpesvirus 3		10335
MZ466097.1			PARTIAL	1	China	Asia									Homo sapiens		9606	true				2018	VZVHN2018-39	blood		147				1		2021-08-01T00:00:00Z		GenBank		The Sixth People's Hospital of Zhengzhou, Center for Translational Medicine	China	Wei,S.,Huo,Y.	2021-08-01T00:00:00Z								Human alphaherpesvirus 3		10335
MZ466098.1			PARTIAL	1	China	Asia									Homo sapiens		9606	true				2018	VZVHN2018-40	blood		147				1		2021-08-01T00:00:00Z		GenBank		The Sixth People's Hospital of Zhengzhou, Center for Translational Medicine	China	Wei,S.,Huo,Y.	2021-08-01T00:00:00Z								Human alphaherpesvirus 3		10335
MZ466099.1			PARTIAL	1	China	Asia									Homo sapiens		9606	true				2018	VZVHN2018-41	blood		147				1		2021-08-01T00:00:00Z		GenBank		The Sixth People's Hospital of Zhengzhou, Center for Translational Medicine	China	Wei,S.,Huo,Y.	2021-08-01T00:00:00Z								Human alphaherpesvirus 3		10335
MZ466100.1			PARTIAL	1	China	Asia									Homo sapiens		9606	true				2018	VZVHN2018-42	blood		147				1		2021-08-01T00:00:00Z		GenBank		The Sixth People's Hospital of Zhengzhou, Center for Translational Medicine	China	Wei,S.,Huo,Y.	2021-08-01T00:00:00Z								Human alphaherpesvirus 3		10335
MZ466101.1			PARTIAL	1	China	Asia									Homo sapiens		9606	true				2018	VZVHN2018-43	blood		147				1		2021-08-01T00:00:00Z		GenBank		The Sixth People's Hospital of Zhengzhou, Center for Translational Medicine	China	Wei,S.,Huo,Y.	2021-08-01T00:00:00Z								Human alphaherpesvirus 3		10335
MZ466102.1			PARTIAL	1	China	Asia									Homo sapiens		9606	true				2018	VZVHN2018-44	blood		147				1		2021-08-01T00:00:00Z		GenBank		The Sixth People's Hospital of Zhengzhou, Center for Translational Medicine	China	Wei,S.,Huo,Y.	2021-08-01T00:00:00Z								Human alphaherpesvirus 3		10335
MZ466103.1			PARTIAL	1	China	Asia									Homo sapiens		9606	true				2018	VZVHN2018-45	blood		147				1		2021-08-01T00:00:00Z		GenBank		The Sixth People's Hospital of Zhengzhou, Center for Translational Medicine	China	Wei,S.,Huo,Y.	2021-08-01T00:00:00Z								Human alphaherpesvirus 3		10335
MZ466104.1			PARTIAL	1	China	Asia									Homo sapiens		9606	true				2018	VZVHN2018-46	oronasopharynx		147				1		2021-08-01T00:00:00Z		GenBank		The Sixth People's Hospital of Zhengzhou, Center for Translational Medicine	China	Wei,S.,Huo,Y.	2021-08-01T00:00:00Z								Human alphaherpesvirus 3		10335
MZ466105.1			PARTIAL	1	China	Asia									Homo sapiens		9606	true				2018	VZVHN2018-47	blood		147				1		2021-08-01T00:00:00Z		GenBank		The Sixth People's Hospital of Zhengzhou, Center for Translational Medicine	China	Wei,S.,Huo,Y.	2021-08-01T00:00:00Z								Human alphaherpesvirus 3		10335
MZ466106.1			PARTIAL	1	China	Asia									Homo sapiens		9606	true				2018	VZVHN2018-49	blood		147				1		2021-08-01T00:00:00Z		GenBank		The Sixth People's Hospital of Zhengzhou, Center for Translational Medicine	China	Wei,S.,Huo,Y.	2021-08-01T00:00:00Z								Human alphaherpesvirus 3		10335
MZ466107.1			PARTIAL	1	China	Asia									Homo sapiens		9606	true				2018	VZVHN2018-51	blood		147				1		2021-08-01T00:00:00Z		GenBank		The Sixth People's Hospital of Zhengzhou, Center for Translational Medicine	China	Wei,S.,Huo,Y.	2021-08-01T00:00:00Z								Human alphaherpesvirus 3		10335
MZ466108.1			PARTIAL	1	China	Asia									Homo sapiens		9606	true				2018	VZVHN2018-52	blood		147				1		2021-08-01T00:00:00Z		GenBank		The Sixth People's Hospital of Zhengzhou, Center for Translational Medicine	China	Wei,S.,Huo,Y.	2021-08-01T00:00:00Z								Human alphaherpesvirus 3		10335
MZ466109.1			PARTIAL	1	China	Asia									Homo sapiens		9606	true				2018	VZVHN2018-53	blood		147				1		2021-08-01T00:00:00Z		GenBank		The Sixth People's Hospital of Zhengzhou, Center for Translational Medicine	China	Wei,S.,Huo,Y.	2021-08-01T00:00:00Z								Human alphaherpesvirus 3		10335
MZ466110.1			PARTIAL	1	China	Asia									Homo sapiens		9606	true				2018	VZVHN2018-54	blood		147				1		2021-08-01T00:00:00Z		GenBank		The Sixth People's Hospital of Zhengzhou, Center for Translational Medicine	China	Wei,S.,Huo,Y.	2021-08-01T00:00:00Z								Human alphaherpesvirus 3		10335
MZ466111.1			PARTIAL	1	China	Asia									Homo sapiens		9606	true				2018	VZVHN2018-55	lesion		147				1		2021-08-01T00:00:00Z		GenBank		The Sixth People's Hospital of Zhengzhou, Center for Translational Medicine	China	Wei,S.,Huo,Y.	2021-08-01T00:00:00Z								Human alphaherpesvirus 3		10335
MZ466112.1			PARTIAL	1	China	Asia									Homo sapiens		9606	true				2018	VZVHN2018-56	oronasopharynx		147				1		2021-08-01T00:00:00Z		GenBank		The Sixth People's Hospital of Zhengzhou, Center for Translational Medicine	China	Wei,S.,Huo,Y.	2021-08-01T00:00:00Z								Human alphaherpesvirus 3		10335
MZ466113.1			PARTIAL	1	China	Asia									Homo sapiens		9606	true				2018	VZVHN2018-57	blood		147				1		2021-08-01T00:00:00Z		GenBank		The Sixth People's Hospital of Zhengzhou, Center for Translational Medicine	China	Wei,S.,Huo,Y.	2021-08-01T00:00:00Z								Human alphaherpesvirus 3		10335
MZ466114.1			PARTIAL	1	China	Asia									Homo sapiens		9606	true				2018	VZVHN2018-59	blood		147				1		2021-08-01T00:00:00Z		GenBank		The Sixth People's Hospital of Zhengzhou, Center for Translational Medicine	China	Wei,S.,Huo,Y.	2021-08-01T00:00:00Z								Human alphaherpesvirus 3		10335
MZ466115.1			PARTIAL	1	China	Asia									Homo sapiens		9606	true				2018	VZVHN2018-60	blood		147				1		2021-08-01T00:00:00Z		GenBank		The Sixth People's Hospital of Zhengzhou, Center for Translational Medicine	China	Wei,S.,Huo,Y.	2021-08-01T00:00:00Z								Human alphaherpesvirus 3		10335
MZ466116.1			PARTIAL	1	China	Asia									Homo sapiens		9606	true				2018	VZVHN2018-61	blood		147				1		2021-08-01T00:00:00Z		GenBank		The Sixth People's Hospital of Zhengzhou, Center for Translational Medicine	China	Wei,S.,Huo,Y.	2021-08-01T00:00:00Z								Human alphaherpesvirus 3		10335
MZ466117.1			PARTIAL	1	China	Asia									Homo sapiens		9606	true				2018	VZVHN2018-62	blood		147				1		2021-08-01T00:00:00Z		GenBank		The Sixth People's Hospital of Zhengzhou, Center for Translational Medicine	China	Wei,S.,Huo,Y.	2021-08-01T00:00:00Z								Human alphaherpesvirus 3		10335
MZ466118.1			PARTIAL	1	China	Asia									Homo sapiens		9606	true				2018	VZVHN2018-63	blood		147				1		2021-08-01T00:00:00Z		GenBank		The Sixth People's Hospital of Zhengzhou, Center for Translational Medicine	China	Wei,S.,Huo,Y.	2021-08-01T00:00:00Z								Human alphaherpesvirus 3		10335
MZ466119.1			PARTIAL	1	China	Asia									Homo sapiens		9606	true				2018	VZVHN2018-64	blood		147				1		2021-08-01T00:00:00Z		GenBank		The Sixth People's Hospital of Zhengzhou, Center for Translational Medicine	China	Wei,S.,Huo,Y.	2021-08-01T00:00:00Z								Human alphaherpesvirus 3		10335
MZ466120.1			PARTIAL	1	China	Asia									Homo sapiens		9606	true				2018	VZVHN2018-65	blood		147				1		2021-08-01T00:00:00Z		GenBank		The Sixth People's Hospital of Zhengzhou, Center for Translational Medicine	China	Wei,S.,Huo,Y.	2021-08-01T00:00:00Z								Human alphaherpesvirus 3		10335
MZ466121.1			PARTIAL	1	China	Asia									Homo sapiens		9606	true				2018	VZVHN2018-67	blood		147				1		2021-08-01T00:00:00Z		GenBank		The Sixth People's Hospital of Zhengzhou, Center for Translational Medicine	China	Wei,S.,Huo,Y.	2021-08-01T00:00:00Z								Human alphaherpesvirus 3		10335
MZ466122.1			PARTIAL	1	China	Asia									Homo sapiens		9606	true				2018	VZVHN2018-68	blood		147				1		2021-08-01T00:00:00Z		GenBank		The Sixth People's Hospital of Zhengzhou, Center for Translational Medicine	China	Wei,S.,Huo,Y.	2021-08-01T00:00:00Z								Human alphaherpesvirus 3		10335
MZ466123.1			PARTIAL	1	China	Asia									Homo sapiens		9606	true				2018	VZVHN2018-69	blood		147				1		2021-08-01T00:00:00Z		GenBank		The Sixth People's Hospital of Zhengzhou, Center for Translational Medicine	China	Wei,S.,Huo,Y.	2021-08-01T00:00:00Z								Human alphaherpesvirus 3		10335
MZ466124.1			PARTIAL	1	China	Asia									Homo sapiens		9606	true				2018	VZVHN2018-71	blood		147				1		2021-08-01T00:00:00Z		GenBank		The Sixth People's Hospital of Zhengzhou, Center for Translational Medicine	China	Wei,S.,Huo,Y.	2021-08-01T00:00:00Z								Human alphaherpesvirus 3		10335
MZ466125.1			PARTIAL	1	China	Asia									Homo sapiens		9606	true				2018	VZVHN2018-72	blood		147				1		2021-08-01T00:00:00Z		GenBank		The Sixth People's Hospital of Zhengzhou, Center for Translational Medicine	China	Wei,S.,Huo,Y.	2021-08-01T00:00:00Z								Human alphaherpesvirus 3		10335
MZ466126.1			PARTIAL	1	China	Asia									Homo sapiens		9606	true				2018	VZVHN2018-73	blood		147				1		2021-08-01T00:00:00Z		GenBank		The Sixth People's Hospital of Zhengzhou, Center for Translational Medicine	China	Wei,S.,Huo,Y.	2021-08-01T00:00:00Z								Human alphaherpesvirus 3		10335
MZ466127.1			PARTIAL	1	China	Asia									Homo sapiens		9606	true				2018	VZVHN2018-74	blood		147				1		2021-08-01T00:00:00Z		GenBank		The Sixth People's Hospital of Zhengzhou, Center for Translational Medicine	China	Wei,S.,Huo,Y.	2021-08-01T00:00:00Z								Human alphaherpesvirus 3		10335
MZ466128.1			PARTIAL	1	China	Asia									Homo sapiens		9606	true				2018	VZVHN2018-75	blood		147				1		2021-08-01T00:00:00Z		GenBank		The Sixth People's Hospital of Zhengzhou, Center for Translational Medicine	China	Wei,S.,Huo,Y.	2021-08-01T00:00:00Z								Human alphaherpesvirus 3		10335
MZ466129.1			PARTIAL	1	China	Asia									Homo sapiens		9606	true				2018	VZVHN2018-76	blood		147				1		2021-08-01T00:00:00Z		GenBank		The Sixth People's Hospital of Zhengzhou, Center for Translational Medicine	China	Wei,S.,Huo,Y.	2021-08-01T00:00:00Z								Human alphaherpesvirus 3		10335
MZ466130.1			PARTIAL	1	China	Asia									Homo sapiens		9606	true				2018	VZVHN2018-77	blood		147				1		2021-08-01T00:00:00Z		GenBank		The Sixth People's Hospital of Zhengzhou, Center for Translational Medicine	China	Wei,S.,Huo,Y.	2021-08-01T00:00:00Z								Human alphaherpesvirus 3		10335
MZ466131.1			PARTIAL	1	China	Asia									Homo sapiens		9606	true				2018	VZVHN2018-78	blood		147				1		2021-08-01T00:00:00Z		GenBank		The Sixth People's Hospital of Zhengzhou, Center for Translational Medicine	China	Wei,S.,Huo,Y.	2021-08-01T00:00:00Z								Human alphaherpesvirus 3		10335
MZ466132.1			PARTIAL	1	China	Asia									Homo sapiens		9606	true				2018	VZVHN2018-79	blood		147				1		2021-08-01T00:00:00Z		GenBank		The Sixth People's Hospital of Zhengzhou, Center for Translational Medicine	China	Wei,S.,Huo,Y.	2021-08-01T00:00:00Z								Human alphaherpesvirus 3		10335
MZ466133.1			PARTIAL	1	China	Asia									Homo sapiens		9606	true				2018	VZVHN2018-80	blood		147				1		2021-08-01T00:00:00Z		GenBank		The Sixth People's Hospital of Zhengzhou, Center for Translational Medicine	China	Wei,S.,Huo,Y.	2021-08-01T00:00:00Z								Human alphaherpesvirus 3		10335
MZ466134.1			PARTIAL	1	China	Asia									Homo sapiens		9606	true				2018	VZVHN2018-81	blood		147				1		2021-08-01T00:00:00Z		GenBank		The Sixth People's Hospital of Zhengzhou, Center for Translational Medicine	China	Wei,S.,Huo,Y.	2021-08-01T00:00:00Z								Human alphaherpesvirus 3		10335
MZ466135.1			PARTIAL	1	China	Asia									Homo sapiens		9606	true				2018	VZVHN2018-82	blood		147				1		2021-08-01T00:00:00Z		GenBank		The Sixth People's Hospital of Zhengzhou, Center for Translational Medicine	China	Wei,S.,Huo,Y.	2021-08-01T00:00:00Z								Human alphaherpesvirus 3		10335
MZ466136.1			PARTIAL	1	China	Asia									Homo sapiens		9606	true				2018	VZVHN2018-83	blood		147				1		2021-08-01T00:00:00Z		GenBank		The Sixth People's Hospital of Zhengzhou, Center for Translational Medicine	China	Wei,S.,Huo,Y.	2021-08-01T00:00:00Z								Human alphaherpesvirus 3		10335
NC_001348.1	PRJNA485481		COMPLETE	73											Homo sapiens		9606	true					Dumas			124884				73		1987-09-19T00:00:00Z	Unknown	RefSeq		National Center for Biotechnology Information, NIH	USA	Davison,A.J.,Scott,J.E.	2018-08-13T00:00:00Z								Human alphaherpesvirus 3		10335
OF335866.1			PARTIAL																							979						2022-05-21T00:00:00Z		GenBank				Engel,E.,Maturana,C.,Enquist,L.	2022-05-21T00:00:00Z								Human alphaherpesvirus 3		10335
OL311042.1			PARTIAL	72	Ghana	Africa									Homo sapiens		9606	true				2019-08-22	PD08			123774				72		2022-08-09T00:00:00Z		GenBank		Charite - Universitatsmedizin Berlin, Institute of Virology	Germany	El-Duah,P.,Sylverken,A.A.,Owusu,M.,Amoako,Y.A.,Yeboah,R.,Gorman,R.,Nyarko-Afriyie,E.,Schneider,J.,Jones,T.C.,Bonney,J.,Adade,T.,Yeboah,E.S.,Binger,T.,Corman,V.M.,Drosten,C.,Phillips,R.O.	2022-08-09T00:00:00Z								Human alphaherpesvirus 3		10335
ON023029.1			PARTIAL	69	Finland	Europe									Homo sapiens		9606	true				2015	AA-42	skin		124854				70		2023-01-14T00:00:00Z		GenBank		University of Helsinki, Department of Virology	Finland	Pyoria,L.,Pratas,D.,Toppinen,M.,Hedman,K.,Sajantila,A.,Perdomo,M.F.	2023-03-28T00:00:00Z								Human alphaherpesvirus 3		10335
OP256020.1			PARTIAL	1	India	Asia									Homo sapiens		9606	true				2022	VZVs/Dadra&NagarHaveli.IND/30.22			326				1		2023-04-03T00:00:00Z		GenBank		National Institute of Virology, Virus Registry and Virus Repository	India	Vaidya,S.R.,Kamble,M.B.,Khan,V.	2023-04-03T00:00:00Z								Human alphaherpesvirus 3		10335
OP562990.1			PARTIAL	1	Pakistan	Asia									Homo sapiens		9606	true				2021-02-08	qau_mic_MML22s M1			351				1		2023-09-06T00:00:00Z		GenBank		Quaid-I-Azam University, Islamabad, Microbiology	Pakistan	Hanif,S.,Faryal,R.,Rana,M.S.	2023-09-06T00:00:00Z								Human alphaherpesvirus 3		10335
OP610708.1			PARTIAL	1	Pakistan	Asia									Homo sapiens		9606	true				2021-03-08	RfShqauPK23s/2021			368				1		2024-09-20T00:00:00Z		GenBank		Quaid-i-azam University, Islamabad, Microbiology	Pakistan	Hanif,S.,Faryal,R.	2024-09-20T00:00:00Z								Human alphaherpesvirus 3		10335
OP946971.1			PARTIAL	1	Pakistan	Asia									Homo sapiens		9606	true				2019-12-05	RfShqau3s/2019			344				1		2024-09-20T00:00:00Z		GenBank		Quaid-i-azam University, Islamabad, Microbiology	Pakistan	Hanif,S.,Faryal,R.	2024-09-20T00:00:00Z								Human alphaherpesvirus 3		10335
OP946972.1			PARTIAL	1	Pakistan	Asia									Homo sapiens		9606	true				2019-01-13	RfShqau9s/2019			365				1		2024-09-20T00:00:00Z		GenBank		Quaid-i-azam University, Islamabad, Microbiology	Pakistan	Hanif,S.,Faryal,R.	2024-09-20T00:00:00Z								Human alphaherpesvirus 3		10335
OP946973.1			PARTIAL	1	Pakistan	Asia									Homo sapiens		9606	true				2021-06-28	RfShqau81s/2021			373				1		2024-09-20T00:00:00Z		GenBank		Quaid-i-azam University, Islamabad, Microbiology	Pakistan	Hanif,S.,Faryal,R.	2024-09-20T00:00:00Z								Human alphaherpesvirus 3		10335
OP946974.1			PARTIAL	1	Pakistan	Asia									Homo sapiens		9606	true				2019-01-21	RfShqau10s/2019			374				1		2024-09-20T00:00:00Z		GenBank		Quaid-i-azam University, Islamabad, Microbiology	Pakistan	Hanif,S.,Faryal,R.	2024-09-20T00:00:00Z								Human alphaherpesvirus 3		10335
OP985180.1			PARTIAL	1	Pakistan	Asia									Homo sapiens		9606	true				2021-06-28	RfShqauPK72s/2021			363				1		2024-09-20T00:00:00Z		GenBank		Quaid-i-azam University, Islamabad, Microbiology	Pakistan	Hanif,S.,Faryal,R.	2024-09-20T00:00:00Z								Human alphaherpesvirus 3		10335
OP985181.1			PARTIAL	1	Pakistan	Asia									Homo sapiens		9606	true				2021-06-22	RfShqauPK74s/2021			340				1		2024-09-20T00:00:00Z		GenBank		Quaid-i-azam University, Islamabad, Microbiology	Pakistan	Hanif,S.,Faryal,R.	2024-09-20T00:00:00Z								Human alphaherpesvirus 3		10335
OP985182.1			PARTIAL	1	Pakistan	Asia									Homo sapiens		9606	true				2021-06-23	RfShqauPK77s/2021			339				1		2024-09-20T00:00:00Z		GenBank		Quaid-i-azam University, Islamabad, Microbiology	Pakistan	Hanif,S.,Faryal,R.	2024-09-20T00:00:00Z								Human alphaherpesvirus 3		10335
OP985183.1			PARTIAL	1	Pakistan	Asia									Homo sapiens		9606	true				2021-07-06	RfShqauPK87s/2021			371				1		2024-09-20T00:00:00Z		GenBank		Quaid-i-azam University, Islamabad, Microbiology	Pakistan	Hanif,S.,Faryal,R.	2024-09-20T00:00:00Z								Human alphaherpesvirus 3		10335
OQ032502.1			PARTIAL	1	Pakistan	Asia									Homo sapiens		9606	true				2021-03-08	RfShqauPK25s/2021			380				1		2024-09-20T00:00:00Z		GenBank		Quaid-i-azam University, Islamabad, Microbiology	Pakistan	Hanif,S.,Faryal,R.	2024-09-20T00:00:00Z								Human alphaherpesvirus 3		10335
OQ032503.1			PARTIAL	1	Pakistan	Asia									Homo sapiens		9606	true				2020-01-29	RfShqau11s/2020			367				1		2024-09-20T00:00:00Z		GenBank		Quaid-i-azam University, Islamabad, Microbiology	Pakistan	Hanif,S.,Faryal,R.	2024-09-20T00:00:00Z								Human alphaherpesvirus 3		10335
OQ184698.1			PARTIAL	1	India	Asia									Homo sapiens		9606	true				2019-01-23	VZVs/Dadra&NagarHaveli.IND/4.19/1/1920015			3836				1		2023-06-07T00:00:00Z		GenBank		National Institute of Virology, Virus Registry and Virus Repository	India	Vaidya,S.R.,Kamble,M.B.,Tilavat,S.M.	2023-06-07T00:00:00Z								Human alphaherpesvirus 3		10335
OQ184699.1			PARTIAL	1	India	Asia									Homo sapiens		9606	true				2016-12-14	VZVs/Dadra&NagarHaveli.IND/49.16/1619691			3819				1		2023-06-07T00:00:00Z		GenBank		National Institute of Virology, Virus Registry and Virus Repository	India	Vaidya,S.R.,Kamble,M.B.,Tilavat,S.M.	2023-06-07T00:00:00Z								Human alphaherpesvirus 3		10335
OQ184700.1			PARTIAL	1	India	Asia									Homo sapiens		9606	true				2016-12-14	VZVs/Dadra&NagarHaveli.IND/50.16/5/1619700			3831				1		2023-06-07T00:00:00Z		GenBank		National Institute of Virology, Virus Registry and Virus Repository	India	Vaidya,S.R.,Kamble,M.B.,Tilavat,S.M.	2023-06-07T00:00:00Z								Human alphaherpesvirus 3		10335
OQ184701.1			PARTIAL	1	India	Asia									Homo sapiens		9606	true				2016-12-27	VZVs/Dadra&NagarHaveli.IND/52.16/1/1620342			3825				1		2023-06-07T00:00:00Z		GenBank		National Institute of Virology, Virus Registry and Virus Repository	India	Vaidya,S.R.,Kamble,M.B.,Tilavat,S.M.	2023-06-07T00:00:00Z								Human alphaherpesvirus 3		10335
OQ184702.1			PARTIAL	1	India	Asia									Homo sapiens		9606	true				2016-12-27	VZVs/Dadra&NagarHaveli.IND/52.16/2/1620343			3848				1		2023-06-07T00:00:00Z		GenBank		National Institute of Virology, Virus Registry and Virus Repository	India	Vaidya,S.R.,Kamble,M.B.,Tilavat,S.M.	2023-06-07T00:00:00Z								Human alphaherpesvirus 3		10335
OQ184703.1			PARTIAL	1	India	Asia									Homo sapiens		9606	true				2019-01-23	VZVs/Dadra&NagarHaveli.IND/4.19/3/1920020			3850				1		2023-06-07T00:00:00Z		GenBank		National Institute of Virology, Virus Registry and Virus Repository	India	Vaidya,S.R.,Kamble,M.B.,Tilavat,S.M.	2023-06-07T00:00:00Z								Human alphaherpesvirus 3		10335
OQ184704.1			PARTIAL	1	India	Asia									Homo sapiens		9606	true				2019-01-23	VZVs/Dadra&NagarHaveli.IND/4.19/2/1920019			3853				1		2023-06-07T00:00:00Z		GenBank		National Institute of Virology, Virus Registry and Virus Repository	India	Vaidya,S.R.,Kamble,M.B.,Tilavat,S.M.	2023-06-07T00:00:00Z								Human alphaherpesvirus 3		10335
OQ184705.1			PARTIAL	1	India	Asia									Homo sapiens		9606	true				2019-01-23	VZVs/Dadra&NagarHaveli.IND/4.19/4/1920021			3855				1		2023-06-07T00:00:00Z		GenBank		National Institute of Virology, Virus Registry and Virus Repository	India	Vaidya,S.R.,Kamble,M.B.,Tilavat,S.M.	2023-06-07T00:00:00Z								Human alphaherpesvirus 3		10335
OQ184706.1			PARTIAL	1	India	Asia									Homo sapiens		9606	true				2019-01-23	VZVs/Dadra&NagarHaveli.IND/4.19/5/1920022			3867				1		2023-06-07T00:00:00Z		GenBank		National Institute of Virology, Virus Registry and Virus Repository	India	Vaidya,S.R.,Kamble,M.B.,Tilavat,S.M.	2023-06-07T00:00:00Z								Human alphaherpesvirus 3		10335
OQ184707.1			PARTIAL	1	India	Asia									Homo sapiens		9606	true				2016-12-14	VZVs/Dadra&NagarHaveli.IND/50.16/1/1619694			3827				1		2023-06-07T00:00:00Z		GenBank		National Institute of Virology, Virus Registry and Virus Repository	India	Vaidya,S.R.,Kamble,M.B.,Tilavat,S.M.	2023-06-07T00:00:00Z								Human alphaherpesvirus 3		10335
OQ184708.1			PARTIAL	1	India	Asia									Homo sapiens		9606	true				2016-12-14	VZVs/Dadra&NagarHaveli.IND/50.16/2/1619697			3831				1		2023-06-07T00:00:00Z		GenBank		National Institute of Virology, Virus Registry and Virus Repository	India	Vaidya,S.R.,Kamble,M.B.,Tilavat,S.M.	2023-06-07T00:00:00Z								Human alphaherpesvirus 3		10335
OQ414643.1			PARTIAL	1	India	Asia									Homo sapiens		9606	true				2017	VZVCOLON01A/17 SRIHER			537				1		2023-07-03T00:00:00Z	ORF 68	GenBank		Sri Ramachandra Medical College and Research institute, Microbiology	India	Arumugam,I.,Mani,M.,Krishnasamy,K.,Shankar,V.,Srikanth,P.	2023-07-03T00:00:00Z								Human alphaherpesvirus 3		10335
OQ414644.1			PARTIAL	1	India	Asia									Homo sapiens		9606	true				2017	VZVCOLON01B/17 SRIHER			630				1		2023-07-03T00:00:00Z	ORF 68	GenBank		Sri Ramachandra Medical College and Research institute, Microbiology	India	Arumugam,I.,Mani,M.,Shankar,V.,Krishnasamy,K.,Srikanth,P.	2023-07-03T00:00:00Z								Human alphaherpesvirus 3		10335
OQ414645.1			PARTIAL	1	India	Asia									Homo sapiens		9606	true				2017	VZVCOLON01C/17 SRIHER			665				1		2023-07-03T00:00:00Z	ORF 68	GenBank		Sri Ramachandra Medical College and Research institute, Microbiology	India	Arumugam,I.,Mani,M.,Shankar,V.,Krishnasamy,K.,Srikanth,P.	2023-07-03T00:00:00Z								Human alphaherpesvirus 3		10335
OQ414646.1			PARTIAL	1	India	Asia									Homo sapiens		9606	true				2017	VZVCOLON01D/17 SRIHER			180				1		2023-07-03T00:00:00Z	ORF 68	GenBank		Sri Ramachandra Medical College and Research institute, Microbiology	India	Arumugam,I.,Mani,M.,Shankar,V.,Krishnasamy,K.,Srikanth,P.	2023-07-03T00:00:00Z								Human alphaherpesvirus 3		10335
OQ414647.1			PARTIAL	1	India	Asia									Homo sapiens		9606	true				2017	VZVCOLON02A/17 SRIHER			537				1		2023-07-03T00:00:00Z	ORF 68	GenBank		Sri Ramachandra Medical College and Research institute, Microbiology	India	Arumugam,I.,Mani,M.,Shankar,V.,Krishnasamy,K.,Srikanth,P.	2023-07-03T00:00:00Z								Human alphaherpesvirus 3		10335
OQ414648.1			PARTIAL	1	India	Asia									Homo sapiens		9606	true				2017	VZVCOLON02C/17 SRIHER			681				1		2023-07-03T00:00:00Z	ORF 68	GenBank		Sri Ramachandra Medical College and Research institute, Microbiology	India	Arumugam,I.,Mani,M.,Shankar,V.,Krishnasamy,K.,Srikanth,P.	2023-07-03T00:00:00Z								Human alphaherpesvirus 3		10335
OQ414649.1			PARTIAL	1	India	Asia									Homo sapiens		9606	true				2017	VZVCOLON02D/17 SRIHER			180				1		2023-07-03T00:00:00Z	ORF 68	GenBank		Sri Ramachandra Medical College and Research institute, Microbiology	India	Arumugam,I.,Mani,M.,Shankar,V.,Krishnasamy,K.,Srikanth,P.	2023-07-03T00:00:00Z								Human alphaherpesvirus 3		10335
OQ414650.1			PARTIAL	1	India	Asia									Homo sapiens		9606	true				2016	VZVCSF01A/17 SRIHER	cerebrospinal fluid		495				1		2023-07-03T00:00:00Z	ORF 68	GenBank		Sri Ramachandra Medical College and Research institute, Microbiology	India	Arumugam,I.,Mani,M.,Shankar,V.,Krishnasamy,K.,Srikanth,P.	2023-07-03T00:00:00Z								Human alphaherpesvirus 3		10335
OQ414651.1			PARTIAL	1	India	Asia									Homo sapiens		9606	true				2016	VZVCSF01B/17 SRIHER	cerebrospinal fluid		584				1		2023-07-03T00:00:00Z	ORF 68	GenBank		Sri Ramachandra Medical College and Research institute, Microbiology	India	Arumugam,I.,Mani,M.,Shankar,V.,Krishnasamy,K.,Srikanth,P.	2023-07-03T00:00:00Z								Human alphaherpesvirus 3		10335
OQ414652.1			PARTIAL	1	India	Asia									Homo sapiens		9606	true				2016	VZVCSF01C/16 SRIHER	cerebrospinal fluid		636				1		2023-07-03T00:00:00Z	ORF 68	GenBank		Sri Ramachandra Medical College and Research institute, Microbiology	India	Arumugam,I.,Mani,M.,Shankar,V.,Krishnasamy,K.,Srikanth,P.	2023-07-03T00:00:00Z								Human alphaherpesvirus 3		10335
OQ414653.1			PARTIAL	1	India	Asia									Homo sapiens		9606	true				2016	VZVCSF01D/16 SRIHER	cerebrospinal fluid		180				1		2023-07-03T00:00:00Z	ORF 68	GenBank		Sri Ramachandra Medical College and Research institute, Microbiology	India	Arumugam,I.,Mani,M.,Shankar,V.,Krishnasamy,K.,Srikanth,P.	2023-07-03T00:00:00Z								Human alphaherpesvirus 3		10335
OQ427944.1			COMPLETE	73	India: Karnataka	Asia									Homo sapiens		9606	true				2022-07-27	MCL-22-H-5851_661			124803				73		2023-07-01T00:00:00Z		GenBank		National Institute of Virology, Maximum Containment Laboratory	India	Yadav,P.D.	2023-07-01T00:00:00Z								Human alphaherpesvirus 3		10335
OQ454913.1			COMPLETE	73	India: Jharkhand	Asia									Homo sapiens		9606	true				2022-08-13	MCL-22-H-6234_663			124775				73		2023-07-03T00:00:00Z		GenBank		National Institute of Virology, Maximum Containment Laboratory	India	Yadav,P.D.	2023-07-03T00:00:00Z								Human alphaherpesvirus 3		10335
OQ541848.1			PARTIAL	1	India	Asia									Homo sapiens		9606	true				2021-04-05	PGIMER/Viro/VZV/2021/01	lesion		390				1		2023-07-10T00:00:00Z		GenBank		PGIMER, Virology	India	Gupta,S.,Thakur,V.,Kanta,P.,Goyal,K.,Mahajan,R.,Singh,M.P.	2023-07-10T00:00:00Z								Human alphaherpesvirus 3		10335
OQ709130.1			PARTIAL	73	India:Meghalaya	Asia									Homo sapiens		9606	true				2022-10-07	MCL-22-H-6995_709			124793				73		2023-07-25T00:00:00Z		GenBank		National Institue of Virology, Maximum Containment Laboratory	India	Yadav,P.D.	2023-07-25T00:00:00Z								Human alphaherpesvirus 3		10335
OQ709131.1			PARTIAL	73	India:Uttar Pradesh	Asia									Homo sapiens		9606	true				2022-08-13	MCL-22-H-6557_673			124787				73		2023-07-25T00:00:00Z		GenBank		National Institue of Virology, Maximum Containment Laboratory	India	Yadav,P.D.	2023-07-25T00:00:00Z								Human alphaherpesvirus 3		10335
OQ709132.1			PARTIAL	73	India	Asia									Homo sapiens		9606	true				2022-05-31	MCL-22-H-6-4354_DNA-617			124862				73		2023-07-25T00:00:00Z		GenBank		National Institue of Virology, Maximum Containment Laboratory	India	Yadav,P.	2023-07-25T00:00:00Z								Human alphaherpesvirus 3		10335
OQ718929.1			COMPLETE	73	India	Asia									Homo sapiens		9606	true				2022-06-21	MCL-22-H-13-4903	urine		124859				73		2023-07-25T00:00:00Z		GenBank		National Institue of Virology, Maximum Containment Laboratory	India	Yadav,P.	2023-07-25T00:00:00Z								Human alphaherpesvirus 3		10335
OQ723678.1			COMPLETE	73	India:Maharashtra	Asia									Homo sapiens		9606	true				2022-11-15	MCL-22-H-7245_822			124881				73		2023-07-25T00:00:00Z		GenBank		National Institue of Virology, Maximum Containment Laboratory	India	Yadav,P.D.	2023-07-25T00:00:00Z								Human alphaherpesvirus 3		10335
OQ723679.1			PARTIAL	73	India	Asia									Homo sapiens		9606	true				2022-07	MCL-22-H-19-5423_DNA-639			124868				73		2023-07-25T00:00:00Z		GenBank		National Institue of Virology, Maximum Containment Laboratory	India	Yadav,P.	2023-07-25T00:00:00Z								Human alphaherpesvirus 3		10335
OQ835716.1			COMPLETE	73	India:New Delhi	Asia									Homo sapiens		9606	true				2022-08-07	MCL-22-H-6083_600			124889				73		2023-07-25T00:00:00Z		GenBank		National Institue of Virology, Maximum Containment Laboratory	India	Yadav,P.D.	2023-07-25T00:00:00Z								Human alphaherpesvirus 3		10335
OQ835718.1			PARTIAL	73	India	Asia									Homo sapiens		9606	true				2022-07-26	MCL-22-H-34-5720_DNA-648			124877				73		2023-07-25T00:00:00Z		GenBank		National Institue of Virology, Maximum Containment Laboratory	India	Yadav,P.	2023-07-25T00:00:00Z								Human alphaherpesvirus 3		10335
OQ835719.1			PARTIAL	73	India	Asia									Homo sapiens		9606	true				2022-07-26	MCL-22-H-41-5820_DNA-656			124842				73		2023-07-25T00:00:00Z		GenBank		National Institue of Virology, Maximum Containment Laboratory	India	Yadav,P.	2023-07-25T00:00:00Z								Human alphaherpesvirus 3		10335
OQ835720.1			PARTIAL	73	India	Asia									Homo sapiens		9606	true				2022-07-29	MCL-22-H-43-5830_DNA-658	lesion		124821				73		2023-07-25T00:00:00Z		GenBank		National Institue of Virology, Maximum Containment Laboratory	India	Yadav,P.	2023-07-25T00:00:00Z								Human alphaherpesvirus 3		10335
OQ835721.1			PARTIAL	73	India:Delhi	Asia									Homo sapiens		9606	true				2022-09-21	MCL-22-H-6593_668			124453				73		2023-07-25T00:00:00Z		GenBank		National Institue of Virology, Maximum Containment Laboratory	India	Yadav,P.D.	2023-07-25T00:00:00Z								Human alphaherpesvirus 3		10335
OQ835722.1			PARTIAL	73	India:Maharashtra	Asia									Homo sapiens		9606	true				2022-07-28	MCL-22-H-6026_662			124673				73		2023-07-25T00:00:00Z		GenBank		National Institue of Virology, Maximum Containment Laboratory	India	Yadav,P.D.	2023-07-25T00:00:00Z								Human alphaherpesvirus 3		10335
OQ871571.1			COMPLETE	75	Spain	Europe									Homo sapiens		9606	true				2012-01-31	PTA38	blood		117446				75		2023-08-15T00:00:00Z		GenBank		Instituto de Salud Carlos III, Centro Nacional de Microbiologia	Spain	Tarrago,D.	2023-08-15T00:00:00Z								Human alphaherpesvirus 3		10335
OQ916049.1			COMPLETE	73	India	Asia									Homo sapiens		9606	true				2022-07-17	MCL-22-H-22-5441_DNA_643			124822				51		2023-09-20T00:00:00Z		GenBank		National Institue of Virology, Maximum Containment Laboratory	India	Yadav,P.	2023-09-20T00:00:00Z								Human alphaherpesvirus 3		10335
OQ916050.1			COMPLETE	73	India	Asia									Homo sapiens		9606	true				2022-07-27	MCL-22-H-32-5616_DNA_644			124889				73		2023-09-20T00:00:00Z		GenBank		National Institue of Virology, Maximum Containment Laboratory	India	Yadav,P.	2023-09-20T00:00:00Z								Human alphaherpesvirus 3		10335
OR680803.1			PARTIAL	1	Pakistan	Asia									Homo sapiens		9606	true				2021-03-21	RfshqauPK34/2021			370				1		2025-11-09T00:00:00Z		GenBank		Quaid-i-azam University, Islamabad, Microbiology	Pakistan	Hanif,S.,Faryal,R.,Johnson,S.,Siddique,M.,Salman,M.,Rana,M.S.	2025-11-09T00:00:00Z								Human alphaherpesvirus 3		10335
OR680804.1			PARTIAL	1	Pakistan	Asia									Homo sapiens		9606	true				2021-03-17	RfshqauPK32/2021			335				1		2025-11-09T00:00:00Z		GenBank		Quaid-i-azam University, Islamabad, Microbiology	Pakistan	Hanif,S.,Faryal,R.,Johnson,S.,Siddique,M.,Salman,M.,Rana,M.S.	2025-11-09T00:00:00Z								Human alphaherpesvirus 3		10335
OR680805.1			PARTIAL	1	Pakistan	Asia									Homo sapiens		9606	true				2022-07-19	RfShqauPK183s/2022			374				1		2025-11-09T00:00:00Z		GenBank		Quaid-i-azam University, Islamabad, Microbiology	Pakistan	Hanif,S.,Faryal,R.,Johnson,S.,Siddique,M.,Salman,M.,Rana,M.S.	2025-11-09T00:00:00Z								Human alphaherpesvirus 3		10335
OR689713.1			PARTIAL	1	Brazil	South America									Homo sapiens		9606	true				2019-07-29	VZV027_SaoPaulo			296				1		2023-11-05T00:00:00Z		GenBank		Universidade de Sao Paulo, Departamento de Doencas Infecciosas e Parasitarias		Paiao,H.G.O.	2023-11-05T00:00:00Z								Human alphaherpesvirus 3		10335
OR770642.1			PARTIAL	1	Brazil	South America									Homo sapiens		9606	true				2018	VZV001_SaoPaulo	cerebrospinal fluid		297				1		2023-11-18T00:00:00Z		GenBank		Universidade de Sao Paulo, Departamento de Doencas Infecciosas e Parasitarias		Paiao,H.G.O.	2023-11-18T00:00:00Z								Human alphaherpesvirus 3		10335
OR885927.1			PARTIAL	1	Brazil	South America									Homo sapiens		9606	true				2018	ORF38_VZV001_SaoPaulo			294				1		2023-12-13T00:00:00Z		GenBank		Universidade de Sao Paulo, Departamento de Doencas Infecciosas e Parasitarias		Paiao,H.G.O.	2023-12-13T00:00:00Z								Human alphaherpesvirus 3		10335
OR898439.1			PARTIAL	1	Brazil	South America									Homo sapiens		9606	true				2019	ORF38_VZV012_SaoPaulo			293				1		2023-12-20T00:00:00Z		GenBank		Universidade de Sao Paulo, Departamento de Doencas Infecciosas e Parasitarias		Paiao,H.G.O.	2023-12-20T00:00:00Z								Human alphaherpesvirus 3		10335
OR898440.1			PARTIAL	1	Brazil	South America									Homo sapiens		9606	true				2019	ORF38_VZV015_SaoPaulo			294				1		2023-12-20T00:00:00Z		GenBank		Universidade de Sao Paulo, Departamento de Doencas Infecciosas e Parasitarias		Paiao,H.G.O.	2023-12-20T00:00:00Z								Human alphaherpesvirus 3		10335
OR898441.1			PARTIAL	1	Brazil	South America									Homo sapiens		9606	true				2019	ORF38_VZV016_SaoPaulo			293				1		2023-12-20T00:00:00Z		GenBank		Universidade de Sao Paulo, Departamento de Doencas Infecciosas e Parasitarias		Paiao,H.G.O.	2023-12-20T00:00:00Z								Human alphaherpesvirus 3		10335
OR898442.1			PARTIAL	1	Brazil	South America									Homo sapiens		9606	true				2019	ORF38_VZV018_SaoPaulo			294				1		2023-12-20T00:00:00Z		GenBank		Universidade de Sao Paulo, Departamento de Doencas Infecciosas e Parasitarias		Paiao,H.G.O.	2023-12-20T00:00:00Z								Human alphaherpesvirus 3		10335
OR898443.1			PARTIAL	1	Brazil	South America									Homo sapiens		9606	true				2019	ORF38_VZV021_SaoPaulo			284				1		2023-12-20T00:00:00Z		GenBank		Universidade de Sao Paulo, Departamento de Doencas Infecciosas e Parasitarias		Paiao,H.G.O.	2023-12-20T00:00:00Z								Human alphaherpesvirus 3		10335
OR898444.1			PARTIAL	1	Brazil	South America									Homo sapiens		9606	true				2019	ORF38_VZV023_SaoPaulo			294				1		2023-12-20T00:00:00Z		GenBank		Universidade de Sao Paulo, Departamento de Doencas Infecciosas e Parasitarias		Paiao,H.G.O.	2023-12-20T00:00:00Z								Human alphaherpesvirus 3		10335
OR915870.1			PARTIAL	1	Brazil	South America									Homo sapiens		9606	true				2019	VZV026_SaoPaulo	cerebrospinal fluid		294				1		2023-12-18T00:00:00Z		GenBank		Universidade de Sao Paulo, Departamento de Doencas Infecciosas e Parasitarias		Paiao,H.G.O.	2023-12-18T00:00:00Z								Human alphaherpesvirus 3		10335
OR946411.1			PARTIAL	1	India	Asia									Homo sapiens		9606	true				2023-03-15	VZVs/Hingoli.IND/11.23	skin		3855				1		2025-01-01T00:00:00Z		GenBank		National Institute of Virology, Virus Registry and Virus Repository	India	Vaidya,s.R.,Kamble,M.B.	2025-01-01T00:00:00Z								Human alphaherpesvirus 3		10335
OR958827.1			PARTIAL	1	Brazil	South America									Homo sapiens		9606	true				2019	VZV027_SaoPaulo	cerebrospinal fluid		294				1		2023-12-26T00:00:00Z		GenBank		Universidade de Sao Paulo, Departamento de Doencas Infecciosas e Parasitarias		Paiao,H.G.O.	2023-12-26T00:00:00Z								Human alphaherpesvirus 3		10335
OR958828.1			PARTIAL	1	Brazil	South America									Homo sapiens		9606	true				2019	VZV030_SaoPaulo	cerebrospinal fluid		255				1		2023-12-26T00:00:00Z		GenBank		Universidade de Sao Paulo, Departamento de Doencas Infecciosas e Parasitarias		Paiao,H.G.O.	2023-12-26T00:00:00Z								Human alphaherpesvirus 3		10335
OR958829.1			PARTIAL	1	Brazil	South America									Homo sapiens		9606	true				2018	VZV004_SaoPaulo	cerebrospinal fluid		297				1		2023-12-26T00:00:00Z		GenBank		Universidade de Sao Paulo, Departamento de Doencas Infecciosas e Parasitarias		Paiao,H.G.O.	2023-12-26T00:00:00Z								Human alphaherpesvirus 3		10335
OR972777.1			PARTIAL	1	China	Asia									Homo sapiens		9606	true				2021-08-30	GZ1F01	blood		331				1		2025-06-11T00:00:00Z		GenBank		Ganan Medical University, School of Basic Medical Sciences	China	Zeng,T.,Lian,C.X.,Zhang,X.Y.,Liu,P.Q.,Ao,J.,Zhou,G.F.,Chen,X.D.,Huang,D.D.,Hu,D.G.,Chen,X.	2025-06-11T00:00:00Z								Human alphaherpesvirus 3		10335
OR972778.1			PARTIAL	1	China	Asia									Homo sapiens		9606	true				2022-01-08	GZ5M02	blood		331				1		2025-06-11T00:00:00Z		GenBank		Ganan Medical University, School of Basic Medical Sciences	China	Zeng,T.,Lian,C.X.,Zhang,X.Y.,Liu,P.Q.,Ao,J.,Zhou,G.F.,Chen,X.D.,Huang,D.D.,Hu,D.G.,Chen,X.	2025-06-11T00:00:00Z								Human alphaherpesvirus 3		10335
OR972779.1			PARTIAL	1	China	Asia									Homo sapiens		9606	true				2022-05-21	GZ5M03	blood		331				1		2025-06-11T00:00:00Z		GenBank		Ganan Medical University, School of Basic Medical Sciences	China	Zeng,T.,Lian,C.X.,Zhang,X.Y.,Liu,P.Q.,Ao,J.,Zhou,G.F.,Chen,X.D.,Huang,D.D.,Hu,D.G.,Chen,X.	2025-06-11T00:00:00Z								Human alphaherpesvirus 3		10335
OR972780.1			PARTIAL	1	China	Asia									Homo sapiens		9606	true				2021-12-03	GZ6F04	blood		331				1		2025-06-11T00:00:00Z		GenBank		Ganan Medical University, School of Basic Medical Sciences	China	Zeng,T.,Lian,C.X.,Zhang,X.Y.,Liu,P.Q.,Ao,J.,Zhou,G.F.,Chen,X.D.,Huang,D.D.,Hu,D.G.,Chen,X.	2025-06-11T00:00:00Z								Human alphaherpesvirus 3		10335
OR972781.1			PARTIAL	1	China	Asia									Homo sapiens		9606	true				2021-12-01	GZ6M06	blood		331				1		2025-06-11T00:00:00Z		GenBank		Ganan Medical University, School of Basic Medical Sciences	China	Zeng,T.,Lian,C.X.,Zhang,X.Y.,Liu,P.Q.,Ao,J.,Zhou,G.F.,Chen,X.D.,Huang,D.D.,Hu,D.G.,Chen,X.	2025-06-11T00:00:00Z								Human alphaherpesvirus 3		10335
OR972782.1			PARTIAL	1	China	Asia									Homo sapiens		9606	true				2021-12-19	GZ7M07	blood		331				1		2025-06-11T00:00:00Z		GenBank		Ganan Medical University, School of Basic Medical Sciences	China	Zeng,T.,Lian,C.X.,Zhang,X.Y.,Liu,P.Q.,Ao,J.,Zhou,G.F.,Chen,X.D.,Huang,D.D.,Hu,D.G.,Chen,X.	2025-06-11T00:00:00Z								Human alphaherpesvirus 3		10335
OR972783.1			PARTIAL	1	China	Asia									Homo sapiens		9606	true				2021-12-22	GZ8M08	blood		331				1		2025-06-11T00:00:00Z		GenBank		Ganan Medical University, School of Basic Medical Sciences	China	Zeng,T.,Lian,C.X.,Zhang,X.Y.,Liu,P.Q.,Ao,J.,Zhou,G.F.,Chen,X.D.,Huang,D.D.,Hu,D.G.,Chen,X.	2025-06-11T00:00:00Z								Human alphaherpesvirus 3		10335
OR972784.1			PARTIAL	1	China	Asia									Homo sapiens		9606	true				2022-05-29	GZ8F09	blood		331				1		2025-06-11T00:00:00Z		GenBank		Ganan Medical University, School of Basic Medical Sciences	China	Zeng,T.,Lian,C.X.,Zhang,X.Y.,Liu,P.Q.,Ao,J.,Zhou,G.F.,Chen,X.D.,Huang,D.D.,Hu,D.G.,Chen,X.	2025-06-11T00:00:00Z								Human alphaherpesvirus 3		10335
OR972785.1			PARTIAL	1	China	Asia									Homo sapiens		9606	true				2021-12-01	GZ8M10	blood		331				1		2025-06-11T00:00:00Z		GenBank		Ganan Medical University, School of Basic Medical Sciences	China	Zeng,T.,Lian,C.X.,Zhang,X.Y.,Liu,P.Q.,Ao,J.,Zhou,G.F.,Chen,X.D.,Huang,D.D.,Hu,D.G.,Chen,X.	2025-06-11T00:00:00Z								Human alphaherpesvirus 3		10335
OR972786.1			PARTIAL	1	China	Asia									Homo sapiens		9606	true				2022-03-02	GZ9M12	blood		331				1		2025-06-11T00:00:00Z		GenBank		Ganan Medical University, School of Basic Medical Sciences	China	Zeng,T.,Lian,C.X.,Zhang,X.Y.,Liu,P.Q.,Ao,J.,Zhou,G.F.,Chen,X.D.,Huang,D.D.,Hu,D.G.,Chen,X.	2025-06-11T00:00:00Z								Human alphaherpesvirus 3		10335
OR972787.1			PARTIAL	1	China	Asia									Homo sapiens		9606	true				2021-12-17	GZ10F14	blood		331				1		2025-06-11T00:00:00Z		GenBank		Ganan Medical University, School of Basic Medical Sciences	China	Zeng,T.,Lian,C.X.,Zhang,X.Y.,Liu,P.Q.,Ao,J.,Zhou,G.F.,Chen,X.D.,Huang,D.D.,Hu,D.G.,Chen,X.	2025-06-11T00:00:00Z								Human alphaherpesvirus 3		10335
OR972788.1			PARTIAL	1	China	Asia									Homo sapiens		9606	true				2021-12-01	GZ10M15	blood		331				1		2025-06-11T00:00:00Z		GenBank		Ganan Medical University, School of Basic Medical Sciences	China	Zeng,T.,Lian,C.X.,Zhang,X.Y.,Liu,P.Q.,Ao,J.,Zhou,G.F.,Chen,X.D.,Huang,D.D.,Hu,D.G.,Chen,X.	2025-06-11T00:00:00Z								Human alphaherpesvirus 3		10335
OR972789.1			PARTIAL	1	China	Asia									Homo sapiens		9606	true				2021-12-03	GZ10F16	blood		331				1		2025-06-11T00:00:00Z		GenBank		Ganan Medical University, School of Basic Medical Sciences	China	Zeng,T.,Lian,C.X.,Zhang,X.Y.,Liu,P.Q.,Ao,J.,Zhou,G.F.,Chen,X.D.,Huang,D.D.,Hu,D.G.,Chen,X.	2025-06-11T00:00:00Z								Human alphaherpesvirus 3		10335
OR972790.1			PARTIAL	1	China	Asia									Homo sapiens		9606	true				2021-11-11	GZ12M17	blood		331				1		2025-06-11T00:00:00Z		GenBank		Ganan Medical University, School of Basic Medical Sciences	China	Zeng,T.,Lian,C.X.,Zhang,X.Y.,Liu,P.Q.,Ao,J.,Zhou,G.F.,Chen,X.D.,Huang,D.D.,Hu,D.G.,Chen,X.	2025-06-11T00:00:00Z								Human alphaherpesvirus 3		10335
OR972791.1			PARTIAL	1	China	Asia									Homo sapiens		9606	true				2022-05-04	GZ13F18	blood		331				1		2025-06-11T00:00:00Z		GenBank		Ganan Medical University, School of Basic Medical Sciences	China	Zeng,T.,Lian,C.X.,Zhang,X.Y.,Liu,P.Q.,Ao,J.,Zhou,G.F.,Chen,X.D.,Huang,D.D.,Hu,D.G.,Chen,X.	2025-06-11T00:00:00Z								Human alphaherpesvirus 3		10335
OR972792.1			PARTIAL	1	China	Asia									Homo sapiens		9606	true				2022-05-01	GZ13M19	blood		331				1		2025-06-11T00:00:00Z		GenBank		Ganan Medical University, School of Basic Medical Sciences	China	Zeng,T.,Lian,C.X.,Zhang,X.Y.,Liu,P.Q.,Ao,J.,Zhou,G.F.,Chen,X.D.,Huang,D.D.,Hu,D.G.,Chen,X.	2025-06-11T00:00:00Z								Human alphaherpesvirus 3		10335
OR972793.1			PARTIAL	1	China	Asia									Homo sapiens		9606	true				2022-07-18	GZ13M20	blood		331				1		2025-06-11T00:00:00Z		GenBank		Ganan Medical University, School of Basic Medical Sciences	China	Zeng,T.,Lian,C.X.,Zhang,X.Y.,Liu,P.Q.,Ao,J.,Zhou,G.F.,Chen,X.D.,Huang,D.D.,Hu,D.G.,Chen,X.	2025-06-11T00:00:00Z								Human alphaherpesvirus 3		10335
OR972794.1			PARTIAL	1	China	Asia									Homo sapiens		9606	true				2022-06-10	GZ15M21	blood		331				1		2025-06-11T00:00:00Z		GenBank		Ganan Medical University, School of Basic Medical Sciences	China	Zeng,T.,Lian,C.X.,Zhang,X.Y.,Liu,P.Q.,Ao,J.,Zhou,G.F.,Chen,X.D.,Huang,D.D.,Hu,D.G.,Chen,X.	2025-06-11T00:00:00Z								Human alphaherpesvirus 3		10335
OR972795.1			PARTIAL	1	China	Asia									Homo sapiens		9606	true				2021-08-15	GZ15M22	blood		331				1		2025-06-11T00:00:00Z		GenBank		Ganan Medical University, School of Basic Medical Sciences	China	Zeng,T.,Lian,C.X.,Zhang,X.Y.,Liu,P.Q.,Ao,J.,Zhou,G.F.,Chen,X.D.,Huang,D.D.,Hu,D.G.,Chen,X.	2025-06-11T00:00:00Z								Human alphaherpesvirus 3		10335
OR972796.1			PARTIAL	1	China	Asia									Homo sapiens		9606	true				2022-10-22	GZ15F23	blood		331				1		2025-06-11T00:00:00Z		GenBank		Ganan Medical University, School of Basic Medical Sciences	China	Zeng,T.,Lian,C.X.,Zhang,X.Y.,Liu,P.Q.,Ao,J.,Zhou,G.F.,Chen,X.D.,Huang,D.D.,Hu,D.G.,Chen,X.	2025-06-11T00:00:00Z								Human alphaherpesvirus 3		10335
OR972797.1			PARTIAL	1	China	Asia									Homo sapiens		9606	true				2022-10-22	GZ15F24	blood		331				1		2025-06-11T00:00:00Z		GenBank		Ganan Medical University, School of Basic Medical Sciences	China	Zeng,T.,Lian,C.X.,Zhang,X.Y.,Liu,P.Q.,Ao,J.,Zhou,G.F.,Chen,X.D.,Huang,D.D.,Hu,D.G.,Chen,X.	2025-06-11T00:00:00Z								Human alphaherpesvirus 3		10335
OR972798.1			PARTIAL	1	China	Asia									Homo sapiens		9606	true				2022-03-30	GZ17F101	blood		331				1		2025-06-11T00:00:00Z		GenBank		Ganan Medical University, School of Basic Medical Sciences	China	Zeng,T.,Lian,C.X.,Zhang,X.Y.,Liu,P.Q.,Ao,J.,Zhou,G.F.,Chen,X.D.,Huang,D.D.,Hu,D.G.,Chen,X.	2025-06-11T00:00:00Z								Human alphaherpesvirus 3		10335
OR972799.1			PARTIAL	1	China	Asia									Homo sapiens		9606	true				2022-04-27	GZ19M103	blood		331				1		2025-06-11T00:00:00Z		GenBank		Ganan Medical University, School of Basic Medical Sciences	China	Zeng,T.,Lian,C.X.,Zhang,X.Y.,Liu,P.Q.,Ao,J.,Zhou,G.F.,Chen,X.D.,Huang,D.D.,Hu,D.G.,Chen,X.	2025-06-11T00:00:00Z								Human alphaherpesvirus 3		10335
OR972800.1			PARTIAL	1	China	Asia									Homo sapiens		9606	true				2021-09-19	GZ21M104	blood		331				1		2025-06-11T00:00:00Z		GenBank		Ganan Medical University, School of Basic Medical Sciences	China	Zeng,T.,Lian,C.X.,Zhang,X.Y.,Liu,P.Q.,Ao,J.,Zhou,G.F.,Chen,X.D.,Huang,D.D.,Hu,D.G.,Chen,X.	2025-06-11T00:00:00Z								Human alphaherpesvirus 3		10335
OR972801.1			PARTIAL	1	China	Asia									Homo sapiens		9606	true				2022-07-20	GZ21M105	blood		331				1		2025-06-11T00:00:00Z		GenBank		Ganan Medical University, School of Basic Medical Sciences	China	Zeng,T.,Lian,C.X.,Zhang,X.Y.,Liu,P.Q.,Ao,J.,Zhou,G.F.,Chen,X.D.,Huang,D.D.,Hu,D.G.,Chen,X.	2025-06-11T00:00:00Z								Human alphaherpesvirus 3		10335
OR972802.1			PARTIAL	1	China	Asia									Homo sapiens		9606	true				2022-01-25	GZ27M106	blood		331				1		2025-06-11T00:00:00Z		GenBank		Ganan Medical University, School of Basic Medical Sciences	China	Zeng,T.,Lian,C.X.,Zhang,X.Y.,Liu,P.Q.,Ao,J.,Zhou,G.F.,Chen,X.D.,Huang,D.D.,Hu,D.G.,Chen,X.	2025-06-11T00:00:00Z								Human alphaherpesvirus 3		10335
OR972803.1			PARTIAL	1	China	Asia									Homo sapiens		9606	true				2022-10-25	GZ27M107	blood		331				1		2025-06-11T00:00:00Z		GenBank		Ganan Medical University, School of Basic Medical Sciences	China	Zeng,T.,Lian,C.X.,Zhang,X.Y.,Liu,P.Q.,Ao,J.,Zhou,G.F.,Chen,X.D.,Huang,D.D.,Hu,D.G.,Chen,X.	2025-06-11T00:00:00Z								Human alphaherpesvirus 3		10335
OR972804.1			PARTIAL	1	China	Asia									Homo sapiens		9606	true				2021-08-07	GZ32F108	blood		331				1		2025-06-11T00:00:00Z		GenBank		Ganan Medical University, School of Basic Medical Sciences	China	Zeng,T.,Lian,C.X.,Zhang,X.Y.,Liu,P.Q.,Ao,J.,Zhou,G.F.,Chen,X.D.,Huang,D.D.,Hu,D.G.,Chen,X.	2025-06-11T00:00:00Z								Human alphaherpesvirus 3		10335
OR972805.1			PARTIAL	1	China	Asia									Homo sapiens		9606	true				2022-07-18	GZ34F109	blood		331				1		2025-06-11T00:00:00Z		GenBank		Ganan Medical University, School of Basic Medical Sciences	China	Zeng,T.,Lian,C.X.,Zhang,X.Y.,Liu,P.Q.,Ao,J.,Zhou,G.F.,Chen,X.D.,Huang,D.D.,Hu,D.G.,Chen,X.	2025-06-11T00:00:00Z								Human alphaherpesvirus 3		10335
OR972806.1			PARTIAL	1	China	Asia									Homo sapiens		9606	true				2022-05-06	GZ37M110	blood		331				1		2025-06-11T00:00:00Z		GenBank		Ganan Medical University, School of Basic Medical Sciences	China	Zeng,T.,Lian,C.X.,Zhang,X.Y.,Liu,P.Q.,Ao,J.,Zhou,G.F.,Chen,X.D.,Huang,D.D.,Hu,D.G.,Chen,X.	2025-06-11T00:00:00Z								Human alphaherpesvirus 3		10335
OR972807.1			PARTIAL	1	China	Asia									Homo sapiens		9606	true				2021-11-29	GZ39F111	blood		331				1		2025-06-11T00:00:00Z		GenBank		Ganan Medical University, School of Basic Medical Sciences	China	Zeng,T.,Lian,C.X.,Zhang,X.Y.,Liu,P.Q.,Ao,J.,Zhou,G.F.,Chen,X.D.,Huang,D.D.,Hu,D.G.,Chen,X.	2025-06-11T00:00:00Z								Human alphaherpesvirus 3		10335
OR972808.1			PARTIAL	1	China	Asia									Homo sapiens		9606	true				2022-04-15	GZ55M112	blood		331				1		2025-06-11T00:00:00Z		GenBank		Ganan Medical University, School of Basic Medical Sciences	China	Zeng,T.,Lian,C.X.,Zhang,X.Y.,Liu,P.Q.,Ao,J.,Zhou,G.F.,Chen,X.D.,Huang,D.D.,Hu,D.G.,Chen,X.	2025-06-11T00:00:00Z								Human alphaherpesvirus 3		10335
OR972809.1			PARTIAL	1	China	Asia									Homo sapiens		9606	true				2021-08-30	GZ1F01	blood		1689				1		2025-06-11T00:00:00Z		GenBank		Ganan Medical University, School of Basic Medical Sciences	China	Zeng,T.,Lian,C.X.,Zhang,X.Y.,Liu,P.Q.,Ao,J.,Zhou,G.F.,Chen,X.D.,Huang,D.D.,Hu,D.G.,Chen,X.	2025-06-11T00:00:00Z								Human alphaherpesvirus 3		10335
OR972810.1			PARTIAL	1	China	Asia									Homo sapiens		9606	true				2022-01-08	GZ5M02	blood		1689				1		2025-06-11T00:00:00Z		GenBank		Ganan Medical University, School of Basic Medical Sciences	China	Zeng,T.,Lian,C.X.,Zhang,X.Y.,Liu,P.Q.,Ao,J.,Zhou,G.F.,Chen,X.D.,Huang,D.D.,Hu,D.G.,Chen,X.	2025-06-11T00:00:00Z								Human alphaherpesvirus 3		10335
OR972811.1			PARTIAL	1	China	Asia									Homo sapiens		9606	true				2022-05-21	GZ5M03	blood		1689				1		2025-06-11T00:00:00Z		GenBank		Ganan Medical University, School of Basic Medical Sciences	China	Zeng,T.,Lian,C.X.,Zhang,X.Y.,Liu,P.Q.,Ao,J.,Zhou,G.F.,Chen,X.D.,Huang,D.D.,Hu,D.G.,Chen,X.	2025-06-11T00:00:00Z								Human alphaherpesvirus 3		10335
OR972812.1			PARTIAL	1	China	Asia									Homo sapiens		9606	true				2021-12-03	GZ6F04	blood		1689				1		2025-06-11T00:00:00Z		GenBank		Ganan Medical University, School of Basic Medical Sciences	China	Zeng,T.,Lian,C.X.,Zhang,X.Y.,Liu,P.Q.,Ao,J.,Zhou,G.F.,Chen,X.D.,Huang,D.D.,Hu,D.G.,Chen,X.	2025-06-11T00:00:00Z								Human alphaherpesvirus 3		10335
OR972813.1			PARTIAL	1	China	Asia									Homo sapiens		9606	true				2021-12-01	GZ6M06	blood		1689				1		2025-06-11T00:00:00Z		GenBank		Ganan Medical University, School of Basic Medical Sciences	China	Zeng,T.,Lian,C.X.,Zhang,X.Y.,Liu,P.Q.,Ao,J.,Zhou,G.F.,Chen,X.D.,Huang,D.D.,Hu,D.G.,Chen,X.	2025-06-11T00:00:00Z								Human alphaherpesvirus 3		10335
OR972814.1			PARTIAL	1	China	Asia									Homo sapiens		9606	true				2021-12-19	GZ7M07	blood		1689				1		2025-06-11T00:00:00Z		GenBank		Ganan Medical University, School of Basic Medical Sciences	China	Zeng,T.,Lian,C.X.,Zhang,X.Y.,Liu,P.Q.,Ao,J.,Zhou,G.F.,Chen,X.D.,Huang,D.D.,Hu,D.G.,Chen,X.	2025-06-11T00:00:00Z								Human alphaherpesvirus 3		10335
OR972815.1			PARTIAL	1	China	Asia									Homo sapiens		9606	true				2021-12-22	GZ8M08	blood		1689				1		2025-06-11T00:00:00Z		GenBank		Ganan Medical University, School of Basic Medical Sciences	China	Zeng,T.,Lian,C.X.,Zhang,X.Y.,Liu,P.Q.,Ao,J.,Zhou,G.F.,Chen,X.D.,Huang,D.D.,Hu,D.G.,Chen,X.	2025-06-11T00:00:00Z								Human alphaherpesvirus 3		10335
OR972816.1			PARTIAL	1	China	Asia									Homo sapiens		9606	true				2022-05-29	GZ8F09	blood		1689				1		2025-06-11T00:00:00Z		GenBank		Ganan Medical University, School of Basic Medical Sciences	China	Zeng,T.,Lian,C.X.,Zhang,X.Y.,Liu,P.Q.,Ao,J.,Zhou,G.F.,Chen,X.D.,Huang,D.D.,Hu,D.G.,Chen,X.	2025-06-11T00:00:00Z								Human alphaherpesvirus 3		10335
OR972817.1			PARTIAL	1	China	Asia									Homo sapiens		9606	true				2021-12-01	GZ8M10	blood		1689				1		2025-06-11T00:00:00Z		GenBank		Ganan Medical University, School of Basic Medical Sciences	China	Zeng,T.,Lian,C.X.,Zhang,X.Y.,Liu,P.Q.,Ao,J.,Zhou,G.F.,Chen,X.D.,Huang,D.D.,Hu,D.G.,Chen,X.	2025-06-11T00:00:00Z								Human alphaherpesvirus 3		10335
OR972818.1			PARTIAL	1	China	Asia									Homo sapiens		9606	true				2022-03-02	GZ9M12	blood		1689				1		2025-06-11T00:00:00Z		GenBank		Ganan Medical University, School of Basic Medical Sciences	China	Zeng,T.,Lian,C.X.,Zhang,X.Y.,Liu,P.Q.,Ao,J.,Zhou,G.F.,Chen,X.D.,Huang,D.D.,Hu,D.G.,Chen,X.	2025-06-11T00:00:00Z								Human alphaherpesvirus 3		10335
OR972819.1			PARTIAL	1	China	Asia									Homo sapiens		9606	true				2021-12-17	GZ10F14	blood		1689				1		2025-06-11T00:00:00Z		GenBank		Ganan Medical University, School of Basic Medical Sciences	China	Zeng,T.,Lian,C.X.,Zhang,X.Y.,Liu,P.Q.,Ao,J.,Zhou,G.F.,Chen,X.D.,Huang,D.D.,Hu,D.G.,Chen,X.	2025-06-11T00:00:00Z								Human alphaherpesvirus 3		10335
OR972820.1			PARTIAL	1	China	Asia									Homo sapiens		9606	true				2021-12-01	GZ10M15	blood		1689				1		2025-06-11T00:00:00Z		GenBank		Ganan Medical University, School of Basic Medical Sciences	China	Zeng,T.,Lian,C.X.,Zhang,X.Y.,Liu,P.Q.,Ao,J.,Zhou,G.F.,Chen,X.D.,Huang,D.D.,Hu,D.G.,Chen,X.	2025-06-11T00:00:00Z								Human alphaherpesvirus 3		10335
OR972821.1			PARTIAL	1	China	Asia									Homo sapiens		9606	true				2021-12-03	GZ10F16	blood		1689				1		2025-06-11T00:00:00Z		GenBank		Ganan Medical University, School of Basic Medical Sciences	China	Zeng,T.,Lian,C.X.,Zhang,X.Y.,Liu,P.Q.,Ao,J.,Zhou,G.F.,Chen,X.D.,Huang,D.D.,Hu,D.G.,Chen,X.	2025-06-11T00:00:00Z								Human alphaherpesvirus 3		10335
OR972822.1			PARTIAL	1	China	Asia									Homo sapiens		9606	true				2021-11-11	GZ12M17	blood		1689				1		2025-06-11T00:00:00Z		GenBank		Ganan Medical University, School of Basic Medical Sciences	China	Zeng,T.,Lian,C.X.,Zhang,X.Y.,Liu,P.Q.,Ao,J.,Zhou,G.F.,Chen,X.D.,Huang,D.D.,Hu,D.G.,Chen,X.	2025-06-11T00:00:00Z								Human alphaherpesvirus 3		10335
OR972823.1			PARTIAL	1	China	Asia									Homo sapiens		9606	true				2022-05-04	GZ13F18	blood		1689				1		2025-06-11T00:00:00Z		GenBank		Ganan Medical University, School of Basic Medical Sciences	China	Zeng,T.,Lian,C.X.,Zhang,X.Y.,Liu,P.Q.,Ao,J.,Zhou,G.F.,Chen,X.D.,Huang,D.D.,Hu,D.G.,Chen,X.	2025-06-11T00:00:00Z								Human alphaherpesvirus 3		10335
OR972824.1			PARTIAL	1	China	Asia									Homo sapiens		9606	true				2022-05-01	GZ13M19	blood		1689				1		2025-06-11T00:00:00Z		GenBank		Ganan Medical University, School of Basic Medical Sciences	China	Zeng,T.,Lian,C.X.,Zhang,X.Y.,Liu,P.Q.,Ao,J.,Zhou,G.F.,Chen,X.D.,Huang,D.D.,Hu,D.G.,Chen,X.	2025-06-11T00:00:00Z								Human alphaherpesvirus 3		10335
OR972825.1			PARTIAL	1	China	Asia									Homo sapiens		9606	true				2022-07-18	GZ13M20	blood		1689				1		2025-06-11T00:00:00Z		GenBank		Ganan Medical University, School of Basic Medical Sciences	China	Zeng,T.,Lian,C.X.,Zhang,X.Y.,Liu,P.Q.,Ao,J.,Zhou,G.F.,Chen,X.D.,Huang,D.D.,Hu,D.G.,Chen,X.	2025-06-11T00:00:00Z								Human alphaherpesvirus 3		10335
OR972826.1			PARTIAL	1	China	Asia									Homo sapiens		9606	true				2022-06-10	GZ15M21	blood		1689				1		2025-06-11T00:00:00Z		GenBank		Ganan Medical University, School of Basic Medical Sciences	China	Zeng,T.,Lian,C.X.,Zhang,X.Y.,Liu,P.Q.,Ao,J.,Zhou,G.F.,Chen,X.D.,Huang,D.D.,Hu,D.G.,Chen,X.	2025-06-11T00:00:00Z								Human alphaherpesvirus 3		10335
OR972827.1			PARTIAL	1	China	Asia									Homo sapiens		9606	true				2021-08-15	GZ15M22	blood		1689				1		2025-06-11T00:00:00Z		GenBank		Ganan Medical University, School of Basic Medical Sciences	China	Zeng,T.,Lian,C.X.,Zhang,X.Y.,Liu,P.Q.,Ao,J.,Zhou,G.F.,Chen,X.D.,Huang,D.D.,Hu,D.G.,Chen,X.	2025-06-11T00:00:00Z								Human alphaherpesvirus 3		10335
OR972828.1			PARTIAL	1	China	Asia									Homo sapiens		9606	true				2022-10-22	GZ15F23	blood		1689				1		2025-06-11T00:00:00Z		GenBank		Ganan Medical University, School of Basic Medical Sciences	China	Zeng,T.,Lian,C.X.,Zhang,X.Y.,Liu,P.Q.,Ao,J.,Zhou,G.F.,Chen,X.D.,Huang,D.D.,Hu,D.G.,Chen,X.	2025-06-11T00:00:00Z								Human alphaherpesvirus 3		10335
OR972829.1			PARTIAL	1	China	Asia									Homo sapiens		9606	true				2022-10-22	GZ15F24	blood		1689				1		2025-06-11T00:00:00Z		GenBank		Ganan Medical University, School of Basic Medical Sciences	China	Zeng,T.,Lian,C.X.,Zhang,X.Y.,Liu,P.Q.,Ao,J.,Zhou,G.F.,Chen,X.D.,Huang,D.D.,Hu,D.G.,Chen,X.	2025-06-11T00:00:00Z								Human alphaherpesvirus 3		10335
OR972830.1			PARTIAL	1	China	Asia									Homo sapiens		9606	true				2022-03-30	GZ17F101	blood		1689				1		2025-06-11T00:00:00Z		GenBank		Ganan Medical University, School of Basic Medical Sciences	China	Zeng,T.,Lian,C.X.,Zhang,X.Y.,Liu,P.Q.,Ao,J.,Zhou,G.F.,Chen,X.D.,Huang,D.D.,Hu,D.G.,Chen,X.	2025-06-11T00:00:00Z								Human alphaherpesvirus 3		10335
OR972831.1			PARTIAL	1	China	Asia									Homo sapiens		9606	true				2022-04-27	GZ19M103	blood		1689				1		2025-06-11T00:00:00Z		GenBank		Ganan Medical University, School of Basic Medical Sciences	China	Zeng,T.,Lian,C.X.,Zhang,X.Y.,Liu,P.Q.,Ao,J.,Zhou,G.F.,Chen,X.D.,Huang,D.D.,Hu,D.G.,Chen,X.	2025-06-11T00:00:00Z								Human alphaherpesvirus 3		10335
OR972832.1			PARTIAL	1	China	Asia									Homo sapiens		9606	true				2021-09-19	GZ21M104	blood		1689				1		2025-06-11T00:00:00Z		GenBank		Ganan Medical University, School of Basic Medical Sciences	China	Zeng,T.,Lian,C.X.,Zhang,X.Y.,Liu,P.Q.,Ao,J.,Zhou,G.F.,Chen,X.D.,Huang,D.D.,Hu,D.G.,Chen,X.	2025-06-11T00:00:00Z								Human alphaherpesvirus 3		10335
OR972833.1			PARTIAL	1	China	Asia									Homo sapiens		9606	true				2022-07-20	GZ21M105	blood		1689				1		2025-06-11T00:00:00Z		GenBank		Ganan Medical University, School of Basic Medical Sciences	China	Zeng,T.,Lian,C.X.,Zhang,X.Y.,Liu,P.Q.,Ao,J.,Zhou,G.F.,Chen,X.D.,Huang,D.D.,Hu,D.G.,Chen,X.	2025-06-11T00:00:00Z								Human alphaherpesvirus 3		10335
OR972834.1			PARTIAL	1	China	Asia									Homo sapiens		9606	true				2022-01-25	GZ27M106	blood		1689				1		2025-06-11T00:00:00Z		GenBank		Ganan Medical University, School of Basic Medical Sciences	China	Zeng,T.,Lian,C.X.,Zhang,X.Y.,Liu,P.Q.,Ao,J.,Zhou,G.F.,Chen,X.D.,Huang,D.D.,Hu,D.G.,Chen,X.	2025-06-11T00:00:00Z								Human alphaherpesvirus 3		10335
OR972835.1			PARTIAL	1	China	Asia									Homo sapiens		9606	true				2022-10-25	GZ27M107	blood		1689				1		2025-06-11T00:00:00Z		GenBank		Ganan Medical University, School of Basic Medical Sciences	China	Zeng,T.,Lian,C.X.,Zhang,X.Y.,Liu,P.Q.,Ao,J.,Zhou,G.F.,Chen,X.D.,Huang,D.D.,Hu,D.G.,Chen,X.	2025-06-11T00:00:00Z								Human alphaherpesvirus 3		10335
OR972836.1			PARTIAL	1	China	Asia									Homo sapiens		9606	true				2021-08-07	GZ32F108	blood		1689				1		2025-06-11T00:00:00Z		GenBank		Ganan Medical University, School of Basic Medical Sciences	China	Zeng,T.,Lian,C.X.,Zhang,X.Y.,Liu,P.Q.,Ao,J.,Zhou,G.F.,Chen,X.D.,Huang,D.D.,Hu,D.G.,Chen,X.	2025-06-11T00:00:00Z								Human alphaherpesvirus 3		10335
OR972837.1			PARTIAL	1	China	Asia									Homo sapiens		9606	true				2022-07-18	GZ34F109	blood		1689				1		2025-06-11T00:00:00Z		GenBank		Ganan Medical University, School of Basic Medical Sciences	China	Zeng,T.,Lian,C.X.,Zhang,X.Y.,Liu,P.Q.,Ao,J.,Zhou,G.F.,Chen,X.D.,Huang,D.D.,Hu,D.G.,Chen,X.	2025-06-11T00:00:00Z								Human alphaherpesvirus 3		10335
OR972838.1			PARTIAL	1	China	Asia									Homo sapiens		9606	true				2022-05-06	GZ37M110	blood		1689				1		2025-06-11T00:00:00Z		GenBank		Ganan Medical University, School of Basic Medical Sciences	China	Zeng,T.,Lian,C.X.,Zhang,X.Y.,Liu,P.Q.,Ao,J.,Zhou,G.F.,Chen,X.D.,Huang,D.D.,Hu,D.G.,Chen,X.	2025-06-11T00:00:00Z								Human alphaherpesvirus 3		10335
OR972839.1			PARTIAL	1	China	Asia									Homo sapiens		9606	true				2021-11-29	GZ39F111	blood		1689				1		2025-06-11T00:00:00Z		GenBank		Ganan Medical University, School of Basic Medical Sciences	China	Zeng,T.,Lian,C.X.,Zhang,X.Y.,Liu,P.Q.,Ao,J.,Zhou,G.F.,Chen,X.D.,Huang,D.D.,Hu,D.G.,Chen,X.	2025-06-11T00:00:00Z								Human alphaherpesvirus 3		10335
OR972840.1			PARTIAL	1	China	Asia									Homo sapiens		9606	true				2022-04-15	GZ55M112	blood		1689				1		2025-06-11T00:00:00Z		GenBank		Ganan Medical University, School of Basic Medical Sciences	China	Zeng,T.,Lian,C.X.,Zhang,X.Y.,Liu,P.Q.,Ao,J.,Zhou,G.F.,Chen,X.D.,Huang,D.D.,Hu,D.G.,Chen,X.	2025-06-11T00:00:00Z								Human alphaherpesvirus 3		10335
OR988144.1			PARTIAL	1	Brazil	South America									Homo sapiens		9606	true				2019	ORF22_VZV012_SaoPaulo			297				1		2024-01-16T00:00:00Z		GenBank		Universidade de Sao Paulo, Departamento de Doencas Infecciosas e Parasitarias		Paiao,H.G.O.	2024-01-16T00:00:00Z								Human alphaherpesvirus 3		10335
OR988145.1			PARTIAL	1	Brazil	South America									Homo sapiens		9606	true				2019	ORF22_VZV016_SaoPaulo			297				1		2024-01-16T00:00:00Z		GenBank		Universidade de Sao Paulo, Departamento de Doencas Infecciosas e Parasitarias		Paiao,H.G.O.	2024-01-16T00:00:00Z								Human alphaherpesvirus 3		10335
OR988146.1			PARTIAL	1	Brazil	South America									Homo sapiens		9606	true				2019	ORF22_VZV023_SaoPaulo			281				1		2024-01-16T00:00:00Z		GenBank		Universidade de Sao Paulo, Departamento de Doencas Infecciosas e Parasitarias		Paiao,H.G.O.	2024-01-16T00:00:00Z								Human alphaherpesvirus 3		10335
OR988147.1			PARTIAL	1	Brazil	South America									Homo sapiens		9606	true				2018	ORF62_VZV001_SaoPaulo			399				1		2024-01-16T00:00:00Z		GenBank		Universidade de Sao Paulo, Departamento de Doencas Infecciosas e Parasitarias		Paiao,H.G.O.	2024-01-16T00:00:00Z								Human alphaherpesvirus 3		10335
OR988148.1			PARTIAL	1	Brazil	South America									Homo sapiens		9606	true				2018	ORF62_VZV004_SaoPaulo			365				1		2024-01-16T00:00:00Z		GenBank		Universidade de Sao Paulo, Departamento de Doencas Infecciosas e Parasitarias		Paiao,H.G.O.	2024-01-16T00:00:00Z								Human alphaherpesvirus 3		10335
OR988149.1			PARTIAL	1	Brazil	South America									Homo sapiens		9606	true				2019	ORF62_VZV016_SaoPaulo			399				1		2024-01-16T00:00:00Z		GenBank		Universidade de Sao Paulo, Departamento de Doencas Infecciosas e Parasitarias		Paiao,H.G.O.	2024-01-16T00:00:00Z								Human alphaherpesvirus 3		10335
OR988150.1			PARTIAL	1	Brazil	South America									Homo sapiens		9606	true				2019	ORF62_VZV021_SaoPaulo			355				1		2024-01-16T00:00:00Z		GenBank		Universidade de Sao Paulo, Departamento de Doencas Infecciosas e Parasitarias		Paiao,H.G.O.	2024-01-16T00:00:00Z								Human alphaherpesvirus 3		10335
OR988151.1			PARTIAL	1	Brazil	South America									Homo sapiens		9606	true				2019	ORF62_VZV027_SaoPaulo			349				1		2024-01-16T00:00:00Z		GenBank		Universidade de Sao Paulo, Departamento de Doencas Infecciosas e Parasitarias		Paiao,H.G.O.	2024-01-16T00:00:00Z								Human alphaherpesvirus 3		10335
OR988152.1			PARTIAL	1	Brazil	South America									Homo sapiens		9606	true				2019	ORF62_VZV030_SaoPaulo			334				1		2024-01-16T00:00:00Z		GenBank		Universidade de Sao Paulo, Departamento de Doencas Infecciosas e Parasitarias		Paiao,H.G.O.	2024-01-16T00:00:00Z								Human alphaherpesvirus 3		10335
OR992036.1			PARTIAL	1	Brazil	South America									Homo sapiens		9606	true				2018	VZV001_SaoPaulo			209				1		2024-01-10T00:00:00Z		GenBank		Universidade de Sao Paulo, Departamento de Doencas Infecciosas e Parasitarias		Paiao,H.G.O.	2024-01-10T00:00:00Z								Human alphaherpesvirus 3		10335
OR992037.1			PARTIAL	1	Brazil	South America									Homo sapiens		9606	true				2018	VZV004_SaoPaulo			213				1		2024-01-10T00:00:00Z		GenBank		Universidade de Sao Paulo, Departamento de Doencas Infecciosas e Parasitarias		Paiao,H.G.O.	2024-01-10T00:00:00Z								Human alphaherpesvirus 3		10335
OR992038.1			PARTIAL	1	Brazil	South America									Homo sapiens		9606	true				2019	VZV012_SaoPaulo			213				1		2024-01-10T00:00:00Z		GenBank		Universidade de Sao Paulo, Departamento de Doencas Infecciosas e Parasitarias		Paiao,H.G.O.	2024-01-10T00:00:00Z								Human alphaherpesvirus 3		10335
OR992039.1			PARTIAL	1	Brazil	South America									Homo sapiens		9606	true				2019	VZV015_SaoPaulo			213				1		2024-01-10T00:00:00Z		GenBank		Universidade de Sao Paulo, Departamento de Doencas Infecciosas e Parasitarias		Paiao,H.G.O.	2024-01-10T00:00:00Z								Human alphaherpesvirus 3		10335
OR992040.1			PARTIAL	1	Brazil	South America									Homo sapiens		9606	true				2019	VZV016_SaoPaulo			213				1		2024-01-10T00:00:00Z		GenBank		Universidade de Sao Paulo, Departamento de Doencas Infecciosas e Parasitarias		Paiao,H.G.O.	2024-01-10T00:00:00Z								Human alphaherpesvirus 3		10335
OR992041.1			PARTIAL	1	Brazil	South America									Homo sapiens		9606	true				2019	VZV018_SaoPaulo			213				1		2024-01-10T00:00:00Z		GenBank		Universidade de Sao Paulo, Departamento de Doencas Infecciosas e Parasitarias		Paiao,H.G.O.	2024-01-10T00:00:00Z								Human alphaherpesvirus 3		10335
PD262359.1			PARTIAL																							979						2025-01-29T00:00:00Z		GenBank				Maturana,C.,Engel,E.,Enquist,L.	2025-01-29T00:00:00Z								Human alphaherpesvirus 3		10335
PF155550.1			PARTIAL																							1872						2024-11-15T00:00:00Z		GenBank				Kim,E.,Seo,K.,Hong,S.,Kwon,T.,Kim,H.,Lee,S.,Lim,S.	2024-11-15T00:00:00Z								Human alphaherpesvirus 3		10335
PF155551.1			PARTIAL																							2152						2024-11-15T00:00:00Z		GenBank				Kim,E.,Seo,K.,Hong,S.,Kwon,T.,Kim,H.,Lee,S.,Lim,S.	2024-11-15T00:00:00Z								Human alphaherpesvirus 3		10335
PI458553.1			PARTIAL																							1993						2025-12-24T00:00:00Z		GenBank				Berube,B.,Erasmus,J.,Berglund,L.P.A.,Duthie,M.S.,Khandhar,A.P.,Carter,D.A.,Archer,J.F.,Reed,S.G.	2025-12-24T00:00:00Z								Human alphaherpesvirus 3		10335
PI458554.1			PARTIAL																							1072						2025-12-24T00:00:00Z		GenBank				Berube,B.,Erasmus,J.,Berglund,L.P.A.,Duthie,M.S.,Khandhar,A.P.,Carter,D.A.,Archer,J.F.,Reed,S.G.	2025-12-24T00:00:00Z								Human alphaherpesvirus 3		10335
PL340053.1			PARTIAL																							1993						2025-01-16T00:00:00Z		GenBank				Reed,S.G.,Carter,D.A.,Khandhar,A.P.,Duthie,M.S.,Berglund,L.P.A.,Erasmus,J.,Berube,B.,Archer,J.F.	2025-01-16T00:00:00Z								Human alphaherpesvirus 3		10335
PL340054.1			PARTIAL																							1072						2025-01-16T00:00:00Z		GenBank				Reed,S.G.,Carter,D.A.,Khandhar,A.P.,Duthie,M.S.,Berglund,L.P.A.,Erasmus,J.,Berube,B.,Archer,J.F.	2025-01-16T00:00:00Z								Human alphaherpesvirus 3		10335
PP003316.1			PARTIAL	1	Brazil	South America									Homo sapiens		9606	true				2018	VZV020_SaoPaulo	cerebrospinal fluid		213				1		2024-01-10T00:00:00Z		GenBank		Universidade de Sao Paulo, Departamento de Doencas Infecciosas e Parasitarias		Paiao,H.G.O.	2024-01-10T00:00:00Z								Human alphaherpesvirus 3		10335
PP003317.1			PARTIAL	1	Brazil	South America									Homo sapiens		9606	true				2019	VZV021_SaoPaulo	cerebrospinal fluid		213				1		2024-01-10T00:00:00Z		GenBank		Universidade de Sao Paulo, Departamento de Doencas Infecciosas e Parasitarias		Paiao,H.G.O.	2024-01-10T00:00:00Z								Human alphaherpesvirus 3		10335
PP003318.1			PARTIAL	1	Brazil	South America									Homo sapiens		9606	true				2019	VZV023_SaoPaulo	cerebrospinal fluid		213				1		2024-01-10T00:00:00Z		GenBank		Universidade de Sao Paulo, Departamento de Doencas Infecciosas e Parasitarias		Paiao,H.G.O.	2024-01-10T00:00:00Z								Human alphaherpesvirus 3		10335
PP003319.1			PARTIAL	1	Brazil	South America									Homo sapiens		9606	true				2019	VZV026_SaoPaulo	cerebrospinal fluid		213				1		2024-01-10T00:00:00Z		GenBank		Universidade de Sao Paulo, Departamento de Doencas Infecciosas e Parasitarias		Paiao,H.G.O.	2024-01-10T00:00:00Z								Human alphaherpesvirus 3		10335
PP003320.1			PARTIAL	1	Brazil	South America									Homo sapiens		9606	true				2019	VZV027_SaoPaulo	cerebrospinal fluid		213				1		2024-01-10T00:00:00Z		GenBank		Universidade de Sao Paulo, Departamento de Doencas Infecciosas e Parasitarias		Paiao,H.G.O.	2024-01-10T00:00:00Z								Human alphaherpesvirus 3		10335
PP003321.1			PARTIAL	1	Brazil	South America									Homo sapiens		9606	true				2019	VZV030_SaoPaulo	cerebrospinal fluid		213				1		2024-01-10T00:00:00Z		GenBank		Universidade de Sao Paulo, Departamento de Doencas Infecciosas e Parasitarias		Paiao,H.G.O.	2024-01-10T00:00:00Z								Human alphaherpesvirus 3		10335
PP093333.1			PARTIAL	1	India	Asia									Homo sapiens		9606	true				2023-12-16	VZVs/Krishna.IND/50.23			3846				1		2024-08-01T00:00:00Z		GenBank		National Institute of Virology, Virus Registry and Virus Repository	India	Vaidya,S.R.,Kamble,M.B.,Haritha,T.	2024-08-01T00:00:00Z								Human alphaherpesvirus 3		10335
PP169944.1			COMPLETE	68	Pakistan	Asia									Homo sapiens		9606	true				2023-09	VZV-2/NIH-Pakistan/2023	skin, lesion		124854				68		2024-01-30T00:00:00Z		GenBank		National Institute of Health, Department of Virology	Pakistan	Umair,M.,Ali,Q.,Haider,S.A.,Hakim,R.,Jamal,Z.,Salman,M.,Yousafzai,Y.M.,Zakria,M.,Zia,A.	2024-01-30T00:00:00Z								Human alphaherpesvirus 3		10335
PP261331.1			COMPLETE	73	China	Asia									Homo sapiens		9606	true				2023-02-27	NSYY1	skin		125610				73		2024-03-12T00:00:00Z		GenBank		Shenzhen Nanshan People's Hospital, The 6th Affiliated Hospital of Shenzhen University Health Science Center, Department of Pain Medicine and Shenzhen Municipal Key Laboratory for Pain Medicine	China	Yang,S.	2024-03-12T00:00:00Z								Human alphaherpesvirus 3		10335
PP261332.1			COMPLETE	73	China	Asia									Homo sapiens		9606	true				2023-02-27	NSYY3	skin		125466				72		2024-03-12T00:00:00Z		GenBank		Shenzhen Nanshan People's Hospital, The 6th Affiliated Hospital of Shenzhen University Health Science Center, Department of Pain Medicine and Shenzhen Municipal Key Laboratory for Pain Medicine	China	Yang,S.	2024-03-12T00:00:00Z								Human alphaherpesvirus 3		10335
PP295253.1			PARTIAL	1	Pakistan	Asia									Homo sapiens		9606	true				2019-03	RfShqau3s54f/2019			76				1		2025-11-09T00:00:00Z		GenBank		Quaid-i-azam University, Islamabad, Microbiology	Pakistan	Hanif,S.,Faryal,R.	2025-11-09T00:00:00Z								Human alphaherpesvirus 3		10335
PP295254.1			PARTIAL	1	Pakistan	Asia									Homo sapiens		9606	true				2019-03	RfShqau3s21f/2019			304				1		2025-11-09T00:00:00Z		GenBank		Quaid-i-azam University, Islamabad, Microbiology	Pakistan	Hanif,S.,Faryal,R.	2025-11-09T00:00:00Z								Human alphaherpesvirus 3		10335
PP378487.1			PARTIAL	70	Germany	Europe									Homo sapiens		9606	true					pOka_Delta_57_GFP			125890				71		2024-02-28T00:00:00Z		GenBank		Hannover Medical School, Institute of Virology	Germany	Jurgens,C.,Pluckebaum,N.,Ssebyatika,G.,Beyer,S.,Mendes-Monteiro,L.,Wang,J.,Kropp,K.A.,Gonzalez-Motos,V.,Steinbruck,L.,Ritter,B.,Rodriguez-Gonzalez,C.,Boning,H.,Nikolouli,E.,Kinchington,P.R.,Lachmann,N.,Pearce Depledge,D.,Krey,T.,Viejo-Borbolla,A.	2024-02-28T00:00:00Z								Human alphaherpesvirus 3		10335
PP378488.1			PARTIAL	72	Germany	Europe									Homo sapiens		9606	true					pOka_Delta_gC_GFP			124384				72		2024-02-28T00:00:00Z		GenBank		Hannover Medical School, Institute of Virology	Germany	Jurgens,C.,Pluckebaum,N.,Ssebyatika,G.,Beyer,S.,Mendes-Monteiro,L.,Wang,J.,Kropp,K.A.,Gonzalez-Motos,V.,Steinbruck,L.,Ritter,B.,Rodriguez-Gonzalez,C.,Boning,H.,Nikolouli,E.,Kinchington,P.R.,Lachmann,N.,Pearce Depledge,D.,Krey,T.,Viejo-Borbolla,A.	2024-02-28T00:00:00Z								Human alphaherpesvirus 3		10335
PP378489.1			PARTIAL	72	Germany	Europe									Homo sapiens		9606	true					pOka_gC_GFP			126076				73		2024-02-28T00:00:00Z		GenBank		Hannover Medical School, Institute of Virology	Germany	Jurgens,C.,Pluckebaum,N.,Ssebyatika,G.,Beyer,S.,Mendes-Monteiro,L.,Wang,J.,Kropp,K.A.,Gonzalez-Motos,V.,Steinbruck,L.,Ritter,B.,Rodriguez-Gonzalez,C.,Boning,H.,Nikolouli,E.,Kinchington,P.R.,Lachmann,N.,Pearce Depledge,D.,Krey,T.,Viejo-Borbolla,A.	2024-02-28T00:00:00Z								Human alphaherpesvirus 3		10335
PP386307.1			COMPLETE	78	Spain	Europe												true		true		2007-06-18	MBC048		MRC-5 cells	124707				78		2024-03-12T00:00:00Z		GenBank		Vircell S.A., I+D, Molecular Diagnostics	Spain	Mendoza,P.,Ortiz-Alvarez,L.	2024-03-12T00:00:00Z								Human alphaherpesvirus 3		10335
PP666780.1			PARTIAL	1	India	Asia												true				2023-03-11	RMRCGKP_1834	lesion		375				1		2025-01-13T00:00:00Z		GenBank		ICMR-Regional Medical Research Centre, Gorakhpur, Virology Unit	India	Behera,S.P.,Dwivedi,G.R.,Shukla,A.,Mishra,N.,Fatima,I.,Tiwari,A.,Rajput,S.,Mishra,A.,Singh,R.	2025-01-13T00:00:00Z								Human alphaherpesvirus 3		10335
PP666781.1			PARTIAL	1	India	Asia												true				2023-03-11	RMRCGKP_1839	blood		375				1		2025-01-13T00:00:00Z		GenBank		ICMR-Regional Medical Research Centre, Gorakhpur, Virology Unit	India	Behera,S.P.,Dwivedi,G.R.,Shukla,A.,Mishra,N.,Fatima,I.,Tiwari,A.,Rajput,S.,Mishra,A.,Singh,R.	2025-01-13T00:00:00Z								Human alphaherpesvirus 3		10335
PP666782.1			PARTIAL	1	India	Asia												true				2023-04-12	RMRCGKP_2149	blood		375				1		2025-01-13T00:00:00Z		GenBank		ICMR-Regional Medical Research Centre, Gorakhpur, Virology Unit	India	Behera,S.P.,Dwivedi,G.R.,Shukla,A.,Mishra,N.,Fatima,I.,Tiwari,A.,Rajput,S.,Mishra,A.,Singh,R.	2025-01-13T00:00:00Z								Human alphaherpesvirus 3		10335
PP666783.1			PARTIAL	1	India	Asia												true				2023-03-20	RMRCGKP_1894	oronasopharynx		375				1		2025-01-13T00:00:00Z		GenBank		ICMR-Regional Medical Research Centre, Gorakhpur, Virology Unit	India	Behera,S.P.,Dwivedi,G.R.,Shukla,A.,Mishra,N.,Fatima,I.,Tiwari,A.,Rajput,S.,Mishra,A.,Singh,R.	2025-01-13T00:00:00Z								Human alphaherpesvirus 3		10335
PP666784.1			PARTIAL	1	India	Asia												true				2023-03-20	RMRCGKP_1895	lesion		375				1		2025-01-13T00:00:00Z		GenBank		ICMR-Regional Medical Research Centre, Gorakhpur, Virology Unit	India	Behera,S.P.,Dwivedi,G.R.,Shukla,A.,Mishra,N.,Fatima,I.,Tiwari,A.,Rajput,S.,Mishra,A.,Singh,R.	2025-01-13T00:00:00Z								Human alphaherpesvirus 3		10335
PP666785.1			PARTIAL	1	India	Asia												true				2023-03-20	RMRCGKP_1896	lesion		375				1		2025-01-13T00:00:00Z		GenBank		ICMR-Regional Medical Research Centre, Gorakhpur, Virology Unit	India	Behera,S.P.,Dwivedi,G.R.,Shukla,A.,Mishra,N.,Fatima,I.,Tiwari,A.,Rajput,S.,Mishra,A.,Singh,R.	2025-01-13T00:00:00Z								Human alphaherpesvirus 3		10335
PP666786.1			PARTIAL	1	India	Asia												true				2023-03-20	RMRCGKP_1901	blood		375				1		2025-01-13T00:00:00Z		GenBank		ICMR-Regional Medical Research Centre, Gorakhpur, Virology Unit	India	Behera,S.P.,Dwivedi,G.R.,Shukla,A.,Mishra,N.,Fatima,I.,Tiwari,A.,Rajput,S.,Mishra,A.,Singh,R.	2025-01-13T00:00:00Z								Human alphaherpesvirus 3		10335
PP666787.1			PARTIAL	1	India	Asia												true				2023-03-20	RMRCGKP_1903	oronasopharynx		375				1		2025-01-13T00:00:00Z		GenBank		ICMR-Regional Medical Research Centre, Gorakhpur, Virology Unit	India	Behera,S.P.,Dwivedi,G.R.,Shukla,A.,Mishra,N.,Fatima,I.,Tiwari,A.,Rajput,S.,Mishra,A.,Singh,R.	2025-01-13T00:00:00Z								Human alphaherpesvirus 3		10335
PP666788.1			PARTIAL	1	India	Asia												true				2023-03-20	RMRCGKP_1905	lesion		375				1		2025-01-13T00:00:00Z		GenBank		ICMR-Regional Medical Research Centre, Gorakhpur, Virology Unit	India	Behera,S.P.,Dwivedi,G.R.,Shukla,A.,Mishra,N.,Fatima,I.,Tiwari,A.,Rajput,S.,Mishra,A.,Singh,R.	2025-01-13T00:00:00Z								Human alphaherpesvirus 3		10335
PP666789.1			PARTIAL	1	India	Asia												true				2023-04-05	RMRCGKP_1982	oronasopharynx		375				1		2025-01-13T00:00:00Z		GenBank		ICMR-Regional Medical Research Centre, Gorakhpur, Virology Unit	India	Behera,S.P.,Dwivedi,G.R.,Shukla,A.,Mishra,N.,Fatima,I.,Tiwari,A.,Rajput,S.,Mishra,A.,Singh,R.	2025-01-13T00:00:00Z								Human alphaherpesvirus 3		10335
PP666790.1			PARTIAL	1	India	Asia												true				2023-04-05	RMRCGKP_1983	oronasopharynx		375				1		2025-01-13T00:00:00Z		GenBank		ICMR-Regional Medical Research Centre, Gorakhpur, Virology Unit	India	Behera,S.P.,Dwivedi,G.R.,Shukla,A.,Mishra,N.,Fatima,I.,Tiwari,A.,Rajput,S.,Mishra,A.,Singh,R.	2025-01-13T00:00:00Z								Human alphaherpesvirus 3		10335
PP666791.1			PARTIAL	1	India	Asia												true				2023-04-05	RMRCGKP_1985	oronasopharynx		375				1		2025-01-13T00:00:00Z		GenBank		ICMR-Regional Medical Research Centre, Gorakhpur, Virology Unit	India	Behera,S.P.,Dwivedi,G.R.,Shukla,A.,Mishra,N.,Fatima,I.,Tiwari,A.,Rajput,S.,Mishra,A.,Singh,R.	2025-01-13T00:00:00Z								Human alphaherpesvirus 3		10335
PP666792.1			PARTIAL	1	India	Asia												true				2023-04-27	RMRCGKP_2036	oronasopharynx		375				1		2025-01-13T00:00:00Z		GenBank		ICMR-Regional Medical Research Centre, Gorakhpur, Virology Unit	India	Behera,S.P.,Dwivedi,G.R.,Shukla,A.,Mishra,N.,Fatima,I.,Tiwari,A.,Rajput,S.,Mishra,A.,Singh,R.	2025-01-13T00:00:00Z								Human alphaherpesvirus 3		10335
PP666793.1			PARTIAL	1	India	Asia												true				2023-04-27	RMRCGKP_2043	oronasopharynx		375				1		2025-01-13T00:00:00Z		GenBank		ICMR-Regional Medical Research Centre, Gorakhpur, Virology Unit	India	Behera,S.P.,Dwivedi,G.R.,Shukla,A.,Mishra,N.,Fatima,I.,Tiwari,A.,Rajput,S.,Mishra,A.,Singh,R.	2025-01-13T00:00:00Z								Human alphaherpesvirus 3		10335
PP666794.1			PARTIAL	1	India	Asia												true				2023-04-27	RMRCGKP_2046	oronasopharynx		375				1		2025-01-13T00:00:00Z		GenBank		ICMR-Regional Medical Research Centre, Gorakhpur, Virology Unit	India	Behera,S.P.,Dwivedi,G.R.,Shukla,A.,Mishra,N.,Fatima,I.,Tiwari,A.,Rajput,S.,Mishra,A.,Singh,R.	2025-01-13T00:00:00Z								Human alphaherpesvirus 3		10335
PP666795.1			PARTIAL	1	India	Asia												true				2023	RMRCGKP_1834	lesion		2729				1		2025-01-13T00:00:00Z		GenBank		ICMR-Regional Medical Research Centre, Gorakhpur, Virology Unit	India	Behera,S.P.,Dwivedi,G.R.,Shukla,A.,Mishra,N.,Fatima,I.,Rajput,S.,Tiwari,A.,Singh,R.,Mishra,A.	2025-01-13T00:00:00Z								Human alphaherpesvirus 3		10335
PP666796.1			PARTIAL	1	India	Asia												true				2023	RMRCGKP_1839	blood		2729				1		2025-01-13T00:00:00Z		GenBank		ICMR-Regional Medical Research Centre, Gorakhpur, Virology Unit	India	Behera,S.P.,Dwivedi,G.R.,Shukla,A.,Mishra,N.,Fatima,I.,Rajput,S.,Tiwari,A.,Singh,R.,Mishra,A.	2025-01-13T00:00:00Z								Human alphaherpesvirus 3		10335
PP666797.1			PARTIAL	1	India	Asia												true				2023	RMRCGKP_2149	blood		2729				1		2025-01-13T00:00:00Z		GenBank		ICMR-Regional Medical Research Centre, Gorakhpur, Virology Unit	India	Behera,S.P.,Dwivedi,G.R.,Shukla,A.,Mishra,N.,Fatima,I.,Rajput,S.,Tiwari,A.,Singh,R.,Mishra,A.	2025-01-13T00:00:00Z								Human alphaherpesvirus 3		10335
PP666798.1			PARTIAL	1	India	Asia												true				2023	RMRCGKP_1894	oronasopharynx		2729				1		2025-01-13T00:00:00Z		GenBank		ICMR-Regional Medical Research Centre, Gorakhpur, Virology Unit	India	Behera,S.P.,Dwivedi,G.R.,Shukla,A.,Mishra,N.,Fatima,I.,Rajput,S.,Tiwari,A.,Singh,R.,Mishra,A.	2025-01-13T00:00:00Z								Human alphaherpesvirus 3		10335
PP666799.1			PARTIAL	1	India	Asia												true				2023	RMRCGKP_1895	lesion		2729				1		2025-01-13T00:00:00Z		GenBank		ICMR-Regional Medical Research Centre, Gorakhpur, Virology Unit	India	Behera,S.P.,Dwivedi,G.R.,Shukla,A.,Mishra,N.,Fatima,I.,Rajput,S.,Tiwari,A.,Singh,R.,Mishra,A.	2025-01-13T00:00:00Z								Human alphaherpesvirus 3		10335
PP666800.1			PARTIAL	1	India	Asia												true				2023	RMRCGKP_1896	lesion		2729				1		2025-01-13T00:00:00Z		GenBank		ICMR-Regional Medical Research Centre, Gorakhpur, Virology Unit	India	Behera,S.P.,Dwivedi,G.R.,Shukla,A.,Mishra,N.,Fatima,I.,Rajput,S.,Tiwari,A.,Singh,R.,Mishra,A.	2025-01-13T00:00:00Z								Human alphaherpesvirus 3		10335
PP666801.1			PARTIAL	1	India	Asia												true				2023	RMRCGKP_1901	blood		2729				1		2025-01-13T00:00:00Z		GenBank		ICMR-Regional Medical Research Centre, Gorakhpur, Virology Unit	India	Behera,S.P.,Dwivedi,G.R.,Shukla,A.,Mishra,N.,Fatima,I.,Rajput,S.,Tiwari,A.,Singh,R.,Mishra,A.	2025-01-13T00:00:00Z								Human alphaherpesvirus 3		10335
PP666802.1			PARTIAL	1	India	Asia												true				2023	RMRCGKP_1903	oronasopharynx		2729				1		2025-01-13T00:00:00Z		GenBank		ICMR-Regional Medical Research Centre, Gorakhpur, Virology Unit	India	Behera,S.P.,Dwivedi,G.R.,Shukla,A.,Mishra,N.,Fatima,I.,Rajput,S.,Tiwari,A.,Singh,R.,Mishra,A.	2025-01-13T00:00:00Z								Human alphaherpesvirus 3		10335
PP666803.1			PARTIAL	1	India	Asia												true				2023	RMRCGKP_1905	lesion		2729				1		2025-01-13T00:00:00Z		GenBank		ICMR-Regional Medical Research Centre, Gorakhpur, Virology Unit	India	Behera,S.P.,Dwivedi,G.R.,Shukla,A.,Mishra,N.,Fatima,I.,Rajput,S.,Tiwari,A.,Singh,R.,Mishra,A.	2025-01-13T00:00:00Z								Human alphaherpesvirus 3		10335
PP666804.1			PARTIAL	1	India	Asia												true				2023	RMRCGKP_1982	oronasopharynx		2729				1		2025-01-13T00:00:00Z		GenBank		ICMR-Regional Medical Research Centre, Gorakhpur, Virology Unit	India	Behera,S.P.,Dwivedi,G.R.,Shukla,A.,Mishra,N.,Fatima,I.,Rajput,S.,Tiwari,A.,Singh,R.,Mishra,A.	2025-01-13T00:00:00Z								Human alphaherpesvirus 3		10335
PP666805.1			PARTIAL	1	India	Asia												true				2023	RMRCGKP_1983	oronasopharynx		2729				1		2025-01-13T00:00:00Z		GenBank		ICMR-Regional Medical Research Centre, Gorakhpur, Virology Unit	India	Behera,S.P.,Dwivedi,G.R.,Shukla,A.,Mishra,N.,Fatima,I.,Rajput,S.,Tiwari,A.,Singh,R.,Mishra,A.	2025-01-13T00:00:00Z								Human alphaherpesvirus 3		10335
PP666806.1			PARTIAL	1	India	Asia												true				2023	RMRCGKP_1985	oronasopharynx		2729				1		2025-01-13T00:00:00Z		GenBank		ICMR-Regional Medical Research Centre, Gorakhpur, Virology Unit	India	Behera,S.P.,Dwivedi,G.R.,Shukla,A.,Mishra,N.,Fatima,I.,Rajput,S.,Tiwari,A.,Singh,R.,Mishra,A.	2025-01-13T00:00:00Z								Human alphaherpesvirus 3		10335
PP666807.1			PARTIAL	1	India	Asia												true				2023	RMRCGKP_2036	oronasopharynx		2729				1		2025-01-13T00:00:00Z		GenBank		ICMR-Regional Medical Research Centre, Gorakhpur, Virology Unit	India	Behera,S.P.,Dwivedi,G.R.,Shukla,A.,Mishra,N.,Fatima,I.,Rajput,S.,Tiwari,A.,Singh,R.,Mishra,A.	2025-01-13T00:00:00Z								Human alphaherpesvirus 3		10335
PP666808.1			PARTIAL	1	India	Asia												true				2023	RMRCGKP_2043	oronasopharynx		2729				1		2025-01-13T00:00:00Z		GenBank		ICMR-Regional Medical Research Centre, Gorakhpur, Virology Unit	India	Behera,S.P.,Dwivedi,G.R.,Shukla,A.,Mishra,N.,Fatima,I.,Rajput,S.,Tiwari,A.,Singh,R.,Mishra,A.	2025-01-13T00:00:00Z								Human alphaherpesvirus 3		10335
PP666809.1			PARTIAL	1	India	Asia												true				2023	RMRCGKP_2046	oronasopharynx		2729				1		2025-01-13T00:00:00Z		GenBank		ICMR-Regional Medical Research Centre, Gorakhpur, Virology Unit	India	Behera,S.P.,Dwivedi,G.R.,Shukla,A.,Mishra,N.,Fatima,I.,Rajput,S.,Tiwari,A.,Singh,R.,Mishra,A.	2025-01-13T00:00:00Z								Human alphaherpesvirus 3		10335
PP765801.1			PARTIAL	1	Sri Lanka	Asia									Homo sapiens		9606	true					RCH_012	cerebrospinal fluid		181				1		2024-05-18T00:00:00Z		GenBank		Robert Koch Institute, Centre for Biological Threats and Special Pathogens, Highly Pathogenic Viruses Division ZBS1	Germany	Perera,T.,Kohl,C.,Nitsche,A.	2024-05-18T00:00:00Z								Human alphaherpesvirus 3		10335
PP921713.1			PARTIAL	1	India	Asia												true				2023-03-11	RMRCGKP_1834	lesion		455				1		2025-01-13T00:00:00Z		GenBank		ICMR-Regional Medical Research Centre, Gorakhpur, Virology Unit	India	Behera,S.P.,Dwivedi,G.R.,Shukla,A.,Mishra,N.,Kumari,M.,Rajput,S.,Fatima,I.,Singh,R.,Tiwari,A.,Mishra,A.	2025-01-13T00:00:00Z								Human alphaherpesvirus 3		10335
PP921714.1			PARTIAL	1	India	Asia												true				2023-03-11	RMRCGKP_1839	blood		455				1		2025-01-13T00:00:00Z		GenBank		ICMR-Regional Medical Research Centre, Gorakhpur, Virology Unit	India	Behera,S.P.,Dwivedi,G.R.,Shukla,A.,Mishra,N.,Kumari,M.,Rajput,S.,Fatima,I.,Singh,R.,Tiwari,A.,Mishra,A.	2025-01-13T00:00:00Z								Human alphaherpesvirus 3		10335
PP921715.1			PARTIAL	1	India	Asia												true				2023-05-12	RMRCGKP_2149	blood		455				1		2025-01-13T00:00:00Z		GenBank		ICMR-Regional Medical Research Centre, Gorakhpur, Virology Unit	India	Behera,S.P.,Dwivedi,G.R.,Shukla,A.,Mishra,N.,Kumari,M.,Rajput,S.,Fatima,I.,Singh,R.,Tiwari,A.,Mishra,A.	2025-01-13T00:00:00Z								Human alphaherpesvirus 3		10335
PP921716.1			PARTIAL	1	India	Asia												true				2023-03-20	RMRCGKP_1894	oronasopharynx		455				1		2025-01-13T00:00:00Z		GenBank		ICMR-Regional Medical Research Centre, Gorakhpur, Virology Unit	India	Behera,S.P.,Dwivedi,G.R.,Shukla,A.,Mishra,N.,Kumari,M.,Rajput,S.,Fatima,I.,Singh,R.,Tiwari,A.,Mishra,A.	2025-01-13T00:00:00Z								Human alphaherpesvirus 3		10335
PP921717.1			PARTIAL	1	India	Asia												true				2023-03-20	RMRCGKP_1895	lesion		455				1		2025-01-13T00:00:00Z		GenBank		ICMR-Regional Medical Research Centre, Gorakhpur, Virology Unit	India	Behera,S.P.,Dwivedi,G.R.,Shukla,A.,Mishra,N.,Kumari,M.,Rajput,S.,Fatima,I.,Singh,R.,Tiwari,A.,Mishra,A.	2025-01-13T00:00:00Z								Human alphaherpesvirus 3		10335
PP921718.1			PARTIAL	1	India	Asia												true				2023-03-20	RMRCGKP_1896	lesion		455				1		2025-01-13T00:00:00Z		GenBank		ICMR-Regional Medical Research Centre, Gorakhpur, Virology Unit	India	Behera,S.P.,Dwivedi,G.R.,Shukla,A.,Mishra,N.,Kumari,M.,Rajput,S.,Fatima,I.,Singh,R.,Tiwari,A.,Mishra,A.	2025-01-13T00:00:00Z								Human alphaherpesvirus 3		10335
PP921719.1			PARTIAL	1	India	Asia												true				2023-03-20	RMRCGKP_1901	blood		455				1		2025-01-13T00:00:00Z		GenBank		ICMR-Regional Medical Research Centre, Gorakhpur, Virology Unit	India	Behera,S.P.,Dwivedi,G.R.,Shukla,A.,Mishra,N.,Kumari,M.,Rajput,S.,Fatima,I.,Singh,R.,Tiwari,A.,Mishra,A.	2025-01-13T00:00:00Z								Human alphaherpesvirus 3		10335
PP921720.1			PARTIAL	1	India	Asia												true				2023-03-20	RMRCGKP_1903	oronasopharynx		455				1		2025-01-13T00:00:00Z		GenBank		ICMR-Regional Medical Research Centre, Gorakhpur, Virology Unit	India	Behera,S.P.,Dwivedi,G.R.,Shukla,A.,Mishra,N.,Kumari,M.,Rajput,S.,Fatima,I.,Singh,R.,Tiwari,A.,Mishra,A.	2025-01-13T00:00:00Z								Human alphaherpesvirus 3		10335
PP921721.1			PARTIAL	1	India	Asia												true				2023-03-20	RMRCGKP_1905	lesion		455				1		2025-01-13T00:00:00Z		GenBank		ICMR-Regional Medical Research Centre, Gorakhpur, Virology Unit	India	Behera,S.P.,Dwivedi,G.R.,Shukla,A.,Mishra,N.,Kumari,M.,Rajput,S.,Fatima,I.,Singh,R.,Tiwari,A.,Mishra,A.	2025-01-13T00:00:00Z								Human alphaherpesvirus 3		10335
PP921722.1			PARTIAL	1	India	Asia												true				2023-04-05	RMRCGKP_1982	oronasopharynx		455				1		2025-01-13T00:00:00Z		GenBank		ICMR-Regional Medical Research Centre, Gorakhpur, Virology Unit	India	Behera,S.P.,Dwivedi,G.R.,Shukla,A.,Mishra,N.,Kumari,M.,Rajput,S.,Fatima,I.,Singh,R.,Tiwari,A.,Mishra,A.	2025-01-13T00:00:00Z								Human alphaherpesvirus 3		10335
PP921723.1			PARTIAL	1	India	Asia												true				2023-04-05	RMRCGKP_1983	oronasopharynx		455				1		2025-01-13T00:00:00Z		GenBank		ICMR-Regional Medical Research Centre, Gorakhpur, Virology Unit	India	Behera,S.P.,Dwivedi,G.R.,Shukla,A.,Mishra,N.,Kumari,M.,Rajput,S.,Fatima,I.,Singh,R.,Tiwari,A.,Mishra,A.	2025-01-13T00:00:00Z								Human alphaherpesvirus 3		10335
PP921724.1			PARTIAL	1	India	Asia												true				2023-04-05	RMRCGKP_1985	oronasopharynx		455				1		2025-01-13T00:00:00Z		GenBank		ICMR-Regional Medical Research Centre, Gorakhpur, Virology Unit	India	Behera,S.P.,Dwivedi,G.R.,Shukla,A.,Mishra,N.,Kumari,M.,Rajput,S.,Fatima,I.,Singh,R.,Tiwari,A.,Mishra,A.	2025-01-13T00:00:00Z								Human alphaherpesvirus 3		10335
PP921725.1			PARTIAL	1	India	Asia												true				2023-04-27	RMRCGKP_2036	oronasopharynx		455				1		2025-01-13T00:00:00Z		GenBank		ICMR-Regional Medical Research Centre, Gorakhpur, Virology Unit	India	Behera,S.P.,Dwivedi,G.R.,Shukla,A.,Mishra,N.,Kumari,M.,Rajput,S.,Fatima,I.,Singh,R.,Tiwari,A.,Mishra,A.	2025-01-13T00:00:00Z								Human alphaherpesvirus 3		10335
PP921726.1			PARTIAL	1	India	Asia												true				2023-04-27	RMRCGKP_2043	oronasopharynx		455				1		2025-01-13T00:00:00Z		GenBank		ICMR-Regional Medical Research Centre, Gorakhpur, Virology Unit	India	Behera,S.P.,Dwivedi,G.R.,Shukla,A.,Mishra,N.,Kumari,M.,Rajput,S.,Fatima,I.,Singh,R.,Tiwari,A.,Mishra,A.	2025-01-13T00:00:00Z								Human alphaherpesvirus 3		10335
PP921727.1			PARTIAL	1	India	Asia												true				2023-04-27	RMRCGKP_2046	oronasopharynx		455				1		2025-01-13T00:00:00Z		GenBank		ICMR-Regional Medical Research Centre, Gorakhpur, Virology Unit	India	Behera,S.P.,Dwivedi,G.R.,Shukla,A.,Mishra,N.,Kumari,M.,Rajput,S.,Fatima,I.,Singh,R.,Tiwari,A.,Mishra,A.	2025-01-13T00:00:00Z								Human alphaherpesvirus 3		10335
PP921728.1			PARTIAL	1	India	Asia												true				2023-03-11	RMRCGKP_1834	lesion		436				1		2025-01-13T00:00:00Z		GenBank		ICMR-Regional Medical Research Centre, Gorakhpur, Virology Unit	India	Behera,S.P.,Dwivedi,G.R.,Mishra,A.,Mishra,N.,Kumari,M.,Rajput,S.,Fatima,I.,Singh,R.,Tiwari,A.	2025-01-13T00:00:00Z								Human alphaherpesvirus 3		10335
PP921729.1			PARTIAL	1	India	Asia												true				2023-03-11	RMRCGKP_1839	blood		436				1		2025-01-13T00:00:00Z		GenBank		ICMR-Regional Medical Research Centre, Gorakhpur, Virology Unit	India	Behera,S.P.,Dwivedi,G.R.,Mishra,A.,Mishra,N.,Kumari,M.,Rajput,S.,Fatima,I.,Singh,R.,Tiwari,A.	2025-01-13T00:00:00Z								Human alphaherpesvirus 3		10335
PP921730.1			PARTIAL	1	India	Asia												true				2023-05-12	RMRCGKP_2149	blood		436				1		2025-01-13T00:00:00Z		GenBank		ICMR-Regional Medical Research Centre, Gorakhpur, Virology Unit	India	Behera,S.P.,Dwivedi,G.R.,Mishra,A.,Mishra,N.,Kumari,M.,Rajput,S.,Fatima,I.,Singh,R.,Tiwari,A.	2025-01-13T00:00:00Z								Human alphaherpesvirus 3		10335
PP921731.1			PARTIAL	1	India	Asia												true				2023-03-20	RMRCGKP_1894	oronasopharynx		436				1		2025-01-13T00:00:00Z		GenBank		ICMR-Regional Medical Research Centre, Gorakhpur, Virology Unit	India	Behera,S.P.,Dwivedi,G.R.,Mishra,A.,Mishra,N.,Kumari,M.,Rajput,S.,Fatima,I.,Singh,R.,Tiwari,A.	2025-01-13T00:00:00Z								Human alphaherpesvirus 3		10335
PP921732.1			PARTIAL	1	India	Asia												true				2023-03-20	RMRCGKP_1895	lesion		436				1		2025-01-13T00:00:00Z		GenBank		ICMR-Regional Medical Research Centre, Gorakhpur, Virology Unit	India	Behera,S.P.,Dwivedi,G.R.,Mishra,A.,Mishra,N.,Kumari,M.,Rajput,S.,Fatima,I.,Singh,R.,Tiwari,A.	2025-01-13T00:00:00Z								Human alphaherpesvirus 3		10335
PP921733.1			PARTIAL	1	India	Asia												true				2023-03-20	RMRCGKP_1896	lesion		436				1		2025-01-13T00:00:00Z		GenBank		ICMR-Regional Medical Research Centre, Gorakhpur, Virology Unit	India	Behera,S.P.,Dwivedi,G.R.,Mishra,A.,Mishra,N.,Kumari,M.,Rajput,S.,Fatima,I.,Singh,R.,Tiwari,A.	2025-01-13T00:00:00Z								Human alphaherpesvirus 3		10335
PP921734.1			PARTIAL	1	India	Asia												true				2023-03-20	RMRCGKP_1901	blood		436				1		2025-01-13T00:00:00Z		GenBank		ICMR-Regional Medical Research Centre, Gorakhpur, Virology Unit	India	Behera,S.P.,Dwivedi,G.R.,Mishra,A.,Mishra,N.,Kumari,M.,Rajput,S.,Fatima,I.,Singh,R.,Tiwari,A.	2025-01-13T00:00:00Z								Human alphaherpesvirus 3		10335
PP921735.1			PARTIAL	1	India	Asia												true				2023-03-20	RMRCGKP_1903	oronasopharynx		436				1		2025-01-13T00:00:00Z		GenBank		ICMR-Regional Medical Research Centre, Gorakhpur, Virology Unit	India	Behera,S.P.,Dwivedi,G.R.,Mishra,A.,Mishra,N.,Kumari,M.,Rajput,S.,Fatima,I.,Singh,R.,Tiwari,A.	2025-01-13T00:00:00Z								Human alphaherpesvirus 3		10335
PP921736.1			PARTIAL	1	India	Asia												true				2023-03-20	RMRCGKP_1905	lesion		436				1		2025-01-13T00:00:00Z		GenBank		ICMR-Regional Medical Research Centre, Gorakhpur, Virology Unit	India	Behera,S.P.,Dwivedi,G.R.,Mishra,A.,Mishra,N.,Kumari,M.,Rajput,S.,Fatima,I.,Singh,R.,Tiwari,A.	2025-01-13T00:00:00Z								Human alphaherpesvirus 3		10335
PP921737.1			PARTIAL	1	India	Asia												true				2023-04-05	RMRCGKP_1982	oronasopharynx		436				1		2025-01-13T00:00:00Z		GenBank		ICMR-Regional Medical Research Centre, Gorakhpur, Virology Unit	India	Behera,S.P.,Dwivedi,G.R.,Mishra,A.,Mishra,N.,Kumari,M.,Rajput,S.,Fatima,I.,Singh,R.,Tiwari,A.	2025-01-13T00:00:00Z								Human alphaherpesvirus 3		10335
PP921738.1			PARTIAL	1	India	Asia												true				2023-04-05	RMRCGKP_1983	oronasopharynx		436				1		2025-01-13T00:00:00Z		GenBank		ICMR-Regional Medical Research Centre, Gorakhpur, Virology Unit	India	Behera,S.P.,Dwivedi,G.R.,Mishra,A.,Mishra,N.,Kumari,M.,Rajput,S.,Fatima,I.,Singh,R.,Tiwari,A.	2025-01-13T00:00:00Z								Human alphaherpesvirus 3		10335
PP921739.1			PARTIAL	1	India	Asia												true				2023-04-05	RMRCGKP_1985	oronasopharynx		436				1		2025-01-13T00:00:00Z		GenBank		ICMR-Regional Medical Research Centre, Gorakhpur, Virology Unit	India	Behera,S.P.,Dwivedi,G.R.,Mishra,A.,Mishra,N.,Kumari,M.,Rajput,S.,Fatima,I.,Singh,R.,Tiwari,A.	2025-01-13T00:00:00Z								Human alphaherpesvirus 3		10335
PP921740.1			PARTIAL	1	India	Asia												true				2023-04-27	RMRCGKP_2036	oronasopharynx		436				1		2025-01-13T00:00:00Z		GenBank		ICMR-Regional Medical Research Centre, Gorakhpur, Virology Unit	India	Behera,S.P.,Dwivedi,G.R.,Mishra,A.,Mishra,N.,Kumari,M.,Rajput,S.,Fatima,I.,Singh,R.,Tiwari,A.	2025-01-13T00:00:00Z								Human alphaherpesvirus 3		10335
PP921741.1			PARTIAL	1	India	Asia												true				2023-04-27	RMRCGKP_2043	oronasopharynx		436				1		2025-01-13T00:00:00Z		GenBank		ICMR-Regional Medical Research Centre, Gorakhpur, Virology Unit	India	Behera,S.P.,Dwivedi,G.R.,Mishra,A.,Mishra,N.,Kumari,M.,Rajput,S.,Fatima,I.,Singh,R.,Tiwari,A.	2025-01-13T00:00:00Z								Human alphaherpesvirus 3		10335
PP921742.1			PARTIAL	1	India	Asia												true				2023-04-27	RMRCGKP_2046	oronasopharynx		436				1		2025-01-13T00:00:00Z		GenBank		ICMR-Regional Medical Research Centre, Gorakhpur, Virology Unit	India	Behera,S.P.,Dwivedi,G.R.,Mishra,A.,Mishra,N.,Kumari,M.,Rajput,S.,Fatima,I.,Singh,R.,Tiwari,A.	2025-01-13T00:00:00Z								Human alphaherpesvirus 3		10335
PQ039870.1			PARTIAL	1	China: Jilin	Asia									Homo sapiens		9606	true				2010	VZV10-14			1023				1		2025-10-11T00:00:00Z		GenBank		China-Japan Union Hospital of Jilin University, Department of infectious disease	China	Li,X.,Sun,H.,Qin,G.,Sun,Y.,Tian,X.,Han,M.,Wang,J.,Ji,S.	2025-10-11T00:00:00Z								Human alphaherpesvirus 3		10335
PQ039871.1			PARTIAL	1	China: Jilin	Asia									Homo sapiens		9606	true				2010	VZV10-16			1023				1		2025-10-11T00:00:00Z		GenBank		China-Japan Union Hospital of Jilin University, Department of infectious disease	China	Li,X.,Sun,H.,Qin,G.,Sun,Y.,Tian,X.,Han,M.,Wang,J.,Ji,S.	2025-10-11T00:00:00Z								Human alphaherpesvirus 3		10335
PQ039872.1			PARTIAL	1	China: Jilin	Asia									Homo sapiens		9606	true				2011	VZV11-3			1023				1		2025-10-11T00:00:00Z		GenBank		China-Japan Union Hospital of Jilin University, Department of infectious disease	China	Li,X.,Sun,H.,Qin,G.,Sun,Y.,Tian,X.,Han,M.,Wang,J.,Ji,S.	2025-10-11T00:00:00Z								Human alphaherpesvirus 3		10335
PQ039873.1			PARTIAL	1	China: Jilin	Asia									Homo sapiens		9606	true				2011	VZV11-5			1023				1		2025-10-11T00:00:00Z		GenBank		China-Japan Union Hospital of Jilin University, Department of infectious disease	China	Li,X.,Sun,H.,Qin,G.,Sun,Y.,Tian,X.,Han,M.,Wang,J.,Ji,S.	2025-10-11T00:00:00Z								Human alphaherpesvirus 3		10335
PQ039874.1			PARTIAL	1	China: Jilin	Asia									Homo sapiens		9606	true				2012	VZV12-1			1023				1		2025-10-11T00:00:00Z		GenBank		China-Japan Union Hospital of Jilin University, Department of infectious disease	China	Li,X.,Sun,H.,Qin,G.,Sun,Y.,Tian,X.,Han,M.,Wang,J.,Ji,S.	2025-10-11T00:00:00Z								Human alphaherpesvirus 3		10335
PQ039875.1			PARTIAL	1	China: Jilin	Asia									Homo sapiens		9606	true				2012	VZV12-5			1023				1		2025-10-11T00:00:00Z		GenBank		China-Japan Union Hospital of Jilin University, Department of infectious disease	China	Li,X.,Sun,H.,Qin,G.,Sun,Y.,Tian,X.,Han,M.,Wang,J.,Ji,S.	2025-10-11T00:00:00Z								Human alphaherpesvirus 3		10335
PQ039876.1			PARTIAL	1	China: Jilin	Asia									Homo sapiens		9606	true				2013	VZV13-3			1023				1		2025-10-11T00:00:00Z		GenBank		China-Japan Union Hospital of Jilin University, Department of infectious disease	China	Li,X.,Sun,H.,Qin,G.,Sun,Y.,Tian,X.,Han,M.,Wang,J.,Ji,S.	2025-10-11T00:00:00Z								Human alphaherpesvirus 3		10335
PQ039877.1			PARTIAL	1	China: Jilin	Asia									Homo sapiens		9606	true				2013	VZV13-7			1023				1		2025-10-11T00:00:00Z		GenBank		China-Japan Union Hospital of Jilin University, Department of infectious disease	China	Li,X.,Sun,H.,Qin,G.,Sun,Y.,Tian,X.,Han,M.,Wang,J.,Ji,S.	2025-10-11T00:00:00Z								Human alphaherpesvirus 3		10335
PQ039878.1			PARTIAL	1	China: Jilin	Asia									Homo sapiens		9606	true				2014	VZV14-2			1023				1		2025-10-11T00:00:00Z		GenBank		China-Japan Union Hospital of Jilin University, Department of infectious disease	China	Li,X.,Sun,H.,Qin,G.,Sun,Y.,Tian,X.,Han,M.,Wang,J.,Ji,S.	2025-10-11T00:00:00Z								Human alphaherpesvirus 3		10335
PQ039879.1			PARTIAL	1	China: Jilin	Asia									Homo sapiens		9606	true				2014	VZV14-4			1023				1		2025-10-11T00:00:00Z		GenBank		China-Japan Union Hospital of Jilin University, Department of infectious disease	China	Li,X.,Sun,H.,Qin,G.,Sun,Y.,Tian,X.,Han,M.,Wang,J.,Ji,S.	2025-10-11T00:00:00Z								Human alphaherpesvirus 3		10335
PQ039880.1			PARTIAL	1	China: Jilin	Asia									Homo sapiens		9606	true				2014	VZV14-5			1023				1		2025-10-11T00:00:00Z		GenBank		China-Japan Union Hospital of Jilin University, Department of infectious disease	China	Li,X.,Sun,H.,Qin,G.,Sun,Y.,Tian,X.,Han,M.,Wang,J.,Ji,S.	2025-10-11T00:00:00Z								Human alphaherpesvirus 3		10335
PQ039881.1			PARTIAL	1	China: Jilin	Asia									Homo sapiens		9606	true				2014	VZV14-6			1023				1		2025-10-11T00:00:00Z		GenBank		China-Japan Union Hospital of Jilin University, Department of infectious disease	China	Li,X.,Sun,H.,Qin,G.,Sun,Y.,Tian,X.,Han,M.,Wang,J.,Ji,S.	2025-10-11T00:00:00Z								Human alphaherpesvirus 3		10335
PQ039882.1			PARTIAL	1	China: Jilin	Asia									Homo sapiens		9606	true				2014	VZV14-8			1023				1		2025-10-11T00:00:00Z		GenBank		China-Japan Union Hospital of Jilin University, Department of infectious disease	China	Li,X.,Sun,H.,Qin,G.,Sun,Y.,Tian,X.,Han,M.,Wang,J.,Ji,S.	2025-10-11T00:00:00Z								Human alphaherpesvirus 3		10335
PQ039883.1			PARTIAL	1	China: Jilin	Asia									Homo sapiens		9606	true				2014	VZV14-9			1023				1		2025-10-11T00:00:00Z		GenBank		China-Japan Union Hospital of Jilin University, Department of infectious disease	China	Li,X.,Sun,H.,Qin,G.,Sun,Y.,Tian,X.,Han,M.,Wang,J.,Ji,S.	2025-10-11T00:00:00Z								Human alphaherpesvirus 3		10335
PQ039884.1			PARTIAL	1	China: Jilin	Asia									Homo sapiens		9606	true				2014	VZV14-10			1023				1		2025-10-11T00:00:00Z		GenBank		China-Japan Union Hospital of Jilin University, Department of infectious disease	China	Li,X.,Sun,H.,Qin,G.,Sun,Y.,Tian,X.,Han,M.,Wang,J.,Ji,S.	2025-10-11T00:00:00Z								Human alphaherpesvirus 3		10335
PQ039885.1			PARTIAL	1	China: Jilin	Asia									Homo sapiens		9606	true				2014	VZV14-12			1023				1		2025-10-11T00:00:00Z		GenBank		China-Japan Union Hospital of Jilin University, Department of infectious disease	China	Li,X.,Sun,H.,Qin,G.,Sun,Y.,Tian,X.,Han,M.,Wang,J.,Ji,S.	2025-10-11T00:00:00Z								Human alphaherpesvirus 3		10335
PQ039886.1			PARTIAL	1	China: Jilin	Asia									Homo sapiens		9606	true				2015	VZV15-1			1023				1		2025-10-11T00:00:00Z		GenBank		China-Japan Union Hospital of Jilin University, Department of infectious disease	China	Li,X.,Sun,H.,Qin,G.,Sun,Y.,Tian,X.,Han,M.,Wang,J.,Ji,S.	2025-10-11T00:00:00Z								Human alphaherpesvirus 3		10335
PQ039887.1			PARTIAL	1	China: Jilin	Asia									Homo sapiens		9606	true				2015	VZV15-11			1023				1		2025-10-11T00:00:00Z		GenBank		China-Japan Union Hospital of Jilin University, Department of infectious disease	China	Li,X.,Sun,H.,Qin,G.,Sun,Y.,Tian,X.,Han,M.,Wang,J.,Ji,S.	2025-10-11T00:00:00Z								Human alphaherpesvirus 3		10335
PQ039888.1			PARTIAL	1	China: Jilin	Asia									Homo sapiens		9606	true				2016	VZV16-2			1023				1		2025-10-11T00:00:00Z		GenBank		China-Japan Union Hospital of Jilin University, Department of infectious disease	China	Li,X.,Sun,H.,Qin,G.,Sun,Y.,Tian,X.,Han,M.,Wang,J.,Ji,S.	2025-10-11T00:00:00Z								Human alphaherpesvirus 3		10335
PQ039889.1			PARTIAL	1	China: Jilin	Asia									Homo sapiens		9606	true				2016	VZV16-4			1023				1		2025-10-11T00:00:00Z		GenBank		China-Japan Union Hospital of Jilin University, Department of infectious disease	China	Li,X.,Sun,H.,Qin,G.,Sun,Y.,Tian,X.,Han,M.,Wang,J.,Ji,S.	2025-10-11T00:00:00Z								Human alphaherpesvirus 3		10335
PQ039890.1			PARTIAL	1	China: Jilin	Asia									Homo sapiens		9606	true				2016	VZV16-5			1023				1		2025-10-11T00:00:00Z		GenBank		China-Japan Union Hospital of Jilin University, Department of infectious disease	China	Li,X.,Sun,H.,Qin,G.,Sun,Y.,Tian,X.,Han,M.,Wang,J.,Ji,S.	2025-10-11T00:00:00Z								Human alphaherpesvirus 3		10335
PQ039891.1			PARTIAL	1	China: Jilin	Asia									Homo sapiens		9606	true				2016	VZV16-7			1023				1		2025-10-11T00:00:00Z		GenBank		China-Japan Union Hospital of Jilin University, Department of infectious disease	China	Li,X.,Sun,H.,Qin,G.,Sun,Y.,Tian,X.,Han,M.,Wang,J.,Ji,S.	2025-10-11T00:00:00Z								Human alphaherpesvirus 3		10335
PQ039892.1			PARTIAL	1	China: Jilin	Asia									Homo sapiens		9606	true				2016	VZV16-8			1023				1		2025-10-11T00:00:00Z		GenBank		China-Japan Union Hospital of Jilin University, Department of infectious disease	China	Li,X.,Sun,H.,Qin,G.,Sun,Y.,Tian,X.,Han,M.,Wang,J.,Ji,S.	2025-10-11T00:00:00Z								Human alphaherpesvirus 3		10335
PQ039893.1			PARTIAL	1	China: Jilin	Asia									Homo sapiens		9606	true				2017	VZV17-6			1023				1		2025-10-11T00:00:00Z		GenBank		China-Japan Union Hospital of Jilin University, Department of infectious disease	China	Li,X.,Sun,H.,Qin,G.,Sun,Y.,Tian,X.,Han,M.,Wang,J.,Ji,S.	2025-10-11T00:00:00Z								Human alphaherpesvirus 3		10335
PQ039894.1			PARTIAL	1	China: Jilin	Asia									Homo sapiens		9606	true				2017	VZV17-9			1023				1		2025-10-11T00:00:00Z		GenBank		China-Japan Union Hospital of Jilin University, Department of infectious disease	China	Li,X.,Sun,H.,Qin,G.,Sun,Y.,Tian,X.,Han,M.,Wang,J.,Ji,S.	2025-10-11T00:00:00Z								Human alphaherpesvirus 3		10335
PQ039895.1			PARTIAL	1	China: Jilin	Asia									Homo sapiens		9606	true				2018	VZV18-2			1023				1		2025-10-11T00:00:00Z		GenBank		China-Japan Union Hospital of Jilin University, Department of infectious disease	China	Li,X.,Sun,H.,Qin,G.,Sun,Y.,Tian,X.,Han,M.,Wang,J.,Ji,S.	2025-10-11T00:00:00Z								Human alphaherpesvirus 3		10335
PQ039896.1			PARTIAL	1	China: Jilin	Asia									Homo sapiens		9606	true				2019	VZV19-3			1023				1		2025-10-11T00:00:00Z		GenBank		China-Japan Union Hospital of Jilin University, Department of infectious disease	China	Li,X.,Sun,H.,Qin,G.,Sun,Y.,Tian,X.,Han,M.,Wang,J.,Ji,S.	2025-10-11T00:00:00Z								Human alphaherpesvirus 3		10335
PQ039897.1			PARTIAL	1	China: Jilin	Asia									Homo sapiens		9606	true				2020	VZV20-4			1023				1		2025-10-11T00:00:00Z		GenBank		China-Japan Union Hospital of Jilin University, Department of infectious disease	China	Li,X.,Sun,H.,Qin,G.,Sun,Y.,Tian,X.,Han,M.,Wang,J.,Ji,S.	2025-10-11T00:00:00Z								Human alphaherpesvirus 3		10335
PQ039898.1			PARTIAL	1	China: Jilin	Asia									Homo sapiens		9606	true				2021	VZV21-1			1023				1		2025-10-11T00:00:00Z		GenBank		China-Japan Union Hospital of Jilin University, Department of infectious disease	China	Li,X.,Sun,H.,Qin,G.,Sun,Y.,Tian,X.,Han,M.,Wang,J.,Ji,S.	2025-10-11T00:00:00Z								Human alphaherpesvirus 3		10335
PQ039899.1			PARTIAL	1	China: Jilin	Asia									Homo sapiens		9606	true				2021	VZV21-4			1023				1		2025-10-11T00:00:00Z		GenBank		China-Japan Union Hospital of Jilin University, Department of infectious disease	China	Li,X.,Sun,H.,Qin,G.,Sun,Y.,Tian,X.,Han,M.,Wang,J.,Ji,S.	2025-10-11T00:00:00Z								Human alphaherpesvirus 3		10335
PQ039900.1			PARTIAL	1	China: Jilin	Asia									Homo sapiens		9606	true				2022	VZV22-2			1023				1		2025-10-11T00:00:00Z		GenBank		China-Japan Union Hospital of Jilin University, Department of infectious disease	China	Li,X.,Sun,H.,Qin,G.,Sun,Y.,Tian,X.,Han,M.,Wang,J.,Ji,S.	2025-10-11T00:00:00Z								Human alphaherpesvirus 3		10335
PQ039901.1			PARTIAL	1	China: Jilin	Asia									Homo sapiens		9606	true				2022	VZV22-3			1023				1		2025-10-11T00:00:00Z		GenBank		China-Japan Union Hospital of Jilin University, Department of infectious disease	China	Li,X.,Sun,H.,Qin,G.,Sun,Y.,Tian,X.,Han,M.,Wang,J.,Ji,S.	2025-10-11T00:00:00Z								Human alphaherpesvirus 3		10335
PQ039902.1			PARTIAL	1	China: Jilin	Asia									Homo sapiens		9606	true				2023	VZV23-1			1023				1		2025-10-11T00:00:00Z		GenBank		China-Japan Union Hospital of Jilin University, Department of infectious disease	China	Li,X.,Sun,H.,Qin,G.,Sun,Y.,Tian,X.,Han,M.,Wang,J.,Ji,S.	2025-10-11T00:00:00Z								Human alphaherpesvirus 3		10335
PQ039903.1			PARTIAL	1	China: Jilin	Asia									Homo sapiens		9606	true				2023	VZV23-2			1023				1		2025-10-11T00:00:00Z		GenBank		China-Japan Union Hospital of Jilin University, Department of infectious disease	China	Li,X.,Sun,H.,Qin,G.,Sun,Y.,Tian,X.,Han,M.,Wang,J.,Ji,S.	2025-10-11T00:00:00Z								Human alphaherpesvirus 3		10335
PQ039904.1			PARTIAL	1	China: Jilin	Asia									Homo sapiens		9606	true				2023	VZV23-6			1023				1		2025-10-11T00:00:00Z		GenBank		China-Japan Union Hospital of Jilin University, Department of infectious disease	China	Li,X.,Sun,H.,Qin,G.,Sun,Y.,Tian,X.,Han,M.,Wang,J.,Ji,S.	2025-10-11T00:00:00Z								Human alphaherpesvirus 3		10335
PQ039905.1			PARTIAL	1	China: Jilin	Asia									Homo sapiens		9606	true				2023	VZV23-7			1023				1		2025-10-11T00:00:00Z		GenBank		China-Japan Union Hospital of Jilin University, Department of infectious disease	China	Li,X.,Sun,H.,Qin,G.,Sun,Y.,Tian,X.,Han,M.,Wang,J.,Ji,S.	2025-10-11T00:00:00Z								Human alphaherpesvirus 3		10335
PQ039906.1			PARTIAL	1	China: Jilin	Asia									Homo sapiens		9606	true				2024	VZV24-1			1023				1		2025-10-11T00:00:00Z		GenBank		China-Japan Union Hospital of Jilin University, Department of infectious disease	China	Li,X.,Sun,H.,Qin,G.,Sun,Y.,Tian,X.,Han,M.,Wang,J.,Ji,S.	2025-10-11T00:00:00Z								Human alphaherpesvirus 3		10335
PQ039907.1			PARTIAL	1	China: Jilin	Asia									Homo sapiens		9606	true				2024	VZV24-2			1023				1		2025-10-11T00:00:00Z		GenBank		China-Japan Union Hospital of Jilin University, Department of infectious disease	China	Li,X.,Sun,H.,Qin,G.,Sun,Y.,Tian,X.,Han,M.,Wang,J.,Ji,S.	2025-10-11T00:00:00Z								Human alphaherpesvirus 3		10335
PQ039908.1			PARTIAL	1	China: Jilin	Asia									Homo sapiens		9606	true				2010	VZV10-14			264				1		2025-10-11T00:00:00Z		GenBank		China-Japan Union Hospital of Jilin University, Department of infectious disease	China	Li,X.,Sun,H.,Qin,G.,Sun,Y.,Tian,X.,Han,M.,Wang,J.,Ji,S.,Shangwei,J.,Ji,W.	2025-10-11T00:00:00Z								Human alphaherpesvirus 3		10335
PQ039909.1			PARTIAL	1	China: Jilin	Asia									Homo sapiens		9606	true				2010	VZV10-16			264				1		2025-10-11T00:00:00Z		GenBank		China-Japan Union Hospital of Jilin University, Department of infectious disease	China	Li,X.,Sun,H.,Qin,G.,Sun,Y.,Tian,X.,Han,M.,Wang,J.,Ji,S.,Shangwei,J.,Ji,W.	2025-10-11T00:00:00Z								Human alphaherpesvirus 3		10335
PQ039910.1			PARTIAL	1	China: Jilin	Asia									Homo sapiens		9606	true				2011	VZV11-3			264				1		2025-10-11T00:00:00Z		GenBank		China-Japan Union Hospital of Jilin University, Department of infectious disease	China	Li,X.,Sun,H.,Qin,G.,Sun,Y.,Tian,X.,Han,M.,Wang,J.,Ji,S.,Shangwei,J.,Ji,W.	2025-10-11T00:00:00Z								Human alphaherpesvirus 3		10335
PQ039911.1			PARTIAL	1	China: Jilin	Asia									Homo sapiens		9606	true				2011	VZV11-5			264				1		2025-10-11T00:00:00Z		GenBank		China-Japan Union Hospital of Jilin University, Department of infectious disease	China	Li,X.,Sun,H.,Qin,G.,Sun,Y.,Tian,X.,Han,M.,Wang,J.,Ji,S.,Shangwei,J.,Ji,W.	2025-10-11T00:00:00Z								Human alphaherpesvirus 3		10335
PQ039912.1			PARTIAL	1	China: Jilin	Asia									Homo sapiens		9606	true				2012	VZV12-1			264				1		2025-10-11T00:00:00Z		GenBank		China-Japan Union Hospital of Jilin University, Department of infectious disease	China	Li,X.,Sun,H.,Qin,G.,Sun,Y.,Tian,X.,Han,M.,Wang,J.,Ji,S.,Shangwei,J.,Ji,W.	2025-10-11T00:00:00Z								Human alphaherpesvirus 3		10335
PQ039913.1			PARTIAL	1	China: Jilin	Asia									Homo sapiens		9606	true				2012	VZV12-5			264				1		2025-10-11T00:00:00Z		GenBank		China-Japan Union Hospital of Jilin University, Department of infectious disease	China	Li,X.,Sun,H.,Qin,G.,Sun,Y.,Tian,X.,Han,M.,Wang,J.,Ji,S.,Shangwei,J.,Ji,W.	2025-10-11T00:00:00Z								Human alphaherpesvirus 3		10335
PQ039914.1			PARTIAL	1	China: Jilin	Asia									Homo sapiens		9606	true				2013	VZV13-3			264				1		2025-10-11T00:00:00Z		GenBank		China-Japan Union Hospital of Jilin University, Department of infectious disease	China	Li,X.,Sun,H.,Qin,G.,Sun,Y.,Tian,X.,Han,M.,Wang,J.,Ji,S.,Shangwei,J.,Ji,W.	2025-10-11T00:00:00Z								Human alphaherpesvirus 3		10335
PQ039915.1			PARTIAL	1	China: Jilin	Asia									Homo sapiens		9606	true				2013	VZV13-7			264				1		2025-10-11T00:00:00Z		GenBank		China-Japan Union Hospital of Jilin University, Department of infectious disease	China	Li,X.,Sun,H.,Qin,G.,Sun,Y.,Tian,X.,Han,M.,Wang,J.,Ji,S.,Shangwei,J.,Ji,W.	2025-10-11T00:00:00Z								Human alphaherpesvirus 3		10335
PQ039916.1			PARTIAL	1	China: Jilin	Asia									Homo sapiens		9606	true				2014	VZV14-2			264				1		2025-10-11T00:00:00Z		GenBank		China-Japan Union Hospital of Jilin University, Department of infectious disease	China	Li,X.,Sun,H.,Qin,G.,Sun,Y.,Tian,X.,Han,M.,Wang,J.,Ji,S.,Shangwei,J.,Ji,W.	2025-10-11T00:00:00Z								Human alphaherpesvirus 3		10335
PQ039917.1			PARTIAL	1	China: Jilin	Asia									Homo sapiens		9606	true				2014	VZV14-4			264				1		2025-10-11T00:00:00Z		GenBank		China-Japan Union Hospital of Jilin University, Department of infectious disease	China	Li,X.,Sun,H.,Qin,G.,Sun,Y.,Tian,X.,Han,M.,Wang,J.,Ji,S.,Shangwei,J.,Ji,W.	2025-10-11T00:00:00Z								Human alphaherpesvirus 3		10335
PQ039918.1			PARTIAL	1	China: Jilin	Asia									Homo sapiens		9606	true				2014	VZV14-5			264				1		2025-10-11T00:00:00Z		GenBank		China-Japan Union Hospital of Jilin University, Department of infectious disease	China	Li,X.,Sun,H.,Qin,G.,Sun,Y.,Tian,X.,Han,M.,Wang,J.,Ji,S.,Shangwei,J.,Ji,W.	2025-10-11T00:00:00Z								Human alphaherpesvirus 3		10335
PQ039919.1			PARTIAL	1	China: Jilin	Asia									Homo sapiens		9606	true				2014	VZV14-6			264				1		2025-10-11T00:00:00Z		GenBank		China-Japan Union Hospital of Jilin University, Department of infectious disease	China	Li,X.,Sun,H.,Qin,G.,Sun,Y.,Tian,X.,Han,M.,Wang,J.,Ji,S.,Shangwei,J.,Ji,W.	2025-10-11T00:00:00Z								Human alphaherpesvirus 3		10335
PQ039920.1			PARTIAL	1	China: Jilin	Asia									Homo sapiens		9606	true				2014	VZV14-8			264				1		2025-10-11T00:00:00Z		GenBank		China-Japan Union Hospital of Jilin University, Department of infectious disease	China	Li,X.,Sun,H.,Qin,G.,Sun,Y.,Tian,X.,Han,M.,Wang,J.,Ji,S.,Shangwei,J.,Ji,W.	2025-10-11T00:00:00Z								Human alphaherpesvirus 3		10335
PQ039921.1			PARTIAL	1	China: Jilin	Asia									Homo sapiens		9606	true				2014	VZV14-9			264				1		2025-10-11T00:00:00Z		GenBank		China-Japan Union Hospital of Jilin University, Department of infectious disease	China	Li,X.,Sun,H.,Qin,G.,Sun,Y.,Tian,X.,Han,M.,Wang,J.,Ji,S.,Shangwei,J.,Ji,W.	2025-10-11T00:00:00Z								Human alphaherpesvirus 3		10335
PQ039922.1			PARTIAL	1	China: Jilin	Asia									Homo sapiens		9606	true				2014	VZV14-10			264				1		2025-10-11T00:00:00Z		GenBank		China-Japan Union Hospital of Jilin University, Department of infectious disease	China	Li,X.,Sun,H.,Qin,G.,Sun,Y.,Tian,X.,Han,M.,Wang,J.,Ji,S.,Shangwei,J.,Ji,W.	2025-10-11T00:00:00Z								Human alphaherpesvirus 3		10335
PQ039923.1			PARTIAL	1	China: Jilin	Asia									Homo sapiens		9606	true				2014	VZV14-12			264				1		2025-10-11T00:00:00Z		GenBank		China-Japan Union Hospital of Jilin University, Department of infectious disease	China	Li,X.,Sun,H.,Qin,G.,Sun,Y.,Tian,X.,Han,M.,Wang,J.,Ji,S.,Shangwei,J.,Ji,W.	2025-10-11T00:00:00Z								Human alphaherpesvirus 3		10335
PQ039924.1			PARTIAL	1	China: Jilin	Asia									Homo sapiens		9606	true				2015	VZV15-1			264				1		2025-10-11T00:00:00Z		GenBank		China-Japan Union Hospital of Jilin University, Department of infectious disease	China	Li,X.,Sun,H.,Qin,G.,Sun,Y.,Tian,X.,Han,M.,Wang,J.,Ji,S.,Shangwei,J.,Ji,W.	2025-10-11T00:00:00Z								Human alphaherpesvirus 3		10335
PQ039925.1			PARTIAL	1	China: Jilin	Asia									Homo sapiens		9606	true				2015	VZV15-11			264				1		2025-10-11T00:00:00Z		GenBank		China-Japan Union Hospital of Jilin University, Department of infectious disease	China	Li,X.,Sun,H.,Qin,G.,Sun,Y.,Tian,X.,Han,M.,Wang,J.,Ji,S.,Shangwei,J.,Ji,W.	2025-10-11T00:00:00Z								Human alphaherpesvirus 3		10335
PQ039926.1			PARTIAL	1	China: Jilin	Asia									Homo sapiens		9606	true				2016	VZV16-2			264				1		2025-10-11T00:00:00Z		GenBank		China-Japan Union Hospital of Jilin University, Department of infectious disease	China	Li,X.,Sun,H.,Qin,G.,Sun,Y.,Tian,X.,Han,M.,Wang,J.,Ji,S.,Shangwei,J.,Ji,W.	2025-10-11T00:00:00Z								Human alphaherpesvirus 3		10335
PQ039927.1			PARTIAL	1	China: Jilin	Asia									Homo sapiens		9606	true				2016	VZV16-4			264				1		2025-10-11T00:00:00Z		GenBank		China-Japan Union Hospital of Jilin University, Department of infectious disease	China	Li,X.,Sun,H.,Qin,G.,Sun,Y.,Tian,X.,Han,M.,Wang,J.,Ji,S.,Shangwei,J.,Ji,W.	2025-10-11T00:00:00Z								Human alphaherpesvirus 3		10335
PQ039928.1			PARTIAL	1	China: Jilin	Asia									Homo sapiens		9606	true				2016	VZV16-5			264				1		2025-10-11T00:00:00Z		GenBank		China-Japan Union Hospital of Jilin University, Department of infectious disease	China	Li,X.,Sun,H.,Qin,G.,Sun,Y.,Tian,X.,Han,M.,Wang,J.,Ji,S.,Shangwei,J.,Ji,W.	2025-10-11T00:00:00Z								Human alphaherpesvirus 3		10335
PQ039929.1			PARTIAL	1	China: Jilin	Asia									Homo sapiens		9606	true				2016	VZV16-7			264				1		2025-10-11T00:00:00Z		GenBank		China-Japan Union Hospital of Jilin University, Department of infectious disease	China	Li,X.,Sun,H.,Qin,G.,Sun,Y.,Tian,X.,Han,M.,Wang,J.,Ji,S.,Shangwei,J.,Ji,W.	2025-10-11T00:00:00Z								Human alphaherpesvirus 3		10335
PQ039930.1			PARTIAL	1	China: Jilin	Asia									Homo sapiens		9606	true				2016	VZV16-8			264				1		2025-10-11T00:00:00Z		GenBank		China-Japan Union Hospital of Jilin University, Department of infectious disease	China	Li,X.,Sun,H.,Qin,G.,Sun,Y.,Tian,X.,Han,M.,Wang,J.,Ji,S.,Shangwei,J.,Ji,W.	2025-10-11T00:00:00Z								Human alphaherpesvirus 3		10335
PQ039931.1			PARTIAL	1	China: Jilin	Asia									Homo sapiens		9606	true				2017	VZV17-6			264				1		2025-10-11T00:00:00Z		GenBank		China-Japan Union Hospital of Jilin University, Department of infectious disease	China	Li,X.,Sun,H.,Qin,G.,Sun,Y.,Tian,X.,Han,M.,Wang,J.,Ji,S.,Shangwei,J.,Ji,W.	2025-10-11T00:00:00Z								Human alphaherpesvirus 3		10335
PQ039932.1			PARTIAL	1	China: Jilin	Asia									Homo sapiens		9606	true				2017	VZV17-9			264				1		2025-10-11T00:00:00Z		GenBank		China-Japan Union Hospital of Jilin University, Department of infectious disease	China	Li,X.,Sun,H.,Qin,G.,Sun,Y.,Tian,X.,Han,M.,Wang,J.,Ji,S.,Shangwei,J.,Ji,W.	2025-10-11T00:00:00Z								Human alphaherpesvirus 3		10335
PQ039933.1			PARTIAL	1	China: Jilin	Asia									Homo sapiens		9606	true				2018	VZV18-2			264				1		2025-10-11T00:00:00Z		GenBank		China-Japan Union Hospital of Jilin University, Department of infectious disease	China	Li,X.,Sun,H.,Qin,G.,Sun,Y.,Tian,X.,Han,M.,Wang,J.,Ji,S.,Shangwei,J.,Ji,W.	2025-10-11T00:00:00Z								Human alphaherpesvirus 3		10335
PQ039934.1			PARTIAL	1	China: Jilin	Asia									Homo sapiens		9606	true				2019	VZV19-3			264				1		2025-10-11T00:00:00Z		GenBank		China-Japan Union Hospital of Jilin University, Department of infectious disease	China	Li,X.,Sun,H.,Qin,G.,Sun,Y.,Tian,X.,Han,M.,Wang,J.,Ji,S.,Shangwei,J.,Ji,W.	2025-10-11T00:00:00Z								Human alphaherpesvirus 3		10335
PQ039935.1			PARTIAL	1	China: Jilin	Asia									Homo sapiens		9606	true				2020	VZV20-4			264				1		2025-10-11T00:00:00Z		GenBank		China-Japan Union Hospital of Jilin University, Department of infectious disease	China	Li,X.,Sun,H.,Qin,G.,Sun,Y.,Tian,X.,Han,M.,Wang,J.,Ji,S.,Shangwei,J.,Ji,W.	2025-10-11T00:00:00Z								Human alphaherpesvirus 3		10335
PQ039936.1			PARTIAL	1	China: Jilin	Asia									Homo sapiens		9606	true				2021	VZV21-1			264				1		2025-10-11T00:00:00Z		GenBank		China-Japan Union Hospital of Jilin University, Department of infectious disease	China	Li,X.,Sun,H.,Qin,G.,Sun,Y.,Tian,X.,Han,M.,Wang,J.,Ji,S.,Shangwei,J.,Ji,W.	2025-10-11T00:00:00Z								Human alphaherpesvirus 3		10335
PQ039937.1			PARTIAL	1	China: Jilin	Asia									Homo sapiens		9606	true				2021	VZV21-4			264				1		2025-10-11T00:00:00Z		GenBank		China-Japan Union Hospital of Jilin University, Department of infectious disease	China	Li,X.,Sun,H.,Qin,G.,Sun,Y.,Tian,X.,Han,M.,Wang,J.,Ji,S.,Shangwei,J.,Ji,W.	2025-10-11T00:00:00Z								Human alphaherpesvirus 3		10335
PQ039938.1			PARTIAL	1	China: Jilin	Asia									Homo sapiens		9606	true				2022	VZV22-2			264				1		2025-10-11T00:00:00Z		GenBank		China-Japan Union Hospital of Jilin University, Department of infectious disease	China	Li,X.,Sun,H.,Qin,G.,Sun,Y.,Tian,X.,Han,M.,Wang,J.,Ji,S.,Shangwei,J.,Ji,W.	2025-10-11T00:00:00Z								Human alphaherpesvirus 3		10335
PQ039939.1			PARTIAL	1	China: Jilin	Asia									Homo sapiens		9606	true				2022	VZV22-3			264				1		2025-10-11T00:00:00Z		GenBank		China-Japan Union Hospital of Jilin University, Department of infectious disease	China	Li,X.,Sun,H.,Qin,G.,Sun,Y.,Tian,X.,Han,M.,Wang,J.,Ji,S.,Shangwei,J.,Ji,W.	2025-10-11T00:00:00Z								Human alphaherpesvirus 3		10335
PQ039940.1			PARTIAL	1	China: Jilin	Asia									Homo sapiens		9606	true				2023	VZV23-1			264				1		2025-10-11T00:00:00Z		GenBank		China-Japan Union Hospital of Jilin University, Department of infectious disease	China	Li,X.,Sun,H.,Qin,G.,Sun,Y.,Tian,X.,Han,M.,Wang,J.,Ji,S.,Shangwei,J.,Ji,W.	2025-10-11T00:00:00Z								Human alphaherpesvirus 3		10335
PQ039941.1			PARTIAL	1	China: Jilin	Asia									Homo sapiens		9606	true				2023	VZV23-2			264				1		2025-10-11T00:00:00Z		GenBank		China-Japan Union Hospital of Jilin University, Department of infectious disease	China	Li,X.,Sun,H.,Qin,G.,Sun,Y.,Tian,X.,Han,M.,Wang,J.,Ji,S.,Shangwei,J.,Ji,W.	2025-10-11T00:00:00Z								Human alphaherpesvirus 3		10335
PQ039942.1			PARTIAL	1	China: Jilin	Asia									Homo sapiens		9606	true				2023	VZV23-6			264				1		2025-10-11T00:00:00Z		GenBank		China-Japan Union Hospital of Jilin University, Department of infectious disease	China	Li,X.,Sun,H.,Qin,G.,Sun,Y.,Tian,X.,Han,M.,Wang,J.,Ji,S.,Shangwei,J.,Ji,W.	2025-10-11T00:00:00Z								Human alphaherpesvirus 3		10335
PQ039943.1			PARTIAL	1	China: Jilin	Asia									Homo sapiens		9606	true				2023	VZV23-7			264				1		2025-10-11T00:00:00Z		GenBank		China-Japan Union Hospital of Jilin University, Department of infectious disease	China	Li,X.,Sun,H.,Qin,G.,Sun,Y.,Tian,X.,Han,M.,Wang,J.,Ji,S.,Shangwei,J.,Ji,W.	2025-10-11T00:00:00Z								Human alphaherpesvirus 3		10335
PQ039944.1			PARTIAL	1	China: Jilin	Asia									Homo sapiens		9606	true				2024	VZV24-1			264				1		2025-10-11T00:00:00Z		GenBank		China-Japan Union Hospital of Jilin University, Department of infectious disease	China	Li,X.,Sun,H.,Qin,G.,Sun,Y.,Tian,X.,Han,M.,Wang,J.,Ji,S.,Shangwei,J.,Ji,W.	2025-10-11T00:00:00Z								Human alphaherpesvirus 3		10335
PQ039945.1			PARTIAL	1	China: Jilin	Asia									Homo sapiens		9606	true				2024	VZV24-2			264				1		2025-10-11T00:00:00Z		GenBank		China-Japan Union Hospital of Jilin University, Department of infectious disease	China	Li,X.,Sun,H.,Qin,G.,Sun,Y.,Tian,X.,Han,M.,Wang,J.,Ji,S.,Shangwei,J.,Ji,W.	2025-10-11T00:00:00Z								Human alphaherpesvirus 3		10335
PQ039946.1			PARTIAL	1	China: Jilin	Asia									Homo sapiens		9606	true				2010	VZV10-14			2607				1		2025-10-11T00:00:00Z		GenBank		China-Japan Union Hospital of Jilin University, Department of infectious disease	China	Li,X.,Sun,H.,Qin,G.,Sun,Y.,Tian,X.,Han,M.,Wang,J.,Ji,S.,Shangwei,J.,Ji,W.	2025-10-11T00:00:00Z								Human alphaherpesvirus 3		10335
PQ039947.1			PARTIAL	1	China: Jilin	Asia									Homo sapiens		9606	true				2010	VZV10-16			2607				1		2025-10-11T00:00:00Z		GenBank		China-Japan Union Hospital of Jilin University, Department of infectious disease	China	Li,X.,Sun,H.,Qin,G.,Sun,Y.,Tian,X.,Han,M.,Wang,J.,Ji,S.,Shangwei,J.,Ji,W.	2025-10-11T00:00:00Z								Human alphaherpesvirus 3		10335
PQ039948.1			PARTIAL	1	China: Jilin	Asia									Homo sapiens		9606	true				2011	VZV11-3			2607				1		2025-10-11T00:00:00Z		GenBank		China-Japan Union Hospital of Jilin University, Department of infectious disease	China	Li,X.,Sun,H.,Qin,G.,Sun,Y.,Tian,X.,Han,M.,Wang,J.,Ji,S.,Shangwei,J.,Ji,W.	2025-10-11T00:00:00Z								Human alphaherpesvirus 3		10335
PQ039949.1			PARTIAL	1	China: Jilin	Asia									Homo sapiens		9606	true				2011	VZV11-5			2607				1		2025-10-11T00:00:00Z		GenBank		China-Japan Union Hospital of Jilin University, Department of infectious disease	China	Li,X.,Sun,H.,Qin,G.,Sun,Y.,Tian,X.,Han,M.,Wang,J.,Ji,S.,Shangwei,J.,Ji,W.	2025-10-11T00:00:00Z								Human alphaherpesvirus 3		10335
PQ039950.1			PARTIAL	1	China: Jilin	Asia									Homo sapiens		9606	true				2012	VZV12-1			2607				1		2025-10-11T00:00:00Z		GenBank		China-Japan Union Hospital of Jilin University, Department of infectious disease	China	Li,X.,Sun,H.,Qin,G.,Sun,Y.,Tian,X.,Han,M.,Wang,J.,Ji,S.,Shangwei,J.,Ji,W.	2025-10-11T00:00:00Z								Human alphaherpesvirus 3		10335
PQ039951.1			PARTIAL	1	China: Jilin	Asia									Homo sapiens		9606	true				2012	VZV12-5			2607				1		2025-10-11T00:00:00Z		GenBank		China-Japan Union Hospital of Jilin University, Department of infectious disease	China	Li,X.,Sun,H.,Qin,G.,Sun,Y.,Tian,X.,Han,M.,Wang,J.,Ji,S.,Shangwei,J.,Ji,W.	2025-10-11T00:00:00Z								Human alphaherpesvirus 3		10335
PQ039952.1			PARTIAL	1	China: Jilin	Asia									Homo sapiens		9606	true				2013	VZV13-3			2607				1		2025-10-11T00:00:00Z		GenBank		China-Japan Union Hospital of Jilin University, Department of infectious disease	China	Li,X.,Sun,H.,Qin,G.,Sun,Y.,Tian,X.,Han,M.,Wang,J.,Ji,S.,Shangwei,J.,Ji,W.	2025-10-11T00:00:00Z								Human alphaherpesvirus 3		10335
PQ039953.1			PARTIAL	1	China: Jilin	Asia									Homo sapiens		9606	true				2013	VZV13-7			2607				1		2025-10-11T00:00:00Z		GenBank		China-Japan Union Hospital of Jilin University, Department of infectious disease	China	Li,X.,Sun,H.,Qin,G.,Sun,Y.,Tian,X.,Han,M.,Wang,J.,Ji,S.,Shangwei,J.,Ji,W.	2025-10-11T00:00:00Z								Human alphaherpesvirus 3		10335
PQ039954.1			PARTIAL	1	China: Jilin	Asia									Homo sapiens		9606	true				2014	VZV14-2			2607				1		2025-10-11T00:00:00Z		GenBank		China-Japan Union Hospital of Jilin University, Department of infectious disease	China	Li,X.,Sun,H.,Qin,G.,Sun,Y.,Tian,X.,Han,M.,Wang,J.,Ji,S.,Shangwei,J.,Ji,W.	2025-10-11T00:00:00Z								Human alphaherpesvirus 3		10335
PQ039955.1			PARTIAL	1	China: Jilin	Asia									Homo sapiens		9606	true				2014	VZV14-4			2607				1		2025-10-11T00:00:00Z		GenBank		China-Japan Union Hospital of Jilin University, Department of infectious disease	China	Li,X.,Sun,H.,Qin,G.,Sun,Y.,Tian,X.,Han,M.,Wang,J.,Ji,S.,Shangwei,J.,Ji,W.	2025-10-11T00:00:00Z								Human alphaherpesvirus 3		10335
PQ039956.1			PARTIAL	1	China: Jilin	Asia									Homo sapiens		9606	true				2014	VZV14-5			2607				1		2025-10-11T00:00:00Z		GenBank		China-Japan Union Hospital of Jilin University, Department of infectious disease	China	Li,X.,Sun,H.,Qin,G.,Sun,Y.,Tian,X.,Han,M.,Wang,J.,Ji,S.,Shangwei,J.,Ji,W.	2025-10-11T00:00:00Z								Human alphaherpesvirus 3		10335
PQ039957.1			PARTIAL	1	China: Jilin	Asia									Homo sapiens		9606	true				2014	VZV14-6			2607				1		2025-10-11T00:00:00Z		GenBank		China-Japan Union Hospital of Jilin University, Department of infectious disease	China	Li,X.,Sun,H.,Qin,G.,Sun,Y.,Tian,X.,Han,M.,Wang,J.,Ji,S.,Shangwei,J.,Ji,W.	2025-10-11T00:00:00Z								Human alphaherpesvirus 3		10335
PQ039958.1			PARTIAL	1	China: Jilin	Asia									Homo sapiens		9606	true				2014	VZV14-8			2607				1		2025-10-11T00:00:00Z		GenBank		China-Japan Union Hospital of Jilin University, Department of infectious disease	China	Li,X.,Sun,H.,Qin,G.,Sun,Y.,Tian,X.,Han,M.,Wang,J.,Ji,S.,Shangwei,J.,Ji,W.	2025-10-11T00:00:00Z								Human alphaherpesvirus 3		10335
PQ039959.1			PARTIAL	1	China: Jilin	Asia									Homo sapiens		9606	true				2014	VZV14-9			2607				1		2025-10-11T00:00:00Z		GenBank		China-Japan Union Hospital of Jilin University, Department of infectious disease	China	Li,X.,Sun,H.,Qin,G.,Sun,Y.,Tian,X.,Han,M.,Wang,J.,Ji,S.,Shangwei,J.,Ji,W.	2025-10-11T00:00:00Z								Human alphaherpesvirus 3		10335
PQ039960.1			PARTIAL	1	China: Jilin	Asia									Homo sapiens		9606	true				2014	VZV14-10			2607				1		2025-10-11T00:00:00Z		GenBank		China-Japan Union Hospital of Jilin University, Department of infectious disease	China	Li,X.,Sun,H.,Qin,G.,Sun,Y.,Tian,X.,Han,M.,Wang,J.,Ji,S.,Shangwei,J.,Ji,W.	2025-10-11T00:00:00Z								Human alphaherpesvirus 3		10335
PQ039961.1			PARTIAL	1	China: Jilin	Asia									Homo sapiens		9606	true				2014	VZV14-12			2607				1		2025-10-11T00:00:00Z		GenBank		China-Japan Union Hospital of Jilin University, Department of infectious disease	China	Li,X.,Sun,H.,Qin,G.,Sun,Y.,Tian,X.,Han,M.,Wang,J.,Ji,S.,Shangwei,J.,Ji,W.	2025-10-11T00:00:00Z								Human alphaherpesvirus 3		10335
PQ039962.1			PARTIAL	1	China: Jilin	Asia									Homo sapiens		9606	true				2015	VZV15-1			2607				1		2025-10-11T00:00:00Z		GenBank		China-Japan Union Hospital of Jilin University, Department of infectious disease	China	Li,X.,Sun,H.,Qin,G.,Sun,Y.,Tian,X.,Han,M.,Wang,J.,Ji,S.,Shangwei,J.,Ji,W.	2025-10-11T00:00:00Z								Human alphaherpesvirus 3		10335
PQ039963.1			PARTIAL	1	China: Jilin	Asia									Homo sapiens		9606	true				2015	VZV15-11			2607				1		2025-10-11T00:00:00Z		GenBank		China-Japan Union Hospital of Jilin University, Department of infectious disease	China	Li,X.,Sun,H.,Qin,G.,Sun,Y.,Tian,X.,Han,M.,Wang,J.,Ji,S.,Shangwei,J.,Ji,W.	2025-10-11T00:00:00Z								Human alphaherpesvirus 3		10335
PQ039964.1			PARTIAL	1	China: Jilin	Asia									Homo sapiens		9606	true				2016	VZV16-2			2607				1		2025-10-11T00:00:00Z		GenBank		China-Japan Union Hospital of Jilin University, Department of infectious disease	China	Li,X.,Sun,H.,Qin,G.,Sun,Y.,Tian,X.,Han,M.,Wang,J.,Ji,S.,Shangwei,J.,Ji,W.	2025-10-11T00:00:00Z								Human alphaherpesvirus 3		10335
PQ039965.1			PARTIAL	1	China: Jilin	Asia									Homo sapiens		9606	true				2016	VZV16-4			2607				1		2025-10-11T00:00:00Z		GenBank		China-Japan Union Hospital of Jilin University, Department of infectious disease	China	Li,X.,Sun,H.,Qin,G.,Sun,Y.,Tian,X.,Han,M.,Wang,J.,Ji,S.,Shangwei,J.,Ji,W.	2025-10-11T00:00:00Z								Human alphaherpesvirus 3		10335
PQ039966.1			PARTIAL	1	China: Jilin	Asia									Homo sapiens		9606	true				2016	VZV16-5			2607				1		2025-10-11T00:00:00Z		GenBank		China-Japan Union Hospital of Jilin University, Department of infectious disease	China	Li,X.,Sun,H.,Qin,G.,Sun,Y.,Tian,X.,Han,M.,Wang,J.,Ji,S.,Shangwei,J.,Ji,W.	2025-10-11T00:00:00Z								Human alphaherpesvirus 3		10335
PQ039967.1			PARTIAL	1	China: Jilin	Asia									Homo sapiens		9606	true				2016	VZV16-7			2607				1		2025-10-11T00:00:00Z		GenBank		China-Japan Union Hospital of Jilin University, Department of infectious disease	China	Li,X.,Sun,H.,Qin,G.,Sun,Y.,Tian,X.,Han,M.,Wang,J.,Ji,S.,Shangwei,J.,Ji,W.	2025-10-11T00:00:00Z								Human alphaherpesvirus 3		10335
PQ039968.1			PARTIAL	1	China: Jilin	Asia									Homo sapiens		9606	true				2016	VZV16-8			2607				1		2025-10-11T00:00:00Z		GenBank		China-Japan Union Hospital of Jilin University, Department of infectious disease	China	Li,X.,Sun,H.,Qin,G.,Sun,Y.,Tian,X.,Han,M.,Wang,J.,Ji,S.,Shangwei,J.,Ji,W.	2025-10-11T00:00:00Z								Human alphaherpesvirus 3		10335
PQ039969.1			PARTIAL	1	China: Jilin	Asia									Homo sapiens		9606	true				2017	VZV17-6			2607				1		2025-10-11T00:00:00Z		GenBank		China-Japan Union Hospital of Jilin University, Department of infectious disease	China	Li,X.,Sun,H.,Qin,G.,Sun,Y.,Tian,X.,Han,M.,Wang,J.,Ji,S.,Shangwei,J.,Ji,W.	2025-10-11T00:00:00Z								Human alphaherpesvirus 3		10335
PQ039970.1			PARTIAL	1	China: Jilin	Asia									Homo sapiens		9606	true				2017	VZV17-9			2607				1		2025-10-11T00:00:00Z		GenBank		China-Japan Union Hospital of Jilin University, Department of infectious disease	China	Li,X.,Sun,H.,Qin,G.,Sun,Y.,Tian,X.,Han,M.,Wang,J.,Ji,S.,Shangwei,J.,Ji,W.	2025-10-11T00:00:00Z								Human alphaherpesvirus 3		10335
PQ039971.1			PARTIAL	1	China: Jilin	Asia									Homo sapiens		9606	true				2018	VZV18-2			2607				1		2025-10-11T00:00:00Z		GenBank		China-Japan Union Hospital of Jilin University, Department of infectious disease	China	Li,X.,Sun,H.,Qin,G.,Sun,Y.,Tian,X.,Han,M.,Wang,J.,Ji,S.,Shangwei,J.,Ji,W.	2025-10-11T00:00:00Z								Human alphaherpesvirus 3		10335
PQ039972.1			PARTIAL	1	China: Jilin	Asia									Homo sapiens		9606	true				2019	VZV19-3			2607				1		2025-10-11T00:00:00Z		GenBank		China-Japan Union Hospital of Jilin University, Department of infectious disease	China	Li,X.,Sun,H.,Qin,G.,Sun,Y.,Tian,X.,Han,M.,Wang,J.,Ji,S.,Shangwei,J.,Ji,W.	2025-10-11T00:00:00Z								Human alphaherpesvirus 3		10335
PQ039973.1			PARTIAL	1	China: Jilin	Asia									Homo sapiens		9606	true				2020	VZV20-4			2607				1		2025-10-11T00:00:00Z		GenBank		China-Japan Union Hospital of Jilin University, Department of infectious disease	China	Li,X.,Sun,H.,Qin,G.,Sun,Y.,Tian,X.,Han,M.,Wang,J.,Ji,S.,Shangwei,J.,Ji,W.	2025-10-11T00:00:00Z								Human alphaherpesvirus 3		10335
PQ039974.1			PARTIAL	1	China: Jilin	Asia									Homo sapiens		9606	true				2021	VZV21-1			2607				1		2025-10-11T00:00:00Z		GenBank		China-Japan Union Hospital of Jilin University, Department of infectious disease	China	Li,X.,Sun,H.,Qin,G.,Sun,Y.,Tian,X.,Han,M.,Wang,J.,Ji,S.,Shangwei,J.,Ji,W.	2025-10-11T00:00:00Z								Human alphaherpesvirus 3		10335
PQ039975.1			PARTIAL	1	China: Jilin	Asia									Homo sapiens		9606	true				2021	VZV21-4			2607				1		2025-10-11T00:00:00Z		GenBank		China-Japan Union Hospital of Jilin University, Department of infectious disease	China	Li,X.,Sun,H.,Qin,G.,Sun,Y.,Tian,X.,Han,M.,Wang,J.,Ji,S.,Shangwei,J.,Ji,W.	2025-10-11T00:00:00Z								Human alphaherpesvirus 3		10335
PQ039976.1			PARTIAL	1	China: Jilin	Asia									Homo sapiens		9606	true				2022	VZV22-2			2607				1		2025-10-11T00:00:00Z		GenBank		China-Japan Union Hospital of Jilin University, Department of infectious disease	China	Li,X.,Sun,H.,Qin,G.,Sun,Y.,Tian,X.,Han,M.,Wang,J.,Ji,S.,Shangwei,J.,Ji,W.	2025-10-11T00:00:00Z								Human alphaherpesvirus 3		10335
PQ039977.1			PARTIAL	1	China: Jilin	Asia									Homo sapiens		9606	true				2022	VZV22-3			2607				1		2025-10-11T00:00:00Z		GenBank		China-Japan Union Hospital of Jilin University, Department of infectious disease	China	Li,X.,Sun,H.,Qin,G.,Sun,Y.,Tian,X.,Han,M.,Wang,J.,Ji,S.,Shangwei,J.,Ji,W.	2025-10-11T00:00:00Z								Human alphaherpesvirus 3		10335
PQ039978.1			PARTIAL	1	China: Jilin	Asia									Homo sapiens		9606	true				2023	VZV23-1			2607				1		2025-10-11T00:00:00Z		GenBank		China-Japan Union Hospital of Jilin University, Department of infectious disease	China	Li,X.,Sun,H.,Qin,G.,Sun,Y.,Tian,X.,Han,M.,Wang,J.,Ji,S.,Shangwei,J.,Ji,W.	2025-10-11T00:00:00Z								Human alphaherpesvirus 3		10335
PQ039979.1			PARTIAL	1	China: Jilin	Asia									Homo sapiens		9606	true				2023	VZV23-2			2607				1		2025-10-11T00:00:00Z		GenBank		China-Japan Union Hospital of Jilin University, Department of infectious disease	China	Li,X.,Sun,H.,Qin,G.,Sun,Y.,Tian,X.,Han,M.,Wang,J.,Ji,S.,Shangwei,J.,Ji,W.	2025-10-11T00:00:00Z								Human alphaherpesvirus 3		10335
PQ039980.1			PARTIAL	1	China: Jilin	Asia									Homo sapiens		9606	true				2023	VZV23-6			2607				1		2025-10-11T00:00:00Z		GenBank		China-Japan Union Hospital of Jilin University, Department of infectious disease	China	Li,X.,Sun,H.,Qin,G.,Sun,Y.,Tian,X.,Han,M.,Wang,J.,Ji,S.,Shangwei,J.,Ji,W.	2025-10-11T00:00:00Z								Human alphaherpesvirus 3		10335
PQ039981.1			PARTIAL	1	China: Jilin	Asia									Homo sapiens		9606	true				2023	VZV23-7			2607				1		2025-10-11T00:00:00Z		GenBank		China-Japan Union Hospital of Jilin University, Department of infectious disease	China	Li,X.,Sun,H.,Qin,G.,Sun,Y.,Tian,X.,Han,M.,Wang,J.,Ji,S.,Shangwei,J.,Ji,W.	2025-10-11T00:00:00Z								Human alphaherpesvirus 3		10335
PQ039982.1			PARTIAL	1	China: Jilin	Asia									Homo sapiens		9606	true				2024	VZV24-1			2607				1		2025-10-11T00:00:00Z		GenBank		China-Japan Union Hospital of Jilin University, Department of infectious disease	China	Li,X.,Sun,H.,Qin,G.,Sun,Y.,Tian,X.,Han,M.,Wang,J.,Ji,S.,Shangwei,J.,Ji,W.	2025-10-11T00:00:00Z								Human alphaherpesvirus 3		10335
PQ039983.1			PARTIAL	1	China: Jilin	Asia									Homo sapiens		9606	true				2024	VZV24-2			2607				1		2025-10-11T00:00:00Z		GenBank		China-Japan Union Hospital of Jilin University, Department of infectious disease	China	Li,X.,Sun,H.,Qin,G.,Sun,Y.,Tian,X.,Han,M.,Wang,J.,Ji,S.,Shangwei,J.,Ji,W.	2025-10-11T00:00:00Z								Human alphaherpesvirus 3		10335
PQ039984.1			PARTIAL	1	China: Jilin	Asia									Homo sapiens		9606	true				2010	VZV10-14			2526				1		2025-10-11T00:00:00Z		GenBank		China-Japan Union Hospital of Jilin University, Department of infectious disease	China	Li,X.,Sun,H.,Qin,G.,Sun,Y.,Tian,X.,Han,M.,Wang,J.,Ji,S.,Shangwei,J.,Ji,W.	2025-10-11T00:00:00Z								Human alphaherpesvirus 3		10335
PQ039985.1			PARTIAL	1	China: Jilin	Asia									Homo sapiens		9606	true				2010	VZV10-16			2526				1		2025-10-11T00:00:00Z		GenBank		China-Japan Union Hospital of Jilin University, Department of infectious disease	China	Li,X.,Sun,H.,Qin,G.,Sun,Y.,Tian,X.,Han,M.,Wang,J.,Ji,S.,Shangwei,J.,Ji,W.	2025-10-11T00:00:00Z								Human alphaherpesvirus 3		10335
PQ039986.1			PARTIAL	1	China: Jilin	Asia									Homo sapiens		9606	true				2011	VZV11-3			2526				1		2025-10-11T00:00:00Z		GenBank		China-Japan Union Hospital of Jilin University, Department of infectious disease	China	Li,X.,Sun,H.,Qin,G.,Sun,Y.,Tian,X.,Han,M.,Wang,J.,Ji,S.,Shangwei,J.,Ji,W.	2025-10-11T00:00:00Z								Human alphaherpesvirus 3		10335
PQ039987.1			PARTIAL	1	China: Jilin	Asia									Homo sapiens		9606	true				2011	VZV11-5			2526				1		2025-10-11T00:00:00Z		GenBank		China-Japan Union Hospital of Jilin University, Department of infectious disease	China	Li,X.,Sun,H.,Qin,G.,Sun,Y.,Tian,X.,Han,M.,Wang,J.,Ji,S.,Shangwei,J.,Ji,W.	2025-10-11T00:00:00Z								Human alphaherpesvirus 3		10335
PQ039988.1			PARTIAL	1	China: Jilin	Asia									Homo sapiens		9606	true				2012	VZV12-1			2526				1		2025-10-11T00:00:00Z		GenBank		China-Japan Union Hospital of Jilin University, Department of infectious disease	China	Li,X.,Sun,H.,Qin,G.,Sun,Y.,Tian,X.,Han,M.,Wang,J.,Ji,S.,Shangwei,J.,Ji,W.	2025-10-11T00:00:00Z								Human alphaherpesvirus 3		10335
PQ039989.1			PARTIAL	1	China: Jilin	Asia									Homo sapiens		9606	true				2012	VZV12-5			2526				1		2025-10-11T00:00:00Z		GenBank		China-Japan Union Hospital of Jilin University, Department of infectious disease	China	Li,X.,Sun,H.,Qin,G.,Sun,Y.,Tian,X.,Han,M.,Wang,J.,Ji,S.,Shangwei,J.,Ji,W.	2025-10-11T00:00:00Z								Human alphaherpesvirus 3		10335
PQ039990.1			PARTIAL	1	China: Jilin	Asia									Homo sapiens		9606	true				2013	VZV13-3			2526				1		2025-10-11T00:00:00Z		GenBank		China-Japan Union Hospital of Jilin University, Department of infectious disease	China	Li,X.,Sun,H.,Qin,G.,Sun,Y.,Tian,X.,Han,M.,Wang,J.,Ji,S.,Shangwei,J.,Ji,W.	2025-10-11T00:00:00Z								Human alphaherpesvirus 3		10335
PQ039991.1			PARTIAL	1	China: Jilin	Asia									Homo sapiens		9606	true				2013	VZV13-7			2526				1		2025-10-11T00:00:00Z		GenBank		China-Japan Union Hospital of Jilin University, Department of infectious disease	China	Li,X.,Sun,H.,Qin,G.,Sun,Y.,Tian,X.,Han,M.,Wang,J.,Ji,S.,Shangwei,J.,Ji,W.	2025-10-11T00:00:00Z								Human alphaherpesvirus 3		10335
PQ039992.1			PARTIAL	1	China: Jilin	Asia									Homo sapiens		9606	true				2014	VZV14-2			2526				1		2025-10-11T00:00:00Z		GenBank		China-Japan Union Hospital of Jilin University, Department of infectious disease	China	Li,X.,Sun,H.,Qin,G.,Sun,Y.,Tian,X.,Han,M.,Wang,J.,Ji,S.,Shangwei,J.,Ji,W.	2025-10-11T00:00:00Z								Human alphaherpesvirus 3		10335
PQ039993.1			PARTIAL	1	China: Jilin	Asia									Homo sapiens		9606	true				2014	VZV14-4			2526				1		2025-10-11T00:00:00Z		GenBank		China-Japan Union Hospital of Jilin University, Department of infectious disease	China	Li,X.,Sun,H.,Qin,G.,Sun,Y.,Tian,X.,Han,M.,Wang,J.,Ji,S.,Shangwei,J.,Ji,W.	2025-10-11T00:00:00Z								Human alphaherpesvirus 3		10335
PQ039994.1			PARTIAL	1	China: Jilin	Asia									Homo sapiens		9606	true				2014	VZV14-5			2526				1		2025-10-11T00:00:00Z		GenBank		China-Japan Union Hospital of Jilin University, Department of infectious disease	China	Li,X.,Sun,H.,Qin,G.,Sun,Y.,Tian,X.,Han,M.,Wang,J.,Ji,S.,Shangwei,J.,Ji,W.	2025-10-11T00:00:00Z								Human alphaherpesvirus 3		10335
PQ039995.1			PARTIAL	1	China: Jilin	Asia									Homo sapiens		9606	true				2014	VZV14-6			2526				1		2025-10-11T00:00:00Z		GenBank		China-Japan Union Hospital of Jilin University, Department of infectious disease	China	Li,X.,Sun,H.,Qin,G.,Sun,Y.,Tian,X.,Han,M.,Wang,J.,Ji,S.,Shangwei,J.,Ji,W.	2025-10-11T00:00:00Z								Human alphaherpesvirus 3		10335
PQ039996.1			PARTIAL	1	China: Jilin	Asia									Homo sapiens		9606	true				2014	VZV14-8			2526				1		2025-10-11T00:00:00Z		GenBank		China-Japan Union Hospital of Jilin University, Department of infectious disease	China	Li,X.,Sun,H.,Qin,G.,Sun,Y.,Tian,X.,Han,M.,Wang,J.,Ji,S.,Shangwei,J.,Ji,W.	2025-10-11T00:00:00Z								Human alphaherpesvirus 3		10335
PQ039997.1			PARTIAL	1	China: Jilin	Asia									Homo sapiens		9606	true				2014	VZV14-9			2526				1		2025-10-11T00:00:00Z		GenBank		China-Japan Union Hospital of Jilin University, Department of infectious disease	China	Li,X.,Sun,H.,Qin,G.,Sun,Y.,Tian,X.,Han,M.,Wang,J.,Ji,S.,Shangwei,J.,Ji,W.	2025-10-11T00:00:00Z								Human alphaherpesvirus 3		10335
PQ039998.1			PARTIAL	1	China: Jilin	Asia									Homo sapiens		9606	true				2014	VZV14-10			2526				1		2025-10-11T00:00:00Z		GenBank		China-Japan Union Hospital of Jilin University, Department of infectious disease	China	Li,X.,Sun,H.,Qin,G.,Sun,Y.,Tian,X.,Han,M.,Wang,J.,Ji,S.,Shangwei,J.,Ji,W.	2025-10-11T00:00:00Z								Human alphaherpesvirus 3		10335
PQ039999.1			PARTIAL	1	China: Jilin	Asia									Homo sapiens		9606	true				2014	VZV14-12			2526				1		2025-10-11T00:00:00Z		GenBank		China-Japan Union Hospital of Jilin University, Department of infectious disease	China	Li,X.,Sun,H.,Qin,G.,Sun,Y.,Tian,X.,Han,M.,Wang,J.,Ji,S.,Shangwei,J.,Ji,W.	2025-10-11T00:00:00Z								Human alphaherpesvirus 3		10335
PQ040000.1			PARTIAL	1	China: Jilin	Asia									Homo sapiens		9606	true				2015	VZV15-11			2526				1		2025-10-11T00:00:00Z		GenBank		China-Japan Union Hospital of Jilin University, Department of infectious disease	China	Li,X.,Sun,H.,Qin,G.,Sun,Y.,Tian,X.,Han,M.,Wang,J.,Ji,S.,Shangwei,J.,Ji,W.	2025-10-11T00:00:00Z								Human alphaherpesvirus 3		10335
PQ040001.1			PARTIAL	1	China: Jilin	Asia									Homo sapiens		9606	true				2015	VZV15-1			2526				1		2025-10-11T00:00:00Z		GenBank		China-Japan Union Hospital of Jilin University, Department of infectious disease	China	Li,X.,Sun,H.,Qin,G.,Sun,Y.,Tian,X.,Han,M.,Wang,J.,Ji,S.,Shangwei,J.,Ji,W.	2025-10-11T00:00:00Z								Human alphaherpesvirus 3		10335
PQ040002.1			PARTIAL	1	China: Jilin	Asia									Homo sapiens		9606	true				2016	VZV16-2			2526				1		2025-10-11T00:00:00Z		GenBank		China-Japan Union Hospital of Jilin University, Department of infectious disease	China	Li,X.,Sun,H.,Qin,G.,Sun,Y.,Tian,X.,Han,M.,Wang,J.,Ji,S.,Shangwei,J.,Ji,W.	2025-10-11T00:00:00Z								Human alphaherpesvirus 3		10335
PQ040003.1			PARTIAL	1	China: Jilin	Asia									Homo sapiens		9606	true				2016	VZV16-4			2526				1		2025-10-11T00:00:00Z		GenBank		China-Japan Union Hospital of Jilin University, Department of infectious disease	China	Li,X.,Sun,H.,Qin,G.,Sun,Y.,Tian,X.,Han,M.,Wang,J.,Ji,S.,Shangwei,J.,Ji,W.	2025-10-11T00:00:00Z								Human alphaherpesvirus 3		10335
PQ040004.1			PARTIAL	1	China: Jilin	Asia									Homo sapiens		9606	true				2016	VZV16-5			2526				1		2025-10-11T00:00:00Z		GenBank		China-Japan Union Hospital of Jilin University, Department of infectious disease	China	Li,X.,Sun,H.,Qin,G.,Sun,Y.,Tian,X.,Han,M.,Wang,J.,Ji,S.,Shangwei,J.,Ji,W.	2025-10-11T00:00:00Z								Human alphaherpesvirus 3		10335
PQ040005.1			PARTIAL	1	China: Jilin	Asia									Homo sapiens		9606	true				2016	VZV16-7			2526				1		2025-10-11T00:00:00Z		GenBank		China-Japan Union Hospital of Jilin University, Department of infectious disease	China	Li,X.,Sun,H.,Qin,G.,Sun,Y.,Tian,X.,Han,M.,Wang,J.,Ji,S.,Shangwei,J.,Ji,W.	2025-10-11T00:00:00Z								Human alphaherpesvirus 3		10335
PQ040006.1			PARTIAL	1	China: Jilin	Asia									Homo sapiens		9606	true				2016	VZV16-8			2526				1		2025-10-11T00:00:00Z		GenBank		China-Japan Union Hospital of Jilin University, Department of infectious disease	China	Li,X.,Sun,H.,Qin,G.,Sun,Y.,Tian,X.,Han,M.,Wang,J.,Ji,S.,Shangwei,J.,Ji,W.	2025-10-11T00:00:00Z								Human alphaherpesvirus 3		10335
PQ040007.1			PARTIAL	1	China: Jilin	Asia									Homo sapiens		9606	true				2017	VZV17-6			2526				1		2025-10-11T00:00:00Z		GenBank		China-Japan Union Hospital of Jilin University, Department of infectious disease	China	Li,X.,Sun,H.,Qin,G.,Sun,Y.,Tian,X.,Han,M.,Wang,J.,Ji,S.,Shangwei,J.,Ji,W.	2025-10-11T00:00:00Z								Human alphaherpesvirus 3		10335
PQ040008.1			PARTIAL	1	China: Jilin	Asia									Homo sapiens		9606	true				2017	VZV17-9			2526				1		2025-10-11T00:00:00Z		GenBank		China-Japan Union Hospital of Jilin University, Department of infectious disease	China	Li,X.,Sun,H.,Qin,G.,Sun,Y.,Tian,X.,Han,M.,Wang,J.,Ji,S.,Shangwei,J.,Ji,W.	2025-10-11T00:00:00Z								Human alphaherpesvirus 3		10335
PQ040009.1			PARTIAL	1	China: Jilin	Asia									Homo sapiens		9606	true				2018	VZV18-2			2526				1		2025-10-11T00:00:00Z		GenBank		China-Japan Union Hospital of Jilin University, Department of infectious disease	China	Li,X.,Sun,H.,Qin,G.,Sun,Y.,Tian,X.,Han,M.,Wang,J.,Ji,S.,Shangwei,J.,Ji,W.	2025-10-11T00:00:00Z								Human alphaherpesvirus 3		10335
PQ040010.1			PARTIAL	1	China: Jilin	Asia									Homo sapiens		9606	true				2019	VZV19-3			2526				1		2025-10-11T00:00:00Z		GenBank		China-Japan Union Hospital of Jilin University, Department of infectious disease	China	Li,X.,Sun,H.,Qin,G.,Sun,Y.,Tian,X.,Han,M.,Wang,J.,Ji,S.,Shangwei,J.,Ji,W.	2025-10-11T00:00:00Z								Human alphaherpesvirus 3		10335
PQ040011.1			PARTIAL	1	China: Jilin	Asia									Homo sapiens		9606	true				2020	VZV20-4			2526				1		2025-10-11T00:00:00Z		GenBank		China-Japan Union Hospital of Jilin University, Department of infectious disease	China	Li,X.,Sun,H.,Qin,G.,Sun,Y.,Tian,X.,Han,M.,Wang,J.,Ji,S.,Shangwei,J.,Ji,W.	2025-10-11T00:00:00Z								Human alphaherpesvirus 3		10335
PQ040012.1			PARTIAL	1	China: Jilin	Asia									Homo sapiens		9606	true				2021	VZV21-1			2526				1		2025-10-11T00:00:00Z		GenBank		China-Japan Union Hospital of Jilin University, Department of infectious disease	China	Li,X.,Sun,H.,Qin,G.,Sun,Y.,Tian,X.,Han,M.,Wang,J.,Ji,S.,Shangwei,J.,Ji,W.	2025-10-11T00:00:00Z								Human alphaherpesvirus 3		10335
PQ040013.1			PARTIAL	1	China: Jilin	Asia									Homo sapiens		9606	true				2021	VZV21-4			2526				1		2025-10-11T00:00:00Z		GenBank		China-Japan Union Hospital of Jilin University, Department of infectious disease	China	Li,X.,Sun,H.,Qin,G.,Sun,Y.,Tian,X.,Han,M.,Wang,J.,Ji,S.,Shangwei,J.,Ji,W.	2025-10-11T00:00:00Z								Human alphaherpesvirus 3		10335
PQ040014.1			PARTIAL	1	China: Jilin	Asia									Homo sapiens		9606	true				2022	VZV22-2			2526				1		2025-10-11T00:00:00Z		GenBank		China-Japan Union Hospital of Jilin University, Department of infectious disease	China	Li,X.,Sun,H.,Qin,G.,Sun,Y.,Tian,X.,Han,M.,Wang,J.,Ji,S.,Shangwei,J.,Ji,W.	2025-10-11T00:00:00Z								Human alphaherpesvirus 3		10335
PQ040015.1			PARTIAL	1	China: Jilin	Asia									Homo sapiens		9606	true				2022	VZV22-3			2526				1		2025-10-11T00:00:00Z		GenBank		China-Japan Union Hospital of Jilin University, Department of infectious disease	China	Li,X.,Sun,H.,Qin,G.,Sun,Y.,Tian,X.,Han,M.,Wang,J.,Ji,S.,Shangwei,J.,Ji,W.	2025-10-11T00:00:00Z								Human alphaherpesvirus 3		10335
PQ040016.1			PARTIAL	1	China: Jilin	Asia									Homo sapiens		9606	true				2023	VZV23-1			2526				1		2025-10-11T00:00:00Z		GenBank		China-Japan Union Hospital of Jilin University, Department of infectious disease	China	Li,X.,Sun,H.,Qin,G.,Sun,Y.,Tian,X.,Han,M.,Wang,J.,Ji,S.,Shangwei,J.,Ji,W.	2025-10-11T00:00:00Z								Human alphaherpesvirus 3		10335
PQ040017.1			PARTIAL	1	China: Jilin	Asia									Homo sapiens		9606	true				2023	VZV23-2			2526				1		2025-10-11T00:00:00Z		GenBank		China-Japan Union Hospital of Jilin University, Department of infectious disease	China	Li,X.,Sun,H.,Qin,G.,Sun,Y.,Tian,X.,Han,M.,Wang,J.,Ji,S.,Shangwei,J.,Ji,W.	2025-10-11T00:00:00Z								Human alphaherpesvirus 3		10335
PQ040018.1			PARTIAL	1	China: Jilin	Asia									Homo sapiens		9606	true				2023	VZV23-6			2526				1		2025-10-11T00:00:00Z		GenBank		China-Japan Union Hospital of Jilin University, Department of infectious disease	China	Li,X.,Sun,H.,Qin,G.,Sun,Y.,Tian,X.,Han,M.,Wang,J.,Ji,S.,Shangwei,J.,Ji,W.	2025-10-11T00:00:00Z								Human alphaherpesvirus 3		10335
PQ040019.1			PARTIAL	1	China: Jilin	Asia									Homo sapiens		9606	true				2023	VZV23-7			2526				1		2025-10-11T00:00:00Z		GenBank		China-Japan Union Hospital of Jilin University, Department of infectious disease	China	Li,X.,Sun,H.,Qin,G.,Sun,Y.,Tian,X.,Han,M.,Wang,J.,Ji,S.,Shangwei,J.,Ji,W.	2025-10-11T00:00:00Z								Human alphaherpesvirus 3		10335
PQ040020.1			PARTIAL	1	China: Jilin	Asia									Homo sapiens		9606	true				2024	VZV24-1			2526				1		2025-10-11T00:00:00Z		GenBank		China-Japan Union Hospital of Jilin University, Department of infectious disease	China	Li,X.,Sun,H.,Qin,G.,Sun,Y.,Tian,X.,Han,M.,Wang,J.,Ji,S.,Shangwei,J.,Ji,W.	2025-10-11T00:00:00Z								Human alphaherpesvirus 3		10335
PQ040021.1			PARTIAL	1	China: Jilin	Asia									Homo sapiens		9606	true				2024	VZV24-2			2526				1		2025-10-11T00:00:00Z		GenBank		China-Japan Union Hospital of Jilin University, Department of infectious disease	China	Li,X.,Sun,H.,Qin,G.,Sun,Y.,Tian,X.,Han,M.,Wang,J.,Ji,S.,Shangwei,J.,Ji,W.	2025-10-11T00:00:00Z								Human alphaherpesvirus 3		10335
PQ040022.1			PARTIAL	1	China: Jilin	Asia									Homo sapiens		9606	true				2010	VZV10-14			1308				1		2025-10-11T00:00:00Z		GenBank		China-Japan Union Hospital of Jilin University, Department of infectious disease	China	Li,X.,Sun,H.,Qin,G.,Sun,Y.,Tian,X.,Han,M.,Wang,J.,Ji,S.,Shangwei,J.,Ji,W.	2025-10-11T00:00:00Z								Human alphaherpesvirus 3		10335
PQ040023.1			PARTIAL	1	China: Jilin	Asia									Homo sapiens		9606	true				2010	VZV10-16			1308				1		2025-10-11T00:00:00Z		GenBank		China-Japan Union Hospital of Jilin University, Department of infectious disease	China	Li,X.,Sun,H.,Qin,G.,Sun,Y.,Tian,X.,Han,M.,Wang,J.,Ji,S.,Shangwei,J.,Ji,W.	2025-10-11T00:00:00Z								Human alphaherpesvirus 3		10335
PQ040024.1			PARTIAL	1	China: Jilin	Asia									Homo sapiens		9606	true				2011	VZV11-3			1308				1		2025-10-11T00:00:00Z		GenBank		China-Japan Union Hospital of Jilin University, Department of infectious disease	China	Li,X.,Sun,H.,Qin,G.,Sun,Y.,Tian,X.,Han,M.,Wang,J.,Ji,S.,Shangwei,J.,Ji,W.	2025-10-11T00:00:00Z								Human alphaherpesvirus 3		10335
PQ040025.1			PARTIAL	1	China: Jilin	Asia									Homo sapiens		9606	true				2011	VZV11-5			1308				1		2025-10-11T00:00:00Z		GenBank		China-Japan Union Hospital of Jilin University, Department of infectious disease	China	Li,X.,Sun,H.,Qin,G.,Sun,Y.,Tian,X.,Han,M.,Wang,J.,Ji,S.,Shangwei,J.,Ji,W.	2025-10-11T00:00:00Z								Human alphaherpesvirus 3		10335
PQ040026.1			PARTIAL	1	China: Jilin	Asia									Homo sapiens		9606	true				2012	VZV12-1			1308				1		2025-10-11T00:00:00Z		GenBank		China-Japan Union Hospital of Jilin University, Department of infectious disease	China	Li,X.,Sun,H.,Qin,G.,Sun,Y.,Tian,X.,Han,M.,Wang,J.,Ji,S.,Shangwei,J.,Ji,W.	2025-10-11T00:00:00Z								Human alphaherpesvirus 3		10335
PQ040027.1			PARTIAL	1	China: Jilin	Asia									Homo sapiens		9606	true				2012	VZV12-5			1308				1		2025-10-11T00:00:00Z		GenBank		China-Japan Union Hospital of Jilin University, Department of infectious disease	China	Li,X.,Sun,H.,Qin,G.,Sun,Y.,Tian,X.,Han,M.,Wang,J.,Ji,S.,Shangwei,J.,Ji,W.	2025-10-11T00:00:00Z								Human alphaherpesvirus 3		10335
PQ040028.1			PARTIAL	1	China: Jilin	Asia									Homo sapiens		9606	true				2013	VZV13-3			1308				1		2025-10-11T00:00:00Z		GenBank		China-Japan Union Hospital of Jilin University, Department of infectious disease	China	Li,X.,Sun,H.,Qin,G.,Sun,Y.,Tian,X.,Han,M.,Wang,J.,Ji,S.,Shangwei,J.,Ji,W.	2025-10-11T00:00:00Z								Human alphaherpesvirus 3		10335
PQ040029.1			PARTIAL	1	China: Jilin	Asia									Homo sapiens		9606	true				2013	VZV13-7			1308				1		2025-10-11T00:00:00Z		GenBank		China-Japan Union Hospital of Jilin University, Department of infectious disease	China	Li,X.,Sun,H.,Qin,G.,Sun,Y.,Tian,X.,Han,M.,Wang,J.,Ji,S.,Shangwei,J.,Ji,W.	2025-10-11T00:00:00Z								Human alphaherpesvirus 3		10335
PQ040030.1			PARTIAL	1	China: Jilin	Asia									Homo sapiens		9606	true				2014	VZV14-2			1308				1		2025-10-11T00:00:00Z		GenBank		China-Japan Union Hospital of Jilin University, Department of infectious disease	China	Li,X.,Sun,H.,Qin,G.,Sun,Y.,Tian,X.,Han,M.,Wang,J.,Ji,S.,Shangwei,J.,Ji,W.	2025-10-11T00:00:00Z								Human alphaherpesvirus 3		10335
PQ040031.1			PARTIAL	1	China: Jilin	Asia									Homo sapiens		9606	true				2014	VZV14-4			1308				1		2025-10-11T00:00:00Z		GenBank		China-Japan Union Hospital of Jilin University, Department of infectious disease	China	Li,X.,Sun,H.,Qin,G.,Sun,Y.,Tian,X.,Han,M.,Wang,J.,Ji,S.,Shangwei,J.,Ji,W.	2025-10-11T00:00:00Z								Human alphaherpesvirus 3		10335
PQ040032.1			PARTIAL	1	China: Jilin	Asia									Homo sapiens		9606	true				2014	VZV14-5			1308				1		2025-10-11T00:00:00Z		GenBank		China-Japan Union Hospital of Jilin University, Department of infectious disease	China	Li,X.,Sun,H.,Qin,G.,Sun,Y.,Tian,X.,Han,M.,Wang,J.,Ji,S.,Shangwei,J.,Ji,W.	2025-10-11T00:00:00Z								Human alphaherpesvirus 3		10335
PQ040033.1			PARTIAL	1	China: Jilin	Asia									Homo sapiens		9606	true				2014	VZV14-6			1308				1		2025-10-11T00:00:00Z		GenBank		China-Japan Union Hospital of Jilin University, Department of infectious disease	China	Li,X.,Sun,H.,Qin,G.,Sun,Y.,Tian,X.,Han,M.,Wang,J.,Ji,S.,Shangwei,J.,Ji,W.	2025-10-11T00:00:00Z								Human alphaherpesvirus 3		10335
PQ040034.1			PARTIAL	1	China: Jilin	Asia									Homo sapiens		9606	true				2014	VZV14-8			1308				1		2025-10-11T00:00:00Z		GenBank		China-Japan Union Hospital of Jilin University, Department of infectious disease	China	Li,X.,Sun,H.,Qin,G.,Sun,Y.,Tian,X.,Han,M.,Wang,J.,Ji,S.,Shangwei,J.,Ji,W.	2025-10-11T00:00:00Z								Human alphaherpesvirus 3		10335
PQ040035.1			PARTIAL	1	China: Jilin	Asia									Homo sapiens		9606	true				2014	VZV14-9			1308				1		2025-10-11T00:00:00Z		GenBank		China-Japan Union Hospital of Jilin University, Department of infectious disease	China	Li,X.,Sun,H.,Qin,G.,Sun,Y.,Tian,X.,Han,M.,Wang,J.,Ji,S.,Shangwei,J.,Ji,W.	2025-10-11T00:00:00Z								Human alphaherpesvirus 3		10335
PQ040036.1			PARTIAL	1	China: Jilin	Asia									Homo sapiens		9606	true				2014	VZV14-10			1308				1		2025-10-11T00:00:00Z		GenBank		China-Japan Union Hospital of Jilin University, Department of infectious disease	China	Li,X.,Sun,H.,Qin,G.,Sun,Y.,Tian,X.,Han,M.,Wang,J.,Ji,S.,Shangwei,J.,Ji,W.	2025-10-11T00:00:00Z								Human alphaherpesvirus 3		10335
PQ040037.1			PARTIAL	1	China: Jilin	Asia									Homo sapiens		9606	true				2014	VZV14-12			1308				1		2025-10-11T00:00:00Z		GenBank		China-Japan Union Hospital of Jilin University, Department of infectious disease	China	Li,X.,Sun,H.,Qin,G.,Sun,Y.,Tian,X.,Han,M.,Wang,J.,Ji,S.,Shangwei,J.,Ji,W.	2025-10-11T00:00:00Z								Human alphaherpesvirus 3		10335
PQ040038.1			PARTIAL	1	China: Jilin	Asia									Homo sapiens		9606	true				2015	VZV15-1			1308				1		2025-10-11T00:00:00Z		GenBank		China-Japan Union Hospital of Jilin University, Department of infectious disease	China	Li,X.,Sun,H.,Qin,G.,Sun,Y.,Tian,X.,Han,M.,Wang,J.,Ji,S.,Shangwei,J.,Ji,W.	2025-10-11T00:00:00Z								Human alphaherpesvirus 3		10335
PQ040039.1			PARTIAL	1	China: Jilin	Asia									Homo sapiens		9606	true				2015	VZV15-11			1308				1		2025-10-11T00:00:00Z		GenBank		China-Japan Union Hospital of Jilin University, Department of infectious disease	China	Li,X.,Sun,H.,Qin,G.,Sun,Y.,Tian,X.,Han,M.,Wang,J.,Ji,S.,Shangwei,J.,Ji,W.	2025-10-11T00:00:00Z								Human alphaherpesvirus 3		10335
PQ040040.1			PARTIAL	1	China: Jilin	Asia									Homo sapiens		9606	true				2016	VZV16-2			1308				1		2025-10-11T00:00:00Z		GenBank		China-Japan Union Hospital of Jilin University, Department of infectious disease	China	Li,X.,Sun,H.,Qin,G.,Sun,Y.,Tian,X.,Han,M.,Wang,J.,Ji,S.,Shangwei,J.,Ji,W.	2025-10-11T00:00:00Z								Human alphaherpesvirus 3		10335
PQ040041.1			PARTIAL	1	China: Jilin	Asia									Homo sapiens		9606	true				2016	VZV16-4			1308				1		2025-10-11T00:00:00Z		GenBank		China-Japan Union Hospital of Jilin University, Department of infectious disease	China	Li,X.,Sun,H.,Qin,G.,Sun,Y.,Tian,X.,Han,M.,Wang,J.,Ji,S.,Shangwei,J.,Ji,W.	2025-10-11T00:00:00Z								Human alphaherpesvirus 3		10335
PQ040042.1			PARTIAL	1	China: Jilin	Asia									Homo sapiens		9606	true				2016	VZV16-5			1308				1		2025-10-11T00:00:00Z		GenBank		China-Japan Union Hospital of Jilin University, Department of infectious disease	China	Li,X.,Sun,H.,Qin,G.,Sun,Y.,Tian,X.,Han,M.,Wang,J.,Ji,S.,Shangwei,J.,Ji,W.	2025-10-11T00:00:00Z								Human alphaherpesvirus 3		10335
PQ040043.1			PARTIAL	1	China: Jilin	Asia									Homo sapiens		9606	true				2016	VZV16-7			1308				1		2025-10-11T00:00:00Z		GenBank		China-Japan Union Hospital of Jilin University, Department of infectious disease	China	Li,X.,Sun,H.,Qin,G.,Sun,Y.,Tian,X.,Han,M.,Wang,J.,Ji,S.,Shangwei,J.,Ji,W.	2025-10-11T00:00:00Z								Human alphaherpesvirus 3		10335
PQ040044.1			PARTIAL	1	China: Jilin	Asia									Homo sapiens		9606	true				2016	VZV16-8			1308				1		2025-10-11T00:00:00Z		GenBank		China-Japan Union Hospital of Jilin University, Department of infectious disease	China	Li,X.,Sun,H.,Qin,G.,Sun,Y.,Tian,X.,Han,M.,Wang,J.,Ji,S.,Shangwei,J.,Ji,W.	2025-10-11T00:00:00Z								Human alphaherpesvirus 3		10335
PQ040045.1			PARTIAL	1	China: Jilin	Asia									Homo sapiens		9606	true				2017	VZV17-6			1308				1		2025-10-11T00:00:00Z		GenBank		China-Japan Union Hospital of Jilin University, Department of infectious disease	China	Li,X.,Sun,H.,Qin,G.,Sun,Y.,Tian,X.,Han,M.,Wang,J.,Ji,S.,Shangwei,J.,Ji,W.	2025-10-11T00:00:00Z								Human alphaherpesvirus 3		10335
PQ040046.1			PARTIAL	1	China: Jilin	Asia									Homo sapiens		9606	true				2017	VZV17-9			1308				1		2025-10-11T00:00:00Z		GenBank		China-Japan Union Hospital of Jilin University, Department of infectious disease	China	Li,X.,Sun,H.,Qin,G.,Sun,Y.,Tian,X.,Han,M.,Wang,J.,Ji,S.,Shangwei,J.,Ji,W.	2025-10-11T00:00:00Z								Human alphaherpesvirus 3		10335
PQ040047.1			PARTIAL	1	China: Jilin	Asia									Homo sapiens		9606	true				2018	VZV18-2			1308				1		2025-10-11T00:00:00Z		GenBank		China-Japan Union Hospital of Jilin University, Department of infectious disease	China	Li,X.,Sun,H.,Qin,G.,Sun,Y.,Tian,X.,Han,M.,Wang,J.,Ji,S.,Shangwei,J.,Ji,W.	2025-10-11T00:00:00Z								Human alphaherpesvirus 3		10335
PQ040048.1			PARTIAL	1	China: Jilin	Asia									Homo sapiens		9606	true				2019	VZV19-3			1308				1		2025-10-11T00:00:00Z		GenBank		China-Japan Union Hospital of Jilin University, Department of infectious disease	China	Li,X.,Sun,H.,Qin,G.,Sun,Y.,Tian,X.,Han,M.,Wang,J.,Ji,S.,Shangwei,J.,Ji,W.	2025-10-11T00:00:00Z								Human alphaherpesvirus 3		10335
PQ040049.1			PARTIAL	1	China: Jilin	Asia									Homo sapiens		9606	true				2020	VZV20-4			1308				1		2025-10-11T00:00:00Z		GenBank		China-Japan Union Hospital of Jilin University, Department of infectious disease	China	Li,X.,Sun,H.,Qin,G.,Sun,Y.,Tian,X.,Han,M.,Wang,J.,Ji,S.,Shangwei,J.,Ji,W.	2025-10-11T00:00:00Z								Human alphaherpesvirus 3		10335
PQ040050.1			PARTIAL	1	China: Jilin	Asia									Homo sapiens		9606	true				2021	VZV21-1			1308				1		2025-10-11T00:00:00Z		GenBank		China-Japan Union Hospital of Jilin University, Department of infectious disease	China	Li,X.,Sun,H.,Qin,G.,Sun,Y.,Tian,X.,Han,M.,Wang,J.,Ji,S.,Shangwei,J.,Ji,W.	2025-10-11T00:00:00Z								Human alphaherpesvirus 3		10335
PQ040051.1			PARTIAL	1	China: Jilin	Asia									Homo sapiens		9606	true				2021	VZV21-4			1308				1		2025-10-11T00:00:00Z		GenBank		China-Japan Union Hospital of Jilin University, Department of infectious disease	China	Li,X.,Sun,H.,Qin,G.,Sun,Y.,Tian,X.,Han,M.,Wang,J.,Ji,S.,Shangwei,J.,Ji,W.	2025-10-11T00:00:00Z								Human alphaherpesvirus 3		10335
PQ040052.1			PARTIAL	1	China: Jilin	Asia									Homo sapiens		9606	true				2022	VZV22-2			1308				1		2025-10-11T00:00:00Z		GenBank		China-Japan Union Hospital of Jilin University, Department of infectious disease	China	Li,X.,Sun,H.,Qin,G.,Sun,Y.,Tian,X.,Han,M.,Wang,J.,Ji,S.,Shangwei,J.,Ji,W.	2025-10-11T00:00:00Z								Human alphaherpesvirus 3		10335
PQ040053.1			PARTIAL	1	China: Jilin	Asia									Homo sapiens		9606	true				2022	VZV22-3			1308				1		2025-10-11T00:00:00Z		GenBank		China-Japan Union Hospital of Jilin University, Department of infectious disease	China	Li,X.,Sun,H.,Qin,G.,Sun,Y.,Tian,X.,Han,M.,Wang,J.,Ji,S.,Shangwei,J.,Ji,W.	2025-10-11T00:00:00Z								Human alphaherpesvirus 3		10335
PQ040054.1			PARTIAL	1	China: Jilin	Asia									Homo sapiens		9606	true				2023	VZV23-1			1308				1		2025-10-11T00:00:00Z		GenBank		China-Japan Union Hospital of Jilin University, Department of infectious disease	China	Li,X.,Sun,H.,Qin,G.,Sun,Y.,Tian,X.,Han,M.,Wang,J.,Ji,S.,Shangwei,J.,Ji,W.	2025-10-11T00:00:00Z								Human alphaherpesvirus 3		10335
PQ040055.1			PARTIAL	1	China: Jilin	Asia									Homo sapiens		9606	true				2023	VZV23-2			1308				1		2025-10-11T00:00:00Z		GenBank		China-Japan Union Hospital of Jilin University, Department of infectious disease	China	Li,X.,Sun,H.,Qin,G.,Sun,Y.,Tian,X.,Han,M.,Wang,J.,Ji,S.,Shangwei,J.,Ji,W.	2025-10-11T00:00:00Z								Human alphaherpesvirus 3		10335
PQ040056.1			PARTIAL	1	China: Jilin	Asia									Homo sapiens		9606	true				2023	VZV23-6			1308				1		2025-10-11T00:00:00Z		GenBank		China-Japan Union Hospital of Jilin University, Department of infectious disease	China	Li,X.,Sun,H.,Qin,G.,Sun,Y.,Tian,X.,Han,M.,Wang,J.,Ji,S.,Shangwei,J.,Ji,W.	2025-10-11T00:00:00Z								Human alphaherpesvirus 3		10335
PQ040057.1			PARTIAL	1	China: Jilin	Asia									Homo sapiens		9606	true				2023	VZV23-7			1308				1		2025-10-11T00:00:00Z		GenBank		China-Japan Union Hospital of Jilin University, Department of infectious disease	China	Li,X.,Sun,H.,Qin,G.,Sun,Y.,Tian,X.,Han,M.,Wang,J.,Ji,S.,Shangwei,J.,Ji,W.	2025-10-11T00:00:00Z								Human alphaherpesvirus 3		10335
PQ040058.1			PARTIAL	1	China: Jilin	Asia									Homo sapiens		9606	true				2024	VZV24-1			1308				1		2025-10-11T00:00:00Z		GenBank		China-Japan Union Hospital of Jilin University, Department of infectious disease	China	Li,X.,Sun,H.,Qin,G.,Sun,Y.,Tian,X.,Han,M.,Wang,J.,Ji,S.,Shangwei,J.,Ji,W.	2025-10-11T00:00:00Z								Human alphaherpesvirus 3		10335
PQ040059.1			PARTIAL	1	China: Jilin	Asia									Homo sapiens		9606	true				2024	VZV24-2			1308				1		2025-10-11T00:00:00Z		GenBank		China-Japan Union Hospital of Jilin University, Department of infectious disease	China	Li,X.,Sun,H.,Qin,G.,Sun,Y.,Tian,X.,Han,M.,Wang,J.,Ji,S.,Shangwei,J.,Ji,W.	2025-10-11T00:00:00Z								Human alphaherpesvirus 3		10335
PQ040060.1			PARTIAL	1	China: Jilin	Asia									Homo sapiens		9606	true				2010	VZV10-14			483				1		2025-10-11T00:00:00Z		GenBank		China-Japan Union Hospital of Jilin University, Department of infectious disease	China	Li,X.,Sun,H.,Qin,G.,Sun,Y.,Tian,X.,Han,M.,Wang,J.,Ji,S.,Shangwei,J.,Ji,W.	2025-10-11T00:00:00Z								Human alphaherpesvirus 3		10335
PQ040061.1			PARTIAL	1	China: Jilin	Asia									Homo sapiens		9606	true				2010	VZV10-16			483				1		2025-10-11T00:00:00Z		GenBank		China-Japan Union Hospital of Jilin University, Department of infectious disease	China	Li,X.,Sun,H.,Qin,G.,Sun,Y.,Tian,X.,Han,M.,Wang,J.,Ji,S.,Shangwei,J.,Ji,W.	2025-10-11T00:00:00Z								Human alphaherpesvirus 3		10335
PQ040062.1			PARTIAL	1	China: Jilin	Asia									Homo sapiens		9606	true				2011	VZV11-3			483				1		2025-10-11T00:00:00Z		GenBank		China-Japan Union Hospital of Jilin University, Department of infectious disease	China	Li,X.,Sun,H.,Qin,G.,Sun,Y.,Tian,X.,Han,M.,Wang,J.,Ji,S.,Shangwei,J.,Ji,W.	2025-10-11T00:00:00Z								Human alphaherpesvirus 3		10335
PQ040063.1			PARTIAL	1	China: Jilin	Asia									Homo sapiens		9606	true				2011	VZV11-5			483				1		2025-10-11T00:00:00Z		GenBank		China-Japan Union Hospital of Jilin University, Department of infectious disease	China	Li,X.,Sun,H.,Qin,G.,Sun,Y.,Tian,X.,Han,M.,Wang,J.,Ji,S.,Shangwei,J.,Ji,W.	2025-10-11T00:00:00Z								Human alphaherpesvirus 3		10335
PQ040064.1			PARTIAL	1	China: Jilin	Asia									Homo sapiens		9606	true				2012	VZV12-1			483				1		2025-10-11T00:00:00Z		GenBank		China-Japan Union Hospital of Jilin University, Department of infectious disease	China	Li,X.,Sun,H.,Qin,G.,Sun,Y.,Tian,X.,Han,M.,Wang,J.,Ji,S.,Shangwei,J.,Ji,W.	2025-10-11T00:00:00Z								Human alphaherpesvirus 3		10335
PQ040065.1			PARTIAL	1	China: Jilin	Asia									Homo sapiens		9606	true				2012	VZV12-5			483				1		2025-10-11T00:00:00Z		GenBank		China-Japan Union Hospital of Jilin University, Department of infectious disease	China	Li,X.,Sun,H.,Qin,G.,Sun,Y.,Tian,X.,Han,M.,Wang,J.,Ji,S.,Shangwei,J.,Ji,W.	2025-10-11T00:00:00Z								Human alphaherpesvirus 3		10335
PQ040066.1			PARTIAL	1	China: Jilin	Asia									Homo sapiens		9606	true				2013	VZV13-3			483				1		2025-10-11T00:00:00Z		GenBank		China-Japan Union Hospital of Jilin University, Department of infectious disease	China	Li,X.,Sun,H.,Qin,G.,Sun,Y.,Tian,X.,Han,M.,Wang,J.,Ji,S.,Shangwei,J.,Ji,W.	2025-10-11T00:00:00Z								Human alphaherpesvirus 3		10335
PQ040067.1			PARTIAL	1	China: Jilin	Asia									Homo sapiens		9606	true				2013	VZV13-7			483				1		2025-10-11T00:00:00Z		GenBank		China-Japan Union Hospital of Jilin University, Department of infectious disease	China	Li,X.,Sun,H.,Qin,G.,Sun,Y.,Tian,X.,Han,M.,Wang,J.,Ji,S.,Shangwei,J.,Ji,W.	2025-10-11T00:00:00Z								Human alphaherpesvirus 3		10335
PQ040068.1			PARTIAL	1	China: Jilin	Asia									Homo sapiens		9606	true				2014	VZV14-2			483				1		2025-10-11T00:00:00Z		GenBank		China-Japan Union Hospital of Jilin University, Department of infectious disease	China	Li,X.,Sun,H.,Qin,G.,Sun,Y.,Tian,X.,Han,M.,Wang,J.,Ji,S.,Shangwei,J.,Ji,W.	2025-10-11T00:00:00Z								Human alphaherpesvirus 3		10335
PQ040069.1			PARTIAL	1	China: Jilin	Asia									Homo sapiens		9606	true				2014	VZV14-4			483				1		2025-10-11T00:00:00Z		GenBank		China-Japan Union Hospital of Jilin University, Department of infectious disease	China	Li,X.,Sun,H.,Qin,G.,Sun,Y.,Tian,X.,Han,M.,Wang,J.,Ji,S.,Shangwei,J.,Ji,W.	2025-10-11T00:00:00Z								Human alphaherpesvirus 3		10335
PQ040070.1			PARTIAL	1	China: Jilin	Asia									Homo sapiens		9606	true				2014	VZV14-5			483				1		2025-10-11T00:00:00Z		GenBank		China-Japan Union Hospital of Jilin University, Department of infectious disease	China	Li,X.,Sun,H.,Qin,G.,Sun,Y.,Tian,X.,Han,M.,Wang,J.,Ji,S.,Shangwei,J.,Ji,W.	2025-10-11T00:00:00Z								Human alphaherpesvirus 3		10335
PQ040071.1			PARTIAL	1	China: Jilin	Asia									Homo sapiens		9606	true				2014	VZV14-6			483				1		2025-10-11T00:00:00Z		GenBank		China-Japan Union Hospital of Jilin University, Department of infectious disease	China	Li,X.,Sun,H.,Qin,G.,Sun,Y.,Tian,X.,Han,M.,Wang,J.,Ji,S.,Shangwei,J.,Ji,W.	2025-10-11T00:00:00Z								Human alphaherpesvirus 3		10335
PQ040072.1			PARTIAL	1	China: Jilin	Asia									Homo sapiens		9606	true				2014	VZV14-8			483				1		2025-10-11T00:00:00Z		GenBank		China-Japan Union Hospital of Jilin University, Department of infectious disease	China	Li,X.,Sun,H.,Qin,G.,Sun,Y.,Tian,X.,Han,M.,Wang,J.,Ji,S.,Shangwei,J.,Ji,W.	2025-10-11T00:00:00Z								Human alphaherpesvirus 3		10335
PQ040073.1			PARTIAL	1	China: Jilin	Asia									Homo sapiens		9606	true				2014	VZV14-9			483				1		2025-10-11T00:00:00Z		GenBank		China-Japan Union Hospital of Jilin University, Department of infectious disease	China	Li,X.,Sun,H.,Qin,G.,Sun,Y.,Tian,X.,Han,M.,Wang,J.,Ji,S.,Shangwei,J.,Ji,W.	2025-10-11T00:00:00Z								Human alphaherpesvirus 3		10335
PQ040074.1			PARTIAL	1	China: Jilin	Asia									Homo sapiens		9606	true				2014	VZV14-10			483				1		2025-10-11T00:00:00Z		GenBank		China-Japan Union Hospital of Jilin University, Department of infectious disease	China	Li,X.,Sun,H.,Qin,G.,Sun,Y.,Tian,X.,Han,M.,Wang,J.,Ji,S.,Shangwei,J.,Ji,W.	2025-10-11T00:00:00Z								Human alphaherpesvirus 3		10335
PQ040075.1			PARTIAL	1	China: Jilin	Asia									Homo sapiens		9606	true				2014	VZV14-12			483				1		2025-10-11T00:00:00Z		GenBank		China-Japan Union Hospital of Jilin University, Department of infectious disease	China	Li,X.,Sun,H.,Qin,G.,Sun,Y.,Tian,X.,Han,M.,Wang,J.,Ji,S.,Shangwei,J.,Ji,W.	2025-10-11T00:00:00Z								Human alphaherpesvirus 3		10335
PQ040076.1			PARTIAL	1	China: Jilin	Asia									Homo sapiens		9606	true				2015	VZV15-1			483				1		2025-10-11T00:00:00Z		GenBank		China-Japan Union Hospital of Jilin University, Department of infectious disease	China	Li,X.,Sun,H.,Qin,G.,Sun,Y.,Tian,X.,Han,M.,Wang,J.,Ji,S.,Shangwei,J.,Ji,W.	2025-10-11T00:00:00Z								Human alphaherpesvirus 3		10335
PQ040077.1			PARTIAL	1	China: Jilin	Asia									Homo sapiens		9606	true				2015	VZV15-11			483				1		2025-10-11T00:00:00Z		GenBank		China-Japan Union Hospital of Jilin University, Department of infectious disease	China	Li,X.,Sun,H.,Qin,G.,Sun,Y.,Tian,X.,Han,M.,Wang,J.,Ji,S.,Shangwei,J.,Ji,W.	2025-10-11T00:00:00Z								Human alphaherpesvirus 3		10335
PQ040078.1			PARTIAL	1	China: Jilin	Asia									Homo sapiens		9606	true				2016	VZV16-2			483				1		2025-10-11T00:00:00Z		GenBank		China-Japan Union Hospital of Jilin University, Department of infectious disease	China	Li,X.,Sun,H.,Qin,G.,Sun,Y.,Tian,X.,Han,M.,Wang,J.,Ji,S.,Shangwei,J.,Ji,W.	2025-10-11T00:00:00Z								Human alphaherpesvirus 3		10335
PQ040079.1			PARTIAL	1	China: Jilin	Asia									Homo sapiens		9606	true				2016	VZV16-4			483				1		2025-10-11T00:00:00Z		GenBank		China-Japan Union Hospital of Jilin University, Department of infectious disease	China	Li,X.,Sun,H.,Qin,G.,Sun,Y.,Tian,X.,Han,M.,Wang,J.,Ji,S.,Shangwei,J.,Ji,W.	2025-10-11T00:00:00Z								Human alphaherpesvirus 3		10335
PQ040080.1			PARTIAL	1	China: Jilin	Asia									Homo sapiens		9606	true				2016	VZV16-5			483				1		2025-10-11T00:00:00Z		GenBank		China-Japan Union Hospital of Jilin University, Department of infectious disease	China	Li,X.,Sun,H.,Qin,G.,Sun,Y.,Tian,X.,Han,M.,Wang,J.,Ji,S.,Shangwei,J.,Ji,W.	2025-10-11T00:00:00Z								Human alphaherpesvirus 3		10335
PQ040081.1			PARTIAL	1	China: Jilin	Asia									Homo sapiens		9606	true				2016	VZV16-7			483				1		2025-10-11T00:00:00Z		GenBank		China-Japan Union Hospital of Jilin University, Department of infectious disease	China	Li,X.,Sun,H.,Qin,G.,Sun,Y.,Tian,X.,Han,M.,Wang,J.,Ji,S.,Shangwei,J.,Ji,W.	2025-10-11T00:00:00Z								Human alphaherpesvirus 3		10335
PQ040082.1			PARTIAL	1	China: Jilin	Asia									Homo sapiens		9606	true				2016	VZV16-8			483				1		2025-10-11T00:00:00Z		GenBank		China-Japan Union Hospital of Jilin University, Department of infectious disease	China	Li,X.,Sun,H.,Qin,G.,Sun,Y.,Tian,X.,Han,M.,Wang,J.,Ji,S.,Shangwei,J.,Ji,W.	2025-10-11T00:00:00Z								Human alphaherpesvirus 3		10335
PQ040083.1			PARTIAL	1	China: Jilin	Asia									Homo sapiens		9606	true				2017	VZV17-6			483				1		2025-10-11T00:00:00Z		GenBank		China-Japan Union Hospital of Jilin University, Department of infectious disease	China	Li,X.,Sun,H.,Qin,G.,Sun,Y.,Tian,X.,Han,M.,Wang,J.,Ji,S.,Shangwei,J.,Ji,W.	2025-10-11T00:00:00Z								Human alphaherpesvirus 3		10335
PQ040084.1			PARTIAL	1	China: Jilin	Asia									Homo sapiens		9606	true				2017	VZV17-9			483				1		2025-10-11T00:00:00Z		GenBank		China-Japan Union Hospital of Jilin University, Department of infectious disease	China	Li,X.,Sun,H.,Qin,G.,Sun,Y.,Tian,X.,Han,M.,Wang,J.,Ji,S.,Shangwei,J.,Ji,W.	2025-10-11T00:00:00Z								Human alphaherpesvirus 3		10335
PQ040085.1			PARTIAL	1	China: Jilin	Asia									Homo sapiens		9606	true				2018	VZV18-2			483				1		2025-10-11T00:00:00Z		GenBank		China-Japan Union Hospital of Jilin University, Department of infectious disease	China	Li,X.,Sun,H.,Qin,G.,Sun,Y.,Tian,X.,Han,M.,Wang,J.,Ji,S.,Shangwei,J.,Ji,W.	2025-10-11T00:00:00Z								Human alphaherpesvirus 3		10335
PQ040086.1			PARTIAL	1	China: Jilin	Asia									Homo sapiens		9606	true				2019	VZV19-3			483				1		2025-10-11T00:00:00Z		GenBank		China-Japan Union Hospital of Jilin University, Department of infectious disease	China	Li,X.,Sun,H.,Qin,G.,Sun,Y.,Tian,X.,Han,M.,Wang,J.,Ji,S.,Shangwei,J.,Ji,W.	2025-10-11T00:00:00Z								Human alphaherpesvirus 3		10335
PQ040087.1			PARTIAL	1	China: Jilin	Asia									Homo sapiens		9606	true				2020	VZV20-4			483				1		2025-10-11T00:00:00Z		GenBank		China-Japan Union Hospital of Jilin University, Department of infectious disease	China	Li,X.,Sun,H.,Qin,G.,Sun,Y.,Tian,X.,Han,M.,Wang,J.,Ji,S.,Shangwei,J.,Ji,W.	2025-10-11T00:00:00Z								Human alphaherpesvirus 3		10335
PQ040088.1			PARTIAL	1	China: Jilin	Asia									Homo sapiens		9606	true				2021	VZV21-1			483				1		2025-10-11T00:00:00Z		GenBank		China-Japan Union Hospital of Jilin University, Department of infectious disease	China	Li,X.,Sun,H.,Qin,G.,Sun,Y.,Tian,X.,Han,M.,Wang,J.,Ji,S.,Shangwei,J.,Ji,W.	2025-10-11T00:00:00Z								Human alphaherpesvirus 3		10335
PQ040089.1			PARTIAL	1	China: Jilin	Asia									Homo sapiens		9606	true				2021	VZV21-4			483				1		2025-10-11T00:00:00Z		GenBank		China-Japan Union Hospital of Jilin University, Department of infectious disease	China	Li,X.,Sun,H.,Qin,G.,Sun,Y.,Tian,X.,Han,M.,Wang,J.,Ji,S.,Shangwei,J.,Ji,W.	2025-10-11T00:00:00Z								Human alphaherpesvirus 3		10335
PQ040090.1			PARTIAL	1	China: Jilin	Asia									Homo sapiens		9606	true				2022	VZV22-2			483				1		2025-10-11T00:00:00Z		GenBank		China-Japan Union Hospital of Jilin University, Department of infectious disease	China	Li,X.,Sun,H.,Qin,G.,Sun,Y.,Tian,X.,Han,M.,Wang,J.,Ji,S.,Shangwei,J.,Ji,W.	2025-10-11T00:00:00Z								Human alphaherpesvirus 3		10335
PQ040091.1			PARTIAL	1	China: Jilin	Asia									Homo sapiens		9606	true				2022	VZV22-3			483				1		2025-10-11T00:00:00Z		GenBank		China-Japan Union Hospital of Jilin University, Department of infectious disease	China	Li,X.,Sun,H.,Qin,G.,Sun,Y.,Tian,X.,Han,M.,Wang,J.,Ji,S.,Shangwei,J.,Ji,W.	2025-10-11T00:00:00Z								Human alphaherpesvirus 3		10335
PQ040092.1			PARTIAL	1	China: Jilin	Asia									Homo sapiens		9606	true				2023	VZV23-1			483				1		2025-10-11T00:00:00Z		GenBank		China-Japan Union Hospital of Jilin University, Department of infectious disease	China	Li,X.,Sun,H.,Qin,G.,Sun,Y.,Tian,X.,Han,M.,Wang,J.,Ji,S.,Shangwei,J.,Ji,W.	2025-10-11T00:00:00Z								Human alphaherpesvirus 3		10335
PQ040093.1			PARTIAL	1	China: Jilin	Asia									Homo sapiens		9606	true				2023	VZV23-2			483				1		2025-10-11T00:00:00Z		GenBank		China-Japan Union Hospital of Jilin University, Department of infectious disease	China	Li,X.,Sun,H.,Qin,G.,Sun,Y.,Tian,X.,Han,M.,Wang,J.,Ji,S.,Shangwei,J.,Ji,W.	2025-10-11T00:00:00Z								Human alphaherpesvirus 3		10335
PQ040094.1			PARTIAL	1	China: Jilin	Asia									Homo sapiens		9606	true				2023	VZV23-6			483				1		2025-10-11T00:00:00Z		GenBank		China-Japan Union Hospital of Jilin University, Department of infectious disease	China	Li,X.,Sun,H.,Qin,G.,Sun,Y.,Tian,X.,Han,M.,Wang,J.,Ji,S.,Shangwei,J.,Ji,W.	2025-10-11T00:00:00Z								Human alphaherpesvirus 3		10335
PQ040095.1			PARTIAL	1	China: Jilin	Asia									Homo sapiens		9606	true				2023	VZV23-7			483				1		2025-10-11T00:00:00Z		GenBank		China-Japan Union Hospital of Jilin University, Department of infectious disease	China	Li,X.,Sun,H.,Qin,G.,Sun,Y.,Tian,X.,Han,M.,Wang,J.,Ji,S.,Shangwei,J.,Ji,W.	2025-10-11T00:00:00Z								Human alphaherpesvirus 3		10335
PQ040096.1			PARTIAL	1	China: Jilin	Asia									Homo sapiens		9606	true				2024	VZV24-1			483				1		2025-10-11T00:00:00Z		GenBank		China-Japan Union Hospital of Jilin University, Department of infectious disease	China	Li,X.,Sun,H.,Qin,G.,Sun,Y.,Tian,X.,Han,M.,Wang,J.,Ji,S.,Shangwei,J.,Ji,W.	2025-10-11T00:00:00Z								Human alphaherpesvirus 3		10335
PQ040097.1			PARTIAL	1	China: Jilin	Asia									Homo sapiens		9606	true				2024	VZV24-2			483				1		2025-10-11T00:00:00Z		GenBank		China-Japan Union Hospital of Jilin University, Department of infectious disease	China	Li,X.,Sun,H.,Qin,G.,Sun,Y.,Tian,X.,Han,M.,Wang,J.,Ji,S.,Shangwei,J.,Ji,W.	2025-10-11T00:00:00Z								Human alphaherpesvirus 3		10335
PQ040098.1			PARTIAL	1	China: Jilin	Asia									Homo sapiens		9606	true				2010	VZV10-14			1065				1		2025-10-11T00:00:00Z		GenBank		China-Japan Union Hospital of Jilin University, Department of infectious disease	China	Li,X.,Sun,H.,Qin,G.,Sun,Y.,Tian,X.,Han,M.,Wang,J.,Ji,S.,Shangwei,J.,Ji,W.	2025-10-11T00:00:00Z								Human alphaherpesvirus 3		10335
PQ040099.1			PARTIAL	1	China: Jilin	Asia									Homo sapiens		9606	true				2010	VZV10-16			1065				1		2025-10-11T00:00:00Z		GenBank		China-Japan Union Hospital of Jilin University, Department of infectious disease	China	Li,X.,Sun,H.,Qin,G.,Sun,Y.,Tian,X.,Han,M.,Wang,J.,Ji,S.,Shangwei,J.,Ji,W.	2025-10-11T00:00:00Z								Human alphaherpesvirus 3		10335
PQ040100.1			PARTIAL	1	China: Jilin	Asia									Homo sapiens		9606	true				2011	VZV11-3			1065				1		2025-10-11T00:00:00Z		GenBank		China-Japan Union Hospital of Jilin University, Department of infectious disease	China	Li,X.,Sun,H.,Qin,G.,Sun,Y.,Tian,X.,Han,M.,Wang,J.,Ji,S.,Shangwei,J.,Ji,W.	2025-10-11T00:00:00Z								Human alphaherpesvirus 3		10335
PQ040101.1			PARTIAL	1	China: Jilin	Asia									Homo sapiens		9606	true				2011	VZV11-5			1065				1		2025-10-11T00:00:00Z		GenBank		China-Japan Union Hospital of Jilin University, Department of infectious disease	China	Li,X.,Sun,H.,Qin,G.,Sun,Y.,Tian,X.,Han,M.,Wang,J.,Ji,S.,Shangwei,J.,Ji,W.	2025-10-11T00:00:00Z								Human alphaherpesvirus 3		10335
PQ040102.1			PARTIAL	1	China: Jilin	Asia									Homo sapiens		9606	true				2012	VZV12-1			1065				1		2025-10-11T00:00:00Z		GenBank		China-Japan Union Hospital of Jilin University, Department of infectious disease	China	Li,X.,Sun,H.,Qin,G.,Sun,Y.,Tian,X.,Han,M.,Wang,J.,Ji,S.,Shangwei,J.,Ji,W.	2025-10-11T00:00:00Z								Human alphaherpesvirus 3		10335
PQ040103.1			PARTIAL	1	China: Jilin	Asia									Homo sapiens		9606	true				2012	VZV12-5			1065				1		2025-10-11T00:00:00Z		GenBank		China-Japan Union Hospital of Jilin University, Department of infectious disease	China	Li,X.,Sun,H.,Qin,G.,Sun,Y.,Tian,X.,Han,M.,Wang,J.,Ji,S.,Shangwei,J.,Ji,W.	2025-10-11T00:00:00Z								Human alphaherpesvirus 3		10335
PQ040104.1			PARTIAL	1	China: Jilin	Asia									Homo sapiens		9606	true				2013	VZV13-3			1065				1		2025-10-11T00:00:00Z		GenBank		China-Japan Union Hospital of Jilin University, Department of infectious disease	China	Li,X.,Sun,H.,Qin,G.,Sun,Y.,Tian,X.,Han,M.,Wang,J.,Ji,S.,Shangwei,J.,Ji,W.	2025-10-11T00:00:00Z								Human alphaherpesvirus 3		10335
PQ040105.1			PARTIAL	1	China: Jilin	Asia									Homo sapiens		9606	true				2013	VZV13-7			1065				1		2025-10-11T00:00:00Z		GenBank		China-Japan Union Hospital of Jilin University, Department of infectious disease	China	Li,X.,Sun,H.,Qin,G.,Sun,Y.,Tian,X.,Han,M.,Wang,J.,Ji,S.,Shangwei,J.,Ji,W.	2025-10-11T00:00:00Z								Human alphaherpesvirus 3		10335
PQ040106.1			PARTIAL	1	China: Jilin	Asia									Homo sapiens		9606	true				2014	VZV14-2			1065				1		2025-10-11T00:00:00Z		GenBank		China-Japan Union Hospital of Jilin University, Department of infectious disease	China	Li,X.,Sun,H.,Qin,G.,Sun,Y.,Tian,X.,Han,M.,Wang,J.,Ji,S.,Shangwei,J.,Ji,W.	2025-10-11T00:00:00Z								Human alphaherpesvirus 3		10335
PQ040107.1			PARTIAL	1	China: Jilin	Asia									Homo sapiens		9606	true				2014	VZV14-4			1065				1		2025-10-11T00:00:00Z		GenBank		China-Japan Union Hospital of Jilin University, Department of infectious disease	China	Li,X.,Sun,H.,Qin,G.,Sun,Y.,Tian,X.,Han,M.,Wang,J.,Ji,S.,Shangwei,J.,Ji,W.	2025-10-11T00:00:00Z								Human alphaherpesvirus 3		10335
PQ040108.1			PARTIAL	1	China: Jilin	Asia									Homo sapiens		9606	true				2014	VZV14-5			1065				1		2025-10-11T00:00:00Z		GenBank		China-Japan Union Hospital of Jilin University, Department of infectious disease	China	Li,X.,Sun,H.,Qin,G.,Sun,Y.,Tian,X.,Han,M.,Wang,J.,Ji,S.,Shangwei,J.,Ji,W.	2025-10-11T00:00:00Z								Human alphaherpesvirus 3		10335
PQ040109.1			PARTIAL	1	China: Jilin	Asia									Homo sapiens		9606	true				2014	VZV14-6			1065				1		2025-10-11T00:00:00Z		GenBank		China-Japan Union Hospital of Jilin University, Department of infectious disease	China	Li,X.,Sun,H.,Qin,G.,Sun,Y.,Tian,X.,Han,M.,Wang,J.,Ji,S.,Shangwei,J.,Ji,W.	2025-10-11T00:00:00Z								Human alphaherpesvirus 3		10335
PQ040110.1			PARTIAL	1	China: Jilin	Asia									Homo sapiens		9606	true				2014	VZV14-8			1065				1		2025-10-11T00:00:00Z		GenBank		China-Japan Union Hospital of Jilin University, Department of infectious disease	China	Li,X.,Sun,H.,Qin,G.,Sun,Y.,Tian,X.,Han,M.,Wang,J.,Ji,S.,Shangwei,J.,Ji,W.	2025-10-11T00:00:00Z								Human alphaherpesvirus 3		10335
PQ040111.1			PARTIAL	1	China: Jilin	Asia									Homo sapiens		9606	true				2014	VZV14-9			1065				1		2025-10-11T00:00:00Z		GenBank		China-Japan Union Hospital of Jilin University, Department of infectious disease	China	Li,X.,Sun,H.,Qin,G.,Sun,Y.,Tian,X.,Han,M.,Wang,J.,Ji,S.,Shangwei,J.,Ji,W.	2025-10-11T00:00:00Z								Human alphaherpesvirus 3		10335
PQ040112.1			PARTIAL	1	China: Jilin	Asia									Homo sapiens		9606	true				2014	VZV14-10			1065				1		2025-10-11T00:00:00Z		GenBank		China-Japan Union Hospital of Jilin University, Department of infectious disease	China	Li,X.,Sun,H.,Qin,G.,Sun,Y.,Tian,X.,Han,M.,Wang,J.,Ji,S.,Shangwei,J.,Ji,W.	2025-10-11T00:00:00Z								Human alphaherpesvirus 3		10335
PQ040113.1			PARTIAL	1	China: Jilin	Asia									Homo sapiens		9606	true				2014	VZV14-12			1065				1		2025-10-11T00:00:00Z		GenBank		China-Japan Union Hospital of Jilin University, Department of infectious disease	China	Li,X.,Sun,H.,Qin,G.,Sun,Y.,Tian,X.,Han,M.,Wang,J.,Ji,S.,Shangwei,J.,Ji,W.	2025-10-11T00:00:00Z								Human alphaherpesvirus 3		10335
PQ040114.1			PARTIAL	1	China: Jilin	Asia									Homo sapiens		9606	true				2015	VZV15-1			1065				1		2025-10-11T00:00:00Z		GenBank		China-Japan Union Hospital of Jilin University, Department of infectious disease	China	Li,X.,Sun,H.,Qin,G.,Sun,Y.,Tian,X.,Han,M.,Wang,J.,Ji,S.,Shangwei,J.,Ji,W.	2025-10-11T00:00:00Z								Human alphaherpesvirus 3		10335
PQ040115.1			PARTIAL	1	China: Jilin	Asia									Homo sapiens		9606	true				2015	VZV15-11			1065				1		2025-10-11T00:00:00Z		GenBank		China-Japan Union Hospital of Jilin University, Department of infectious disease	China	Li,X.,Sun,H.,Qin,G.,Sun,Y.,Tian,X.,Han,M.,Wang,J.,Ji,S.,Shangwei,J.,Ji,W.	2025-10-11T00:00:00Z								Human alphaherpesvirus 3		10335
PQ040116.1			PARTIAL	1	China: Jilin	Asia									Homo sapiens		9606	true				2016	VZV16-2			1065				1		2025-10-11T00:00:00Z		GenBank		China-Japan Union Hospital of Jilin University, Department of infectious disease	China	Li,X.,Sun,H.,Qin,G.,Sun,Y.,Tian,X.,Han,M.,Wang,J.,Ji,S.,Shangwei,J.,Ji,W.	2025-10-11T00:00:00Z								Human alphaherpesvirus 3		10335
PQ040117.1			PARTIAL	1	China: Jilin	Asia									Homo sapiens		9606	true				2016	VZV16-4			1065				1		2025-10-11T00:00:00Z		GenBank		China-Japan Union Hospital of Jilin University, Department of infectious disease	China	Li,X.,Sun,H.,Qin,G.,Sun,Y.,Tian,X.,Han,M.,Wang,J.,Ji,S.,Shangwei,J.,Ji,W.	2025-10-11T00:00:00Z								Human alphaherpesvirus 3		10335
PQ040118.1			PARTIAL	1	China: Jilin	Asia									Homo sapiens		9606	true				2016	VZV16-5			1065				1		2025-10-11T00:00:00Z		GenBank		China-Japan Union Hospital of Jilin University, Department of infectious disease	China	Li,X.,Sun,H.,Qin,G.,Sun,Y.,Tian,X.,Han,M.,Wang,J.,Ji,S.,Shangwei,J.,Ji,W.	2025-10-11T00:00:00Z								Human alphaherpesvirus 3		10335
PQ040119.1			PARTIAL	1	China: Jilin	Asia									Homo sapiens		9606	true				2016	VZV16-7			1065				1		2025-10-11T00:00:00Z		GenBank		China-Japan Union Hospital of Jilin University, Department of infectious disease	China	Li,X.,Sun,H.,Qin,G.,Sun,Y.,Tian,X.,Han,M.,Wang,J.,Ji,S.,Shangwei,J.,Ji,W.	2025-10-11T00:00:00Z								Human alphaherpesvirus 3		10335
PQ040120.1			PARTIAL	1	China: Jilin	Asia									Homo sapiens		9606	true				2016	VZV16-8			1065				1		2025-10-11T00:00:00Z		GenBank		China-Japan Union Hospital of Jilin University, Department of infectious disease	China	Li,X.,Sun,H.,Qin,G.,Sun,Y.,Tian,X.,Han,M.,Wang,J.,Ji,S.,Shangwei,J.,Ji,W.	2025-10-11T00:00:00Z								Human alphaherpesvirus 3		10335
PQ040121.1			PARTIAL	1	China: Jilin	Asia									Homo sapiens		9606	true				2017	VZV17-6			1065				1		2025-10-11T00:00:00Z		GenBank		China-Japan Union Hospital of Jilin University, Department of infectious disease	China	Li,X.,Sun,H.,Qin,G.,Sun,Y.,Tian,X.,Han,M.,Wang,J.,Ji,S.,Shangwei,J.,Ji,W.	2025-10-11T00:00:00Z								Human alphaherpesvirus 3		10335
PQ040122.1			PARTIAL	1	China: Jilin	Asia									Homo sapiens		9606	true				2017	VZV17-9			1065				1		2025-10-11T00:00:00Z		GenBank		China-Japan Union Hospital of Jilin University, Department of infectious disease	China	Li,X.,Sun,H.,Qin,G.,Sun,Y.,Tian,X.,Han,M.,Wang,J.,Ji,S.,Shangwei,J.,Ji,W.	2025-10-11T00:00:00Z								Human alphaherpesvirus 3		10335
PQ040123.1			PARTIAL	1	China: Jilin	Asia									Homo sapiens		9606	true				2018	VZV18-2			1065				1		2025-10-11T00:00:00Z		GenBank		China-Japan Union Hospital of Jilin University, Department of infectious disease	China	Li,X.,Sun,H.,Qin,G.,Sun,Y.,Tian,X.,Han,M.,Wang,J.,Ji,S.,Shangwei,J.,Ji,W.	2025-10-11T00:00:00Z								Human alphaherpesvirus 3		10335
PQ040124.1			PARTIAL	1	China: Jilin	Asia									Homo sapiens		9606	true				2019	VZV19-3			1065				1		2025-10-11T00:00:00Z		GenBank		China-Japan Union Hospital of Jilin University, Department of infectious disease	China	Li,X.,Sun,H.,Qin,G.,Sun,Y.,Tian,X.,Han,M.,Wang,J.,Ji,S.,Shangwei,J.,Ji,W.	2025-10-11T00:00:00Z								Human alphaherpesvirus 3		10335
PQ040125.1			PARTIAL	1	China: Jilin	Asia									Homo sapiens		9606	true				2020	VZV20-4			1065				1		2025-10-11T00:00:00Z		GenBank		China-Japan Union Hospital of Jilin University, Department of infectious disease	China	Li,X.,Sun,H.,Qin,G.,Sun,Y.,Tian,X.,Han,M.,Wang,J.,Ji,S.,Shangwei,J.,Ji,W.	2025-10-11T00:00:00Z								Human alphaherpesvirus 3		10335
PQ040126.1			PARTIAL	1	China: Jilin	Asia									Homo sapiens		9606	true				2021	VZV21-1			1065				1		2025-10-11T00:00:00Z		GenBank		China-Japan Union Hospital of Jilin University, Department of infectious disease	China	Li,X.,Sun,H.,Qin,G.,Sun,Y.,Tian,X.,Han,M.,Wang,J.,Ji,S.,Shangwei,J.,Ji,W.	2025-10-11T00:00:00Z								Human alphaherpesvirus 3		10335
PQ040127.1			PARTIAL	1	China: Jilin	Asia									Homo sapiens		9606	true				2021	VZV21-4			1065				1		2025-10-11T00:00:00Z		GenBank		China-Japan Union Hospital of Jilin University, Department of infectious disease	China	Li,X.,Sun,H.,Qin,G.,Sun,Y.,Tian,X.,Han,M.,Wang,J.,Ji,S.,Shangwei,J.,Ji,W.	2025-10-11T00:00:00Z								Human alphaherpesvirus 3		10335
PQ040128.1			PARTIAL	1	China: Jilin	Asia									Homo sapiens		9606	true				2022	VZV22-2			1065				1		2025-10-11T00:00:00Z		GenBank		China-Japan Union Hospital of Jilin University, Department of infectious disease	China	Li,X.,Sun,H.,Qin,G.,Sun,Y.,Tian,X.,Han,M.,Wang,J.,Ji,S.,Shangwei,J.,Ji,W.	2025-10-11T00:00:00Z								Human alphaherpesvirus 3		10335
PQ040129.1			PARTIAL	1	China: Jilin	Asia									Homo sapiens		9606	true				2022	VZV22-3			1065				1		2025-10-11T00:00:00Z		GenBank		China-Japan Union Hospital of Jilin University, Department of infectious disease	China	Li,X.,Sun,H.,Qin,G.,Sun,Y.,Tian,X.,Han,M.,Wang,J.,Ji,S.,Shangwei,J.,Ji,W.	2025-10-11T00:00:00Z								Human alphaherpesvirus 3		10335
PQ040130.1			PARTIAL	1	China: Jilin	Asia									Homo sapiens		9606	true				2023	VZV23-1			1065				1		2025-10-11T00:00:00Z		GenBank		China-Japan Union Hospital of Jilin University, Department of infectious disease	China	Li,X.,Sun,H.,Qin,G.,Sun,Y.,Tian,X.,Han,M.,Wang,J.,Ji,S.,Shangwei,J.,Ji,W.	2025-10-11T00:00:00Z								Human alphaherpesvirus 3		10335
PQ040131.1			PARTIAL	1	China: Jilin	Asia									Homo sapiens		9606	true				2023	VZV23-2			1065				1		2025-10-11T00:00:00Z		GenBank		China-Japan Union Hospital of Jilin University, Department of infectious disease	China	Li,X.,Sun,H.,Qin,G.,Sun,Y.,Tian,X.,Han,M.,Wang,J.,Ji,S.,Shangwei,J.,Ji,W.	2025-10-11T00:00:00Z								Human alphaherpesvirus 3		10335
PQ040132.1			PARTIAL	1	China: Jilin	Asia									Homo sapiens		9606	true				2023	VZV23-6			1065				1		2025-10-11T00:00:00Z		GenBank		China-Japan Union Hospital of Jilin University, Department of infectious disease	China	Li,X.,Sun,H.,Qin,G.,Sun,Y.,Tian,X.,Han,M.,Wang,J.,Ji,S.,Shangwei,J.,Ji,W.	2025-10-11T00:00:00Z								Human alphaherpesvirus 3		10335
PQ040133.1			PARTIAL	1	China: Jilin	Asia									Homo sapiens		9606	true				2023	VZV23-7			1065				1		2025-10-11T00:00:00Z		GenBank		China-Japan Union Hospital of Jilin University, Department of infectious disease	China	Li,X.,Sun,H.,Qin,G.,Sun,Y.,Tian,X.,Han,M.,Wang,J.,Ji,S.,Shangwei,J.,Ji,W.	2025-10-11T00:00:00Z								Human alphaherpesvirus 3		10335
PQ040134.1			PARTIAL	1	China: Jilin	Asia									Homo sapiens		9606	true				2024	VZV24-1			1065				1		2025-10-11T00:00:00Z		GenBank		China-Japan Union Hospital of Jilin University, Department of infectious disease	China	Li,X.,Sun,H.,Qin,G.,Sun,Y.,Tian,X.,Han,M.,Wang,J.,Ji,S.,Shangwei,J.,Ji,W.	2025-10-11T00:00:00Z								Human alphaherpesvirus 3		10335
PQ040135.1			PARTIAL	1	China: Jilin	Asia									Homo sapiens		9606	true				2024	VZV24-2			1065				1		2025-10-11T00:00:00Z		GenBank		China-Japan Union Hospital of Jilin University, Department of infectious disease	China	Li,X.,Sun,H.,Qin,G.,Sun,Y.,Tian,X.,Han,M.,Wang,J.,Ji,S.,Shangwei,J.,Ji,W.	2025-10-11T00:00:00Z								Human alphaherpesvirus 3		10335
PQ040136.1			PARTIAL	1	China: Jilin	Asia									Homo sapiens		9606	true				2010	VZV10-14			1872				1		2025-10-11T00:00:00Z		GenBank		China-Japan Union Hospital of Jilin University, Department of infectious disease	China	Li,X.,Sun,H.,Qin,G.,Sun,Y.,Tian,X.,Han,M.,Wang,J.,Ji,S.,Shangwei,J.,Ji,W.	2025-10-11T00:00:00Z								Human alphaherpesvirus 3		10335
PQ040137.1			PARTIAL	1	China: Jilin	Asia									Homo sapiens		9606	true				2010	VZV10-16			1872				1		2025-10-11T00:00:00Z		GenBank		China-Japan Union Hospital of Jilin University, Department of infectious disease	China	Li,X.,Sun,H.,Qin,G.,Sun,Y.,Tian,X.,Han,M.,Wang,J.,Ji,S.,Shangwei,J.,Ji,W.	2025-10-11T00:00:00Z								Human alphaherpesvirus 3		10335
PQ040138.1			PARTIAL	1	China: Jilin	Asia									Homo sapiens		9606	true				2011	VZV11-3			1872				1		2025-10-11T00:00:00Z		GenBank		China-Japan Union Hospital of Jilin University, Department of infectious disease	China	Li,X.,Sun,H.,Qin,G.,Sun,Y.,Tian,X.,Han,M.,Wang,J.,Ji,S.,Shangwei,J.,Ji,W.	2025-10-11T00:00:00Z								Human alphaherpesvirus 3		10335
PQ040139.1			PARTIAL	1	China: Jilin	Asia									Homo sapiens		9606	true				2011	VZV11-5			1872				1		2025-10-11T00:00:00Z		GenBank		China-Japan Union Hospital of Jilin University, Department of infectious disease	China	Li,X.,Sun,H.,Qin,G.,Sun,Y.,Tian,X.,Han,M.,Wang,J.,Ji,S.,Shangwei,J.,Ji,W.	2025-10-11T00:00:00Z								Human alphaherpesvirus 3		10335
PQ040140.1			PARTIAL	1	China: Jilin	Asia									Homo sapiens		9606	true				2012	VZV12-1			1872				1		2025-10-11T00:00:00Z		GenBank		China-Japan Union Hospital of Jilin University, Department of infectious disease	China	Li,X.,Sun,H.,Qin,G.,Sun,Y.,Tian,X.,Han,M.,Wang,J.,Ji,S.,Shangwei,J.,Ji,W.	2025-10-11T00:00:00Z								Human alphaherpesvirus 3		10335
PQ040141.1			PARTIAL	1	China: Jilin	Asia									Homo sapiens		9606	true				2012	VZV12-5			1872				1		2025-10-11T00:00:00Z		GenBank		China-Japan Union Hospital of Jilin University, Department of infectious disease	China	Li,X.,Sun,H.,Qin,G.,Sun,Y.,Tian,X.,Han,M.,Wang,J.,Ji,S.,Shangwei,J.,Ji,W.	2025-10-11T00:00:00Z								Human alphaherpesvirus 3		10335
PQ040142.1			PARTIAL	1	China: Jilin	Asia									Homo sapiens		9606	true				2013	VZV13-3			1872				1		2025-10-11T00:00:00Z		GenBank		China-Japan Union Hospital of Jilin University, Department of infectious disease	China	Li,X.,Sun,H.,Qin,G.,Sun,Y.,Tian,X.,Han,M.,Wang,J.,Ji,S.,Shangwei,J.,Ji,W.	2025-10-11T00:00:00Z								Human alphaherpesvirus 3		10335
PQ040143.1			PARTIAL	1	China: Jilin	Asia									Homo sapiens		9606	true				2013	VZV13-7			1872				1		2025-10-11T00:00:00Z		GenBank		China-Japan Union Hospital of Jilin University, Department of infectious disease	China	Li,X.,Sun,H.,Qin,G.,Sun,Y.,Tian,X.,Han,M.,Wang,J.,Ji,S.,Shangwei,J.,Ji,W.	2025-10-11T00:00:00Z								Human alphaherpesvirus 3		10335
PQ040144.1			PARTIAL	1	China: Jilin	Asia									Homo sapiens		9606	true				2014	VZV14-2			1872				1		2025-10-11T00:00:00Z		GenBank		China-Japan Union Hospital of Jilin University, Department of infectious disease	China	Li,X.,Sun,H.,Qin,G.,Sun,Y.,Tian,X.,Han,M.,Wang,J.,Ji,S.,Shangwei,J.,Ji,W.	2025-10-11T00:00:00Z								Human alphaherpesvirus 3		10335
PQ040145.1			PARTIAL	1	China: Jilin	Asia									Homo sapiens		9606	true				2014	VZV14-4			1872				1		2025-10-11T00:00:00Z		GenBank		China-Japan Union Hospital of Jilin University, Department of infectious disease	China	Li,X.,Sun,H.,Qin,G.,Sun,Y.,Tian,X.,Han,M.,Wang,J.,Ji,S.,Shangwei,J.,Ji,W.	2025-10-11T00:00:00Z								Human alphaherpesvirus 3		10335
PQ040146.1			PARTIAL	1	China: Jilin	Asia									Homo sapiens		9606	true				2014	VZV14-5			1872				1		2025-10-11T00:00:00Z		GenBank		China-Japan Union Hospital of Jilin University, Department of infectious disease	China	Li,X.,Sun,H.,Qin,G.,Sun,Y.,Tian,X.,Han,M.,Wang,J.,Ji,S.,Shangwei,J.,Ji,W.	2025-10-11T00:00:00Z								Human alphaherpesvirus 3		10335
PQ040147.1			PARTIAL	1	China: Jilin	Asia									Homo sapiens		9606	true				2014	VZV14-6			1872				1		2025-10-11T00:00:00Z		GenBank		China-Japan Union Hospital of Jilin University, Department of infectious disease	China	Li,X.,Sun,H.,Qin,G.,Sun,Y.,Tian,X.,Han,M.,Wang,J.,Ji,S.,Shangwei,J.,Ji,W.	2025-10-11T00:00:00Z								Human alphaherpesvirus 3		10335
PQ040148.1			PARTIAL	1	China: Jilin	Asia									Homo sapiens		9606	true				2014	VZV14-8			1872				1		2025-10-11T00:00:00Z		GenBank		China-Japan Union Hospital of Jilin University, Department of infectious disease	China	Li,X.,Sun,H.,Qin,G.,Sun,Y.,Tian,X.,Han,M.,Wang,J.,Ji,S.,Shangwei,J.,Ji,W.	2025-10-11T00:00:00Z								Human alphaherpesvirus 3		10335
PQ040149.1			PARTIAL	1	China: Jilin	Asia									Homo sapiens		9606	true				2014	VZV14-9			1872				1		2025-10-11T00:00:00Z		GenBank		China-Japan Union Hospital of Jilin University, Department of infectious disease	China	Li,X.,Sun,H.,Qin,G.,Sun,Y.,Tian,X.,Han,M.,Wang,J.,Ji,S.,Shangwei,J.,Ji,W.	2025-10-11T00:00:00Z								Human alphaherpesvirus 3		10335
PQ040150.1			PARTIAL	1	China: Jilin	Asia									Homo sapiens		9606	true				2014	VZV14-10			1872				1		2025-10-11T00:00:00Z		GenBank		China-Japan Union Hospital of Jilin University, Department of infectious disease	China	Li,X.,Sun,H.,Qin,G.,Sun,Y.,Tian,X.,Han,M.,Wang,J.,Ji,S.,Shangwei,J.,Ji,W.	2025-10-11T00:00:00Z								Human alphaherpesvirus 3		10335
PQ040151.1			PARTIAL	1	China: Jilin	Asia									Homo sapiens		9606	true				2014	VZV14-12			1872				1		2025-10-11T00:00:00Z		GenBank		China-Japan Union Hospital of Jilin University, Department of infectious disease	China	Li,X.,Sun,H.,Qin,G.,Sun,Y.,Tian,X.,Han,M.,Wang,J.,Ji,S.,Shangwei,J.,Ji,W.	2025-10-11T00:00:00Z								Human alphaherpesvirus 3		10335
PQ040152.1			PARTIAL	1	China: Jilin	Asia									Homo sapiens		9606	true				2015	VZV15-1			1872				1		2025-10-11T00:00:00Z		GenBank		China-Japan Union Hospital of Jilin University, Department of infectious disease	China	Li,X.,Sun,H.,Qin,G.,Sun,Y.,Tian,X.,Han,M.,Wang,J.,Ji,S.,Shangwei,J.,Ji,W.	2025-10-11T00:00:00Z								Human alphaherpesvirus 3		10335
PQ040153.1			PARTIAL	1	China: Jilin	Asia									Homo sapiens		9606	true				2015	VZV15-11			1872				1		2025-10-11T00:00:00Z		GenBank		China-Japan Union Hospital of Jilin University, Department of infectious disease	China	Li,X.,Sun,H.,Qin,G.,Sun,Y.,Tian,X.,Han,M.,Wang,J.,Ji,S.,Shangwei,J.,Ji,W.	2025-10-11T00:00:00Z								Human alphaherpesvirus 3		10335
PQ040154.1			PARTIAL	1	China: Jilin	Asia									Homo sapiens		9606	true				2016	VZV16-2			1872				1		2025-10-11T00:00:00Z		GenBank		China-Japan Union Hospital of Jilin University, Department of infectious disease	China	Li,X.,Sun,H.,Qin,G.,Sun,Y.,Tian,X.,Han,M.,Wang,J.,Ji,S.,Shangwei,J.,Ji,W.	2025-10-11T00:00:00Z								Human alphaherpesvirus 3		10335
PQ040155.1			PARTIAL	1	China: Jilin	Asia									Homo sapiens		9606	true				2016	VZV16-4			1872				1		2025-10-11T00:00:00Z		GenBank		China-Japan Union Hospital of Jilin University, Department of infectious disease	China	Li,X.,Sun,H.,Qin,G.,Sun,Y.,Tian,X.,Han,M.,Wang,J.,Ji,S.,Shangwei,J.,Ji,W.	2025-10-11T00:00:00Z								Human alphaherpesvirus 3		10335
PQ040156.1			PARTIAL	1	China: Jilin	Asia									Homo sapiens		9606	true				2016	VZV16-5			1872				1		2025-10-11T00:00:00Z		GenBank		China-Japan Union Hospital of Jilin University, Department of infectious disease	China	Li,X.,Sun,H.,Qin,G.,Sun,Y.,Tian,X.,Han,M.,Wang,J.,Ji,S.,Shangwei,J.,Ji,W.	2025-10-11T00:00:00Z								Human alphaherpesvirus 3		10335
PQ040157.1			PARTIAL	1	China: Jilin	Asia									Homo sapiens		9606	true				2016	VZV16-7			1872				1		2025-10-11T00:00:00Z		GenBank		China-Japan Union Hospital of Jilin University, Department of infectious disease	China	Li,X.,Sun,H.,Qin,G.,Sun,Y.,Tian,X.,Han,M.,Wang,J.,Ji,S.,Shangwei,J.,Ji,W.	2025-10-11T00:00:00Z								Human alphaherpesvirus 3		10335
PQ040158.1			PARTIAL	1	China: Jilin	Asia									Homo sapiens		9606	true				2016	VZV16-8			1872				1		2025-10-11T00:00:00Z		GenBank		China-Japan Union Hospital of Jilin University, Department of infectious disease	China	Li,X.,Sun,H.,Qin,G.,Sun,Y.,Tian,X.,Han,M.,Wang,J.,Ji,S.,Shangwei,J.,Ji,W.	2025-10-11T00:00:00Z								Human alphaherpesvirus 3		10335
PQ040159.1			PARTIAL	1	China: Jilin	Asia									Homo sapiens		9606	true				2017	VZV17-6			1872				1		2025-10-11T00:00:00Z		GenBank		China-Japan Union Hospital of Jilin University, Department of infectious disease	China	Li,X.,Sun,H.,Qin,G.,Sun,Y.,Tian,X.,Han,M.,Wang,J.,Ji,S.,Shangwei,J.,Ji,W.	2025-10-11T00:00:00Z								Human alphaherpesvirus 3		10335
PQ040160.1			PARTIAL	1	China: Jilin	Asia									Homo sapiens		9606	true				2017	VZV17-9			1872				1		2025-10-11T00:00:00Z		GenBank		China-Japan Union Hospital of Jilin University, Department of infectious disease	China	Li,X.,Sun,H.,Qin,G.,Sun,Y.,Tian,X.,Han,M.,Wang,J.,Ji,S.,Shangwei,J.,Ji,W.	2025-10-11T00:00:00Z								Human alphaherpesvirus 3		10335
PQ040161.1			PARTIAL	1	China: Jilin	Asia									Homo sapiens		9606	true				2018	VZV18-2			1872				1		2025-10-11T00:00:00Z		GenBank		China-Japan Union Hospital of Jilin University, Department of infectious disease	China	Li,X.,Sun,H.,Qin,G.,Sun,Y.,Tian,X.,Han,M.,Wang,J.,Ji,S.,Shangwei,J.,Ji,W.	2025-10-11T00:00:00Z								Human alphaherpesvirus 3		10335
PQ040162.1			PARTIAL	1	China: Jilin	Asia									Homo sapiens		9606	true				2019	VZV19-3			1872				1		2025-10-11T00:00:00Z		GenBank		China-Japan Union Hospital of Jilin University, Department of infectious disease	China	Li,X.,Sun,H.,Qin,G.,Sun,Y.,Tian,X.,Han,M.,Wang,J.,Ji,S.,Shangwei,J.,Ji,W.	2025-10-11T00:00:00Z								Human alphaherpesvirus 3		10335
PQ040163.1			PARTIAL	1	China: Jilin	Asia									Homo sapiens		9606	true				2020	VZV20-4			1872				1		2025-10-11T00:00:00Z		GenBank		China-Japan Union Hospital of Jilin University, Department of infectious disease	China	Li,X.,Sun,H.,Qin,G.,Sun,Y.,Tian,X.,Han,M.,Wang,J.,Ji,S.,Shangwei,J.,Ji,W.	2025-10-11T00:00:00Z								Human alphaherpesvirus 3		10335
PQ040164.1			PARTIAL	1	China: Jilin	Asia									Homo sapiens		9606	true				2021	VZV21-1			1872				1		2025-10-11T00:00:00Z		GenBank		China-Japan Union Hospital of Jilin University, Department of infectious disease	China	Li,X.,Sun,H.,Qin,G.,Sun,Y.,Tian,X.,Han,M.,Wang,J.,Ji,S.,Shangwei,J.,Ji,W.	2025-10-11T00:00:00Z								Human alphaherpesvirus 3		10335
PQ040165.1			PARTIAL	1	China: Jilin	Asia									Homo sapiens		9606	true				2021	VZV21-4			1872				1		2025-10-11T00:00:00Z		GenBank		China-Japan Union Hospital of Jilin University, Department of infectious disease	China	Li,X.,Sun,H.,Qin,G.,Sun,Y.,Tian,X.,Han,M.,Wang,J.,Ji,S.,Shangwei,J.,Ji,W.	2025-10-11T00:00:00Z								Human alphaherpesvirus 3		10335
PQ040166.1			PARTIAL	1	China: Jilin	Asia									Homo sapiens		9606	true				2022	VZV22-2			1872				1		2025-10-11T00:00:00Z		GenBank		China-Japan Union Hospital of Jilin University, Department of infectious disease	China	Li,X.,Sun,H.,Qin,G.,Sun,Y.,Tian,X.,Han,M.,Wang,J.,Ji,S.,Shangwei,J.,Ji,W.	2025-10-11T00:00:00Z								Human alphaherpesvirus 3		10335
PQ040167.1			PARTIAL	1	China: Jilin	Asia									Homo sapiens		9606	true				2022	VZV22-3			1872				1		2025-10-11T00:00:00Z		GenBank		China-Japan Union Hospital of Jilin University, Department of infectious disease	China	Li,X.,Sun,H.,Qin,G.,Sun,Y.,Tian,X.,Han,M.,Wang,J.,Ji,S.,Shangwei,J.,Ji,W.	2025-10-11T00:00:00Z								Human alphaherpesvirus 3		10335
PQ040168.1			PARTIAL	1	China: Jilin	Asia									Homo sapiens		9606	true				2023	VZV23-1			1872				1		2025-10-11T00:00:00Z		GenBank		China-Japan Union Hospital of Jilin University, Department of infectious disease	China	Li,X.,Sun,H.,Qin,G.,Sun,Y.,Tian,X.,Han,M.,Wang,J.,Ji,S.,Shangwei,J.,Ji,W.	2025-10-11T00:00:00Z								Human alphaherpesvirus 3		10335
PQ040169.1			PARTIAL	1	China: Jilin	Asia									Homo sapiens		9606	true				2023	VZV23-2			1872				1		2025-10-11T00:00:00Z		GenBank		China-Japan Union Hospital of Jilin University, Department of infectious disease	China	Li,X.,Sun,H.,Qin,G.,Sun,Y.,Tian,X.,Han,M.,Wang,J.,Ji,S.,Shangwei,J.,Ji,W.	2025-10-11T00:00:00Z								Human alphaherpesvirus 3		10335
PQ040170.1			PARTIAL	1	China: Jilin	Asia									Homo sapiens		9606	true				2023	VZV23-6			1872				1		2025-10-11T00:00:00Z		GenBank		China-Japan Union Hospital of Jilin University, Department of infectious disease	China	Li,X.,Sun,H.,Qin,G.,Sun,Y.,Tian,X.,Han,M.,Wang,J.,Ji,S.,Shangwei,J.,Ji,W.	2025-10-11T00:00:00Z								Human alphaherpesvirus 3		10335
PQ040171.1			PARTIAL	1	China: Jilin	Asia									Homo sapiens		9606	true				2023	VZV23-7			1872				1		2025-10-11T00:00:00Z		GenBank		China-Japan Union Hospital of Jilin University, Department of infectious disease	China	Li,X.,Sun,H.,Qin,G.,Sun,Y.,Tian,X.,Han,M.,Wang,J.,Ji,S.,Shangwei,J.,Ji,W.	2025-10-11T00:00:00Z								Human alphaherpesvirus 3		10335
PQ040172.1			PARTIAL	1	China: Jilin	Asia									Homo sapiens		9606	true				2024	VZV24-1			1872				1		2025-10-11T00:00:00Z		GenBank		China-Japan Union Hospital of Jilin University, Department of infectious disease	China	Li,X.,Sun,H.,Qin,G.,Sun,Y.,Tian,X.,Han,M.,Wang,J.,Ji,S.,Shangwei,J.,Ji,W.	2025-10-11T00:00:00Z								Human alphaherpesvirus 3		10335
PQ040173.1			PARTIAL	1	China: Jilin	Asia									Homo sapiens		9606	true				2024	VZV24-2			1872				1		2025-10-11T00:00:00Z		GenBank		China-Japan Union Hospital of Jilin University, Department of infectious disease	China	Li,X.,Sun,H.,Qin,G.,Sun,Y.,Tian,X.,Han,M.,Wang,J.,Ji,S.,Shangwei,J.,Ji,W.	2025-10-11T00:00:00Z								Human alphaherpesvirus 3		10335
PQ040174.1			PARTIAL	1	China: Jilin	Asia									Homo sapiens		9606	true				2010	VZV10-14			1725				1		2025-10-11T00:00:00Z		GenBank		China-Japan Union Hospital of Jilin University, Department of infectious disease	China	Li,X.,Sun,H.,Qin,G.,Sun,Y.,Tian,X.,Han,M.,Wang,J.,Ji,S.,Shangwei,J.,Ji,W.	2025-10-11T00:00:00Z								Human alphaherpesvirus 3		10335
PQ040175.1			PARTIAL	1	China: Jilin	Asia									Homo sapiens		9606	true				2010	VZV10-16			1641				1		2025-10-11T00:00:00Z		GenBank		China-Japan Union Hospital of Jilin University, Department of infectious disease	China	Li,X.,Sun,H.,Qin,G.,Sun,Y.,Tian,X.,Han,M.,Wang,J.,Ji,S.,Shangwei,J.,Ji,W.	2025-10-11T00:00:00Z								Human alphaherpesvirus 3		10335
PQ040176.1			PARTIAL	1	China: Jilin	Asia									Homo sapiens		9606	true				2011	VZV11-3			1725				1		2025-10-11T00:00:00Z		GenBank		China-Japan Union Hospital of Jilin University, Department of infectious disease	China	Li,X.,Sun,H.,Qin,G.,Sun,Y.,Tian,X.,Han,M.,Wang,J.,Ji,S.,Shangwei,J.,Ji,W.	2025-10-11T00:00:00Z								Human alphaherpesvirus 3		10335
PQ040177.1			PARTIAL	1	China: Jilin	Asia									Homo sapiens		9606	true				2011	VZV11-5			1683				1		2025-10-11T00:00:00Z		GenBank		China-Japan Union Hospital of Jilin University, Department of infectious disease	China	Li,X.,Sun,H.,Qin,G.,Sun,Y.,Tian,X.,Han,M.,Wang,J.,Ji,S.,Shangwei,J.,Ji,W.	2025-10-11T00:00:00Z								Human alphaherpesvirus 3		10335
PQ040178.1			PARTIAL	1	China: Jilin	Asia									Homo sapiens		9606	true				2012	VZV12-1			1641				1		2025-10-11T00:00:00Z		GenBank		China-Japan Union Hospital of Jilin University, Department of infectious disease	China	Li,X.,Sun,H.,Qin,G.,Sun,Y.,Tian,X.,Han,M.,Wang,J.,Ji,S.,Shangwei,J.,Ji,W.	2025-10-11T00:00:00Z								Human alphaherpesvirus 3		10335
PQ040179.1			PARTIAL	1	China: Jilin	Asia									Homo sapiens		9606	true				2012	VZV12-5			1725				1		2025-10-11T00:00:00Z		GenBank		China-Japan Union Hospital of Jilin University, Department of infectious disease	China	Li,X.,Sun,H.,Qin,G.,Sun,Y.,Tian,X.,Han,M.,Wang,J.,Ji,S.,Shangwei,J.,Ji,W.	2025-10-11T00:00:00Z								Human alphaherpesvirus 3		10335
PQ040180.1			PARTIAL	1	China: Jilin	Asia									Homo sapiens		9606	true				2013	VZV13-3			1641				1		2025-10-11T00:00:00Z		GenBank		China-Japan Union Hospital of Jilin University, Department of infectious disease	China	Li,X.,Sun,H.,Qin,G.,Sun,Y.,Tian,X.,Han,M.,Wang,J.,Ji,S.,Shangwei,J.,Ji,W.	2025-10-11T00:00:00Z								Human alphaherpesvirus 3		10335
PQ040181.1			PARTIAL	1	China: Jilin	Asia									Homo sapiens		9606	true				2013	VZV13-7			1641				1		2025-10-11T00:00:00Z		GenBank		China-Japan Union Hospital of Jilin University, Department of infectious disease	China	Li,X.,Sun,H.,Qin,G.,Sun,Y.,Tian,X.,Han,M.,Wang,J.,Ji,S.,Shangwei,J.,Ji,W.	2025-10-11T00:00:00Z								Human alphaherpesvirus 3		10335
PQ040182.1			PARTIAL	1	China: Jilin	Asia									Homo sapiens		9606	true				2014	VZV14-2			1725				1		2025-10-11T00:00:00Z		GenBank		China-Japan Union Hospital of Jilin University, Department of infectious disease	China	Li,X.,Sun,H.,Qin,G.,Sun,Y.,Tian,X.,Han,M.,Wang,J.,Ji,S.,Shangwei,J.,Ji,W.	2025-10-11T00:00:00Z								Human alphaherpesvirus 3		10335
PQ040183.1			PARTIAL	1	China: Jilin	Asia									Homo sapiens		9606	true				2014	VZV14-4			1725				1		2025-10-11T00:00:00Z		GenBank		China-Japan Union Hospital of Jilin University, Department of infectious disease	China	Li,X.,Sun,H.,Qin,G.,Sun,Y.,Tian,X.,Han,M.,Wang,J.,Ji,S.,Shangwei,J.,Ji,W.	2025-10-11T00:00:00Z								Human alphaherpesvirus 3		10335
PQ040184.1			PARTIAL	1	China: Jilin	Asia									Homo sapiens		9606	true				2014	VZV14-5			1767				1		2025-10-11T00:00:00Z		GenBank		China-Japan Union Hospital of Jilin University, Department of infectious disease	China	Li,X.,Sun,H.,Qin,G.,Sun,Y.,Tian,X.,Han,M.,Wang,J.,Ji,S.,Shangwei,J.,Ji,W.	2025-10-11T00:00:00Z								Human alphaherpesvirus 3		10335
PQ040185.1			PARTIAL	1	China: Jilin	Asia									Homo sapiens		9606	true				2014	VZV14-6			1767				1		2025-10-11T00:00:00Z		GenBank		China-Japan Union Hospital of Jilin University, Department of infectious disease	China	Li,X.,Sun,H.,Qin,G.,Sun,Y.,Tian,X.,Han,M.,Wang,J.,Ji,S.,Shangwei,J.,Ji,W.	2025-10-11T00:00:00Z								Human alphaherpesvirus 3		10335
PQ040186.1			PARTIAL	1	China: Jilin	Asia									Homo sapiens		9606	true				2014	VZV14-8			1599				1		2025-10-11T00:00:00Z		GenBank		China-Japan Union Hospital of Jilin University, Department of infectious disease	China	Li,X.,Sun,H.,Qin,G.,Sun,Y.,Tian,X.,Han,M.,Wang,J.,Ji,S.,Shangwei,J.,Ji,W.	2025-10-11T00:00:00Z								Human alphaherpesvirus 3		10335
PQ040187.1			PARTIAL	1	China: Jilin	Asia									Homo sapiens		9606	true				2014	VZV14-9			1767				1		2025-10-11T00:00:00Z		GenBank		China-Japan Union Hospital of Jilin University, Department of infectious disease	China	Li,X.,Sun,H.,Qin,G.,Sun,Y.,Tian,X.,Han,M.,Wang,J.,Ji,S.,Shangwei,J.,Ji,W.	2025-10-11T00:00:00Z								Human alphaherpesvirus 3		10335
PQ040188.1			PARTIAL	1	China: Jilin	Asia									Homo sapiens		9606	true				2014	VZV14-10			1725				1		2025-10-11T00:00:00Z		GenBank		China-Japan Union Hospital of Jilin University, Department of infectious disease	China	Li,X.,Sun,H.,Qin,G.,Sun,Y.,Tian,X.,Han,M.,Wang,J.,Ji,S.,Shangwei,J.,Ji,W.	2025-10-11T00:00:00Z								Human alphaherpesvirus 3		10335
PQ040189.1			PARTIAL	1	China: Jilin	Asia									Homo sapiens		9606	true				2014	VZV14-12			1599				1		2025-10-11T00:00:00Z		GenBank		China-Japan Union Hospital of Jilin University, Department of infectious disease	China	Li,X.,Sun,H.,Qin,G.,Sun,Y.,Tian,X.,Han,M.,Wang,J.,Ji,S.,Shangwei,J.,Ji,W.	2025-10-11T00:00:00Z								Human alphaherpesvirus 3		10335
PQ040190.1			PARTIAL	1	China: Jilin	Asia									Homo sapiens		9606	true				2015	VZV15-1			1767				1		2025-10-11T00:00:00Z		GenBank		China-Japan Union Hospital of Jilin University, Department of infectious disease	China	Li,X.,Sun,H.,Qin,G.,Sun,Y.,Tian,X.,Han,M.,Wang,J.,Ji,S.,Shangwei,J.,Ji,W.	2025-10-11T00:00:00Z								Human alphaherpesvirus 3		10335
PQ040191.1			PARTIAL	1	China: Jilin	Asia									Homo sapiens		9606	true				2015	VZV15-11			1641				1		2025-10-11T00:00:00Z		GenBank		China-Japan Union Hospital of Jilin University, Department of infectious disease	China	Li,X.,Sun,H.,Qin,G.,Sun,Y.,Tian,X.,Han,M.,Wang,J.,Ji,S.,Shangwei,J.,Ji,W.	2025-10-11T00:00:00Z								Human alphaherpesvirus 3		10335
PQ040192.1			PARTIAL	1	China: Jilin	Asia									Homo sapiens		9606	true				2016	VZV16-2			1767				1		2025-10-11T00:00:00Z		GenBank		China-Japan Union Hospital of Jilin University, Department of infectious disease	China	Li,X.,Sun,H.,Qin,G.,Sun,Y.,Tian,X.,Han,M.,Wang,J.,Ji,S.,Shangwei,J.,Ji,W.	2025-10-11T00:00:00Z								Human alphaherpesvirus 3		10335
PQ040193.1			PARTIAL	1	China: Jilin	Asia									Homo sapiens		9606	true				2016	VZV16-4			1851				1		2025-10-11T00:00:00Z		GenBank		China-Japan Union Hospital of Jilin University, Department of infectious disease	China	Li,X.,Sun,H.,Qin,G.,Sun,Y.,Tian,X.,Han,M.,Wang,J.,Ji,S.,Shangwei,J.,Ji,W.	2025-10-11T00:00:00Z								Human alphaherpesvirus 3		10335
PQ040194.1			PARTIAL	1	China: Jilin	Asia									Homo sapiens		9606	true				2016	VZV16-5			1683				1		2025-10-11T00:00:00Z		GenBank		China-Japan Union Hospital of Jilin University, Department of infectious disease	China	Li,X.,Sun,H.,Qin,G.,Sun,Y.,Tian,X.,Han,M.,Wang,J.,Ji,S.,Shangwei,J.,Ji,W.	2025-10-11T00:00:00Z								Human alphaherpesvirus 3		10335
PQ040195.1			PARTIAL	1	China: Jilin	Asia									Homo sapiens		9606	true				2016	VZV16-7			1767				1		2025-10-11T00:00:00Z		GenBank		China-Japan Union Hospital of Jilin University, Department of infectious disease	China	Li,X.,Sun,H.,Qin,G.,Sun,Y.,Tian,X.,Han,M.,Wang,J.,Ji,S.,Shangwei,J.,Ji,W.	2025-10-11T00:00:00Z								Human alphaherpesvirus 3		10335
PQ040196.1			PARTIAL	1	China: Jilin	Asia									Homo sapiens		9606	true				2016	VZV16-8			1725				1		2025-10-11T00:00:00Z		GenBank		China-Japan Union Hospital of Jilin University, Department of infectious disease	China	Li,X.,Sun,H.,Qin,G.,Sun,Y.,Tian,X.,Han,M.,Wang,J.,Ji,S.,Shangwei,J.,Ji,W.	2025-10-11T00:00:00Z								Human alphaherpesvirus 3		10335
PQ040197.1			PARTIAL	1	China: Jilin	Asia									Homo sapiens		9606	true				2017	VZV17-6			1683				1		2025-10-11T00:00:00Z		GenBank		China-Japan Union Hospital of Jilin University, Department of infectious disease	China	Li,X.,Sun,H.,Qin,G.,Sun,Y.,Tian,X.,Han,M.,Wang,J.,Ji,S.,Shangwei,J.,Ji,W.	2025-10-11T00:00:00Z								Human alphaherpesvirus 3		10335
PQ040198.1			PARTIAL	1	China: Jilin	Asia									Homo sapiens		9606	true				2017	VZV17-9			1641				1		2025-10-11T00:00:00Z		GenBank		China-Japan Union Hospital of Jilin University, Department of infectious disease	China	Li,X.,Sun,H.,Qin,G.,Sun,Y.,Tian,X.,Han,M.,Wang,J.,Ji,S.,Shangwei,J.,Ji,W.	2025-10-11T00:00:00Z								Human alphaherpesvirus 3		10335
PQ040199.1			PARTIAL	1	China: Jilin	Asia									Homo sapiens		9606	true				2018	VZV18-2			1725				1		2025-10-11T00:00:00Z		GenBank		China-Japan Union Hospital of Jilin University, Department of infectious disease	China	Li,X.,Sun,H.,Qin,G.,Sun,Y.,Tian,X.,Han,M.,Wang,J.,Ji,S.,Shangwei,J.,Ji,W.	2025-10-11T00:00:00Z								Human alphaherpesvirus 3		10335
PQ040200.1			PARTIAL	1	China: Jilin	Asia									Homo sapiens		9606	true				2019	VZV19-3			1683				1		2025-10-11T00:00:00Z		GenBank		China-Japan Union Hospital of Jilin University, Department of infectious disease	China	Li,X.,Sun,H.,Qin,G.,Sun,Y.,Tian,X.,Han,M.,Wang,J.,Ji,S.,Shangwei,J.,Ji,W.	2025-10-11T00:00:00Z								Human alphaherpesvirus 3		10335
PQ040201.1			PARTIAL	36	China: Jilin	Asia									Homo sapiens		9606	true				2020	VZV20-4			1809						2025-10-11T00:00:00Z		GenBank		China-Japan Union Hospital of Jilin University, Department of infectious disease	China	Li,X.,Sun,H.,Qin,G.,Sun,Y.,Tian,X.,Han,M.,Wang,J.,Ji,S.,Shangwei,J.,Ji,W.	2025-10-11T00:00:00Z								Human alphaherpesvirus 3		10335
PQ040202.1			PARTIAL	36	China: Jilin	Asia									Homo sapiens		9606	true				2021	VZV21-1			1767						2025-10-11T00:00:00Z		GenBank		China-Japan Union Hospital of Jilin University, Department of infectious disease	China	Li,X.,Sun,H.,Qin,G.,Sun,Y.,Tian,X.,Han,M.,Wang,J.,Ji,S.,Shangwei,J.,Ji,W.	2025-10-11T00:00:00Z								Human alphaherpesvirus 3		10335
PQ040203.1			PARTIAL	1	China: Jilin	Asia									Homo sapiens		9606	true				2021	VZV21-4			1683				1		2025-10-11T00:00:00Z		GenBank		China-Japan Union Hospital of Jilin University, Department of infectious disease	China	Li,X.,Sun,H.,Qin,G.,Sun,Y.,Tian,X.,Han,M.,Wang,J.,Ji,S.,Shangwei,J.,Ji,W.	2025-10-11T00:00:00Z								Human alphaherpesvirus 3		10335
PQ040204.1			PARTIAL	1	China: Jilin	Asia									Homo sapiens		9606	true				2022	VZV22-2			1725				1		2025-10-11T00:00:00Z		GenBank		China-Japan Union Hospital of Jilin University, Department of infectious disease	China	Li,X.,Sun,H.,Qin,G.,Sun,Y.,Tian,X.,Han,M.,Wang,J.,Ji,S.,Shangwei,J.,Ji,W.	2025-10-11T00:00:00Z								Human alphaherpesvirus 3		10335
PQ040205.1			PARTIAL	1	China: Jilin	Asia									Homo sapiens		9606	true				2022	VZV22-3			1599				1		2025-10-11T00:00:00Z		GenBank		China-Japan Union Hospital of Jilin University, Department of infectious disease	China	Li,X.,Sun,H.,Qin,G.,Sun,Y.,Tian,X.,Han,M.,Wang,J.,Ji,S.,Shangwei,J.,Ji,W.	2025-10-11T00:00:00Z								Human alphaherpesvirus 3		10335
PQ040206.1			PARTIAL	1	China: Jilin	Asia									Homo sapiens		9606	true				2023	VZV23-1			1683				1		2025-10-11T00:00:00Z		GenBank		China-Japan Union Hospital of Jilin University, Department of infectious disease	China	Li,X.,Sun,H.,Qin,G.,Sun,Y.,Tian,X.,Han,M.,Wang,J.,Ji,S.,Shangwei,J.,Ji,W.	2025-10-11T00:00:00Z								Human alphaherpesvirus 3		10335
PQ040207.1			PARTIAL	1	China: Jilin	Asia									Homo sapiens		9606	true				2023	VZV23-2			1599				1		2025-10-11T00:00:00Z		GenBank		China-Japan Union Hospital of Jilin University, Department of infectious disease	China	Li,X.,Sun,H.,Qin,G.,Sun,Y.,Tian,X.,Han,M.,Wang,J.,Ji,S.,Shangwei,J.,Ji,W.	2025-10-11T00:00:00Z								Human alphaherpesvirus 3		10335
PQ040208.1			PARTIAL	1	China: Jilin	Asia									Homo sapiens		9606	true				2023	VZV23-6			1725				1		2025-10-11T00:00:00Z		GenBank		China-Japan Union Hospital of Jilin University, Department of infectious disease	China	Li,X.,Sun,H.,Qin,G.,Sun,Y.,Tian,X.,Han,M.,Wang,J.,Ji,S.,Shangwei,J.,Ji,W.	2025-10-11T00:00:00Z								Human alphaherpesvirus 3		10335
PQ040209.1			PARTIAL	1	China: Jilin	Asia									Homo sapiens		9606	true				2023	VZV23-7			1725				1		2025-10-11T00:00:00Z		GenBank		China-Japan Union Hospital of Jilin University, Department of infectious disease	China	Li,X.,Sun,H.,Qin,G.,Sun,Y.,Tian,X.,Han,M.,Wang,J.,Ji,S.,Shangwei,J.,Ji,W.	2025-10-11T00:00:00Z								Human alphaherpesvirus 3		10335
PQ040210.1			PARTIAL	1	China: Jilin	Asia									Homo sapiens		9606	true				2024	VZV24-1			1641				1		2025-10-11T00:00:00Z		GenBank		China-Japan Union Hospital of Jilin University, Department of infectious disease	China	Li,X.,Sun,H.,Qin,G.,Sun,Y.,Tian,X.,Han,M.,Wang,J.,Ji,S.,Shangwei,J.,Ji,W.	2025-10-11T00:00:00Z								Human alphaherpesvirus 3		10335
PQ040211.1			PARTIAL	1	China: Jilin	Asia									Homo sapiens		9606	true				2024	VZV24-2			1893				1		2025-10-11T00:00:00Z		GenBank		China-Japan Union Hospital of Jilin University, Department of infectious disease	China	Li,X.,Sun,H.,Qin,G.,Sun,Y.,Tian,X.,Han,M.,Wang,J.,Ji,S.,Shangwei,J.,Ji,W.	2025-10-11T00:00:00Z								Human alphaherpesvirus 3		10335
PQ505474.1			COMPLETE	73	Kenya	Africa									Homo sapiens		9606	true				2024-08-23	KE_23082024			124668				73		2024-11-24T00:00:00Z		GenBank		KEMRI-Wellcome Trust Research Program, Epidemiology and Demography	Kenya	Musundi,S.D.,Lambisia,A.W.,Morobe,J.M.,Muthanje,E.,Okanda,D.,Kiiru,J.,Oyier,I.,Agouti,C.,Githinji,G.	2024-11-24T00:00:00Z								Human alphaherpesvirus 3		10335
PQ625238.1			PARTIAL	1	China	Asia									Homo sapiens		9606	true				2017-02-28	VZVs/Liaoning.CHN/9.17/1			1023				1		2024-12-10T00:00:00Z		GenBank		Liaoning Provincial Center for Disease Control and Prevention, Immunization Planning Institute	China	Wang,W.,Wang,Y.,Fang,X.,Guo,J.	2024-12-10T00:00:00Z								Human alphaherpesvirus 3		10335
PQ625239.1			PARTIAL	1	China	Asia									Homo sapiens		9606	true				2017-02-23	VZVs/Liaoning.CHN/8.17/1			1023				1		2024-12-10T00:00:00Z		GenBank		Liaoning Provincial Center for Disease Control and Prevention, Immunization Planning Institute	China	Wang,W.,Wang,Y.,Fang,X.,Guo,J.	2024-12-10T00:00:00Z								Human alphaherpesvirus 3		10335
PQ625240.1			PARTIAL	1	China	Asia									Homo sapiens		9606	true				2018-02-28	VZVs/Liaoning.CHN/9.18/2			1023				1		2024-12-10T00:00:00Z		GenBank		Liaoning Provincial Center for Disease Control and Prevention, Immunization Planning Institute	China	Wang,W.,Wang,Y.,Fang,X.,Guo,J.	2024-12-10T00:00:00Z								Human alphaherpesvirus 3		10335
PQ625241.1			PARTIAL	1	China	Asia									Homo sapiens		9606	true				2018-04-02	VZVs/Liaoning.CHN/14.18/1			1023				1		2024-12-10T00:00:00Z		GenBank		Liaoning Provincial Center for Disease Control and Prevention, Immunization Planning Institute	China	Wang,W.,Wang,Y.,Fang,X.,Guo,J.	2024-12-10T00:00:00Z								Human alphaherpesvirus 3		10335
PQ625242.1			PARTIAL	1	China	Asia									Homo sapiens		9606	true				2018-04-17	VZVs/Liaoning.CHN/16.18/1			1023				1		2024-12-10T00:00:00Z		GenBank		Liaoning Provincial Center for Disease Control and Prevention, Immunization Planning Institute	China	Wang,W.,Wang,Y.,Fang,X.,Guo,J.	2024-12-10T00:00:00Z								Human alphaherpesvirus 3		10335
PQ625243.1			PARTIAL	1	China	Asia									Homo sapiens		9606	true				2018-11-20	VZVs/Liaoning.CHN/47.18/1			1023				1		2024-12-10T00:00:00Z		GenBank		Liaoning Provincial Center for Disease Control and Prevention, Immunization Planning Institute	China	Wang,W.,Wang,Y.,Fang,X.,Guo,J.	2024-12-10T00:00:00Z								Human alphaherpesvirus 3		10335
PQ625244.1			PARTIAL	1	China	Asia									Homo sapiens		9606	true				2018-12-25	VZVs/Liaoning.CHN/52.18/1			1023				1		2024-12-10T00:00:00Z		GenBank		Liaoning Provincial Center for Disease Control and Prevention, Immunization Planning Institute	China	Wang,W.,Wang,Y.,Fang,X.,Guo,J.	2024-12-10T00:00:00Z								Human alphaherpesvirus 3		10335
PQ625245.1			PARTIAL	1	China	Asia									Homo sapiens		9606	true				2018-12-15	VZVs/Liaoning.CHN/50.18/2			1023				1		2024-12-10T00:00:00Z		GenBank		Liaoning Provincial Center for Disease Control and Prevention, Immunization Planning Institute	China	Wang,W.,Wang,Y.,Fang,X.,Guo,J.	2024-12-10T00:00:00Z								Human alphaherpesvirus 3		10335
PQ625246.1			PARTIAL	1	China	Asia									Homo sapiens		9606	true				2019-05-12	VZVs/Liaoning.CHN/20.19/1			1023				1		2024-12-10T00:00:00Z		GenBank		Liaoning Provincial Center for Disease Control and Prevention, Immunization Planning Institute	China	Wang,W.,Wang,Y.,Fang,X.,Guo,J.	2024-12-10T00:00:00Z								Human alphaherpesvirus 3		10335
PQ625247.1			PARTIAL	1	China	Asia									Homo sapiens		9606	true				2019-05-10	VZVs/Liaoning.CHN/19.19/3			1023				1		2024-12-10T00:00:00Z		GenBank		Liaoning Provincial Center for Disease Control and Prevention, Immunization Planning Institute	China	Wang,W.,Wang,Y.,Fang,X.,Guo,J.	2024-12-10T00:00:00Z								Human alphaherpesvirus 3		10335
PQ625248.1			PARTIAL	1	China	Asia									Homo sapiens		9606	true				2017-03-02	VZVs/Liaoning.CHN/9.17/3			1023				1		2024-12-10T00:00:00Z		GenBank		Liaoning Provincial Center for Disease Control and Prevention, Immunization Planning Institute	China	Wang,W.,Wang,Y.,Fang,X.,Guo,J.	2024-12-10T00:00:00Z								Human alphaherpesvirus 3		10335
PQ625249.1			PARTIAL	1	China	Asia									Homo sapiens		9606	true				2018-02-28	VZVs/Liaoning.CHN/9.18/3			1023				1		2024-12-10T00:00:00Z		GenBank		Liaoning Provincial Center for Disease Control and Prevention, Immunization Planning Institute	China	Wang,W.,Wang,Y.,Fang,X.,Guo,J.	2024-12-10T00:00:00Z								Human alphaherpesvirus 3		10335
PQ625250.1			PARTIAL	1	China	Asia									Homo sapiens		9606	true				2018-03-30	VZVs/Liaoning.CHN/13.18/1			1023				1		2024-12-10T00:00:00Z		GenBank		Liaoning Provincial Center for Disease Control and Prevention, Immunization Planning Institute	China	Wang,W.,Wang,Y.,Fang,X.,Guo,J.	2024-12-10T00:00:00Z								Human alphaherpesvirus 3		10335
PQ625251.1			PARTIAL	1	China	Asia									Homo sapiens		9606	true				2018-07-02	VZVs/Liaoning.CHN/27.18/1			1023				1		2024-12-10T00:00:00Z		GenBank		Liaoning Provincial Center for Disease Control and Prevention, Immunization Planning Institute	China	Wang,W.,Wang,Y.,Fang,X.,Guo,J.	2024-12-10T00:00:00Z								Human alphaherpesvirus 3		10335
PQ625252.1			PARTIAL	1	China	Asia									Homo sapiens		9606	true				2018-05-31	VZVs/Liaoning.CHN/22.18/1			1023				1		2024-12-10T00:00:00Z		GenBank		Liaoning Provincial Center for Disease Control and Prevention, Immunization Planning Institute	China	Wang,W.,Wang,Y.,Fang,X.,Guo,J.	2024-12-10T00:00:00Z								Human alphaherpesvirus 3		10335
PQ625253.1			PARTIAL	1	China	Asia									Homo sapiens		9606	true				2018-06-27	VZVs/Liaoning.CHN/26.18/1			1023				1		2024-12-10T00:00:00Z		GenBank		Liaoning Provincial Center for Disease Control and Prevention, Immunization Planning Institute	China	Wang,W.,Wang,Y.,Fang,X.,Guo,J.	2024-12-10T00:00:00Z								Human alphaherpesvirus 3		10335
PQ625254.1			PARTIAL	1	China	Asia									Homo sapiens		9606	true				2018-04-08	VZVs/Liaoning.CHN/15.18/1			1023				1		2024-12-10T00:00:00Z		GenBank		Liaoning Provincial Center for Disease Control and Prevention, Immunization Planning Institute	China	Wang,W.,Wang,Y.,Fang,X.,Guo,J.	2024-12-10T00:00:00Z								Human alphaherpesvirus 3		10335
PQ625255.1			PARTIAL	1	China	Asia									Homo sapiens		9606	true				2018-12-16	VZVs/Liaoning.CHN/51.18/1			1023				1		2024-12-10T00:00:00Z		GenBank		Liaoning Provincial Center for Disease Control and Prevention, Immunization Planning Institute	China	Wang,W.,Wang,Y.,Fang,X.,Guo,J.	2024-12-10T00:00:00Z								Human alphaherpesvirus 3		10335
PQ625256.1			PARTIAL	1	China	Asia									Homo sapiens		9606	true				2018-12-18	VZVs/Liaoning.CHN/51.18/2			1023				1		2024-12-10T00:00:00Z		GenBank		Liaoning Provincial Center for Disease Control and Prevention, Immunization Planning Institute	China	Wang,W.,Wang,Y.,Fang,X.,Guo,J.	2024-12-10T00:00:00Z								Human alphaherpesvirus 3		10335
PQ625257.1			PARTIAL	1	China	Asia									Homo sapiens		9606	true				2018-12-09	VZVs/Liaoning.CHN/50.18/1			1023				1		2024-12-10T00:00:00Z		GenBank		Liaoning Provincial Center for Disease Control and Prevention, Immunization Planning Institute	China	Wang,W.,Wang,Y.,Fang,X.,Guo,J.	2024-12-10T00:00:00Z								Human alphaherpesvirus 3		10335
PQ625258.1			PARTIAL	1	China	Asia									Homo sapiens		9606	true				2018-12-25	VZVs/Liaoning.CHN/52.18/2			1023				1		2024-12-10T00:00:00Z		GenBank		Liaoning Provincial Center for Disease Control and Prevention, Immunization Planning Institute	China	Wang,W.,Wang,Y.,Fang,X.,Guo,J.	2024-12-10T00:00:00Z								Human alphaherpesvirus 3		10335
PQ625259.1			PARTIAL	1	China	Asia									Homo sapiens		9606	true				2019-05-12	VZVs/Liaoning.CHN/20.19/2			1023				1		2024-12-10T00:00:00Z		GenBank		Liaoning Provincial Center for Disease Control and Prevention, Immunization Planning Institute	China	Wang,W.,Wang,Y.,Fang,X.,Guo,J.	2024-12-10T00:00:00Z								Human alphaherpesvirus 3		10335
PQ625260.1			PARTIAL	1	China	Asia									Homo sapiens		9606	true				2019-05-10	VZVs/Liaoning.CHN/19.19/2			1023				1		2024-12-10T00:00:00Z		GenBank		Liaoning Provincial Center for Disease Control and Prevention, Immunization Planning Institute	China	Wang,W.,Wang,Y.,Fang,X.,Guo,J.	2024-12-10T00:00:00Z								Human alphaherpesvirus 3		10335
PQ625261.1			PARTIAL	1	China	Asia									Homo sapiens		9606	true				2019-05-08	VZVs/Liaoning.CHN/19.19/1			1023				1		2024-12-10T00:00:00Z		GenBank		Liaoning Provincial Center for Disease Control and Prevention, Immunization Planning Institute	China	Wang,W.,Wang,Y.,Fang,X.,Guo,J.	2024-12-10T00:00:00Z								Human alphaherpesvirus 3		10335
PQ625262.1			PARTIAL	1	China	Asia									Homo sapiens		9606	true				2020-11-19	VZVs/Liaoning.CHN/47.20/1			1023				1		2024-12-10T00:00:00Z		GenBank		Liaoning Provincial Center for Disease Control and Prevention, Immunization Planning Institute	China	Wang,W.,Wang,Y.,Fang,X.,Guo,J.	2024-12-10T00:00:00Z								Human alphaherpesvirus 3		10335
PQ625263.1			PARTIAL	1	China	Asia									Homo sapiens		9606	true				2018-04-12	VZVs/Liaoning.CHN/17.18/1			1023				1		2024-12-10T00:00:00Z		GenBank		Liaoning Provincial Center for Disease Control and Prevention, Immunization Planning Institute	China	Wang,W.,Wang,Y.,Fang,X.,Guo,J.	2024-12-10T00:00:00Z								Human alphaherpesvirus 3		10335
PQ625264.1			PARTIAL	1	China	Asia									Homo sapiens		9606	true				2018-04-12	VZVs/Liaoning.CHN/15.18/2			1023				1		2024-12-10T00:00:00Z		GenBank		Liaoning Provincial Center for Disease Control and Prevention, Immunization Planning Institute	China	Wang,W.,Wang,Y.,Fang,X.,Guo,J.	2024-12-10T00:00:00Z								Human alphaherpesvirus 3		10335
PQ625265.1			PARTIAL	1	China	Asia									Homo sapiens		9606	true				2017-03-01	VZVs/Liaoning.CHN/9.17/2			1023				1		2024-12-10T00:00:00Z		GenBank		Liaoning Provincial Center for Disease Control and Prevention, Immunization Planning Institute	China	Wang,W.,Wang,Y.,Fang,X.,Guo,J.	2024-12-10T00:00:00Z								Human alphaherpesvirus 3		10335
PQ625266.1			PARTIAL	1	China	Asia									Homo sapiens		9606	true				2018-04-23	VZVs/Liaoning.CHN/17.18/2			1023				1		2024-12-10T00:00:00Z		GenBank		Liaoning Provincial Center for Disease Control and Prevention, Immunization Planning Institute	China	Wang,W.,Wang,Y.,Fang,X.,Guo,J.	2024-12-10T00:00:00Z								Human alphaherpesvirus 3		10335
PQ625267.1			PARTIAL	1	China	Asia									Homo sapiens		9606	true				2018-02-28	VZVs/Liaoning.CHN/9.18/1			1023				1		2024-12-10T00:00:00Z		GenBank		Liaoning Provincial Center for Disease Control and Prevention, Immunization Planning Institute	China	Wang,W.,Wang,Y.,Fang,X.,Guo,J.	2024-12-10T00:00:00Z								Human alphaherpesvirus 3		10335
PQ625268.1			PARTIAL	1	China	Asia									Homo sapiens		9606	true				2018-04-03	VZVs/Liaoning.CHN/14.18/2			1023				1		2024-12-10T00:00:00Z		GenBank		Liaoning Provincial Center for Disease Control and Prevention, Immunization Planning Institute	China	Wang,W.,Wang,Y.,Fang,X.,Guo,J.	2024-12-10T00:00:00Z								Human alphaherpesvirus 3		10335
PQ625269.1			PARTIAL	1	China	Asia									Homo sapiens		9606	true				2017-02-28	VZVs/Liaoning.CHN/9.17/1			2526				1		2024-12-10T00:00:00Z		GenBank		Liaoning Provincial Center for Disease Control and Prevention, Immunization Planning Institute	China	Wang,W.,Wang,Y.,Fang,X.,Guo,J.	2024-12-10T00:00:00Z								Human alphaherpesvirus 3		10335
PQ625270.1			PARTIAL	1	China	Asia									Homo sapiens		9606	true				2017-02-23	VZVs/Liaoning.CHN/8.17/1			2526				1		2024-12-10T00:00:00Z		GenBank		Liaoning Provincial Center for Disease Control and Prevention, Immunization Planning Institute	China	Wang,W.,Wang,Y.,Fang,X.,Guo,J.	2024-12-10T00:00:00Z								Human alphaherpesvirus 3		10335
PQ625271.1			PARTIAL	1	China	Asia									Homo sapiens		9606	true				2018-02-28	VZVs/Liaoning.CHN/9.18/2			2526				1		2024-12-10T00:00:00Z		GenBank		Liaoning Provincial Center for Disease Control and Prevention, Immunization Planning Institute	China	Wang,W.,Wang,Y.,Fang,X.,Guo,J.	2024-12-10T00:00:00Z								Human alphaherpesvirus 3		10335
PQ625272.1			PARTIAL	1	China	Asia									Homo sapiens		9606	true				2018-04-02	VZVs/Liaoning.CHN/14.18/1			2526				1		2024-12-10T00:00:00Z		GenBank		Liaoning Provincial Center for Disease Control and Prevention, Immunization Planning Institute	China	Wang,W.,Wang,Y.,Fang,X.,Guo,J.	2024-12-10T00:00:00Z								Human alphaherpesvirus 3		10335
PQ625273.1			PARTIAL	1	China	Asia									Homo sapiens		9606	true				2018-04-17	VZVs/Liaoning.CHN/16.18/1			2526				1		2024-12-10T00:00:00Z		GenBank		Liaoning Provincial Center for Disease Control and Prevention, Immunization Planning Institute	China	Wang,W.,Wang,Y.,Fang,X.,Guo,J.	2024-12-10T00:00:00Z								Human alphaherpesvirus 3		10335
PQ625274.1			PARTIAL	1	China	Asia									Homo sapiens		9606	true				2018-11-20	VZVs/Liaoning.CHN/47.18/1			2526				1		2024-12-10T00:00:00Z		GenBank		Liaoning Provincial Center for Disease Control and Prevention, Immunization Planning Institute	China	Wang,W.,Wang,Y.,Fang,X.,Guo,J.	2024-12-10T00:00:00Z								Human alphaherpesvirus 3		10335
PQ625275.1			PARTIAL	1	China	Asia									Homo sapiens		9606	true				2018-12-25	VZVs/Liaoning.CHN/52.18/1			2526				1		2024-12-10T00:00:00Z		GenBank		Liaoning Provincial Center for Disease Control and Prevention, Immunization Planning Institute	China	Wang,W.,Wang,Y.,Fang,X.,Guo,J.	2024-12-10T00:00:00Z								Human alphaherpesvirus 3		10335
PQ625276.1			PARTIAL	1	China	Asia									Homo sapiens		9606	true				2018-12-15	VZVs/Liaoning.CHN/50.18/2			2526				1		2024-12-10T00:00:00Z		GenBank		Liaoning Provincial Center for Disease Control and Prevention, Immunization Planning Institute	China	Wang,W.,Wang,Y.,Fang,X.,Guo,J.	2024-12-10T00:00:00Z								Human alphaherpesvirus 3		10335
PQ625277.1			PARTIAL	1	China	Asia									Homo sapiens		9606	true				2019-05-12	VZVs/Liaoning.CHN/20.19/1			2526				1		2024-12-10T00:00:00Z		GenBank		Liaoning Provincial Center for Disease Control and Prevention, Immunization Planning Institute	China	Wang,W.,Wang,Y.,Fang,X.,Guo,J.	2024-12-10T00:00:00Z								Human alphaherpesvirus 3		10335
PQ625278.1			PARTIAL	1	China	Asia									Homo sapiens		9606	true				2019-05-10	VZVs/Liaoning.CHN/19.19/3			2526				1		2024-12-10T00:00:00Z		GenBank		Liaoning Provincial Center for Disease Control and Prevention, Immunization Planning Institute	China	Wang,W.,Wang,Y.,Fang,X.,Guo,J.	2024-12-10T00:00:00Z								Human alphaherpesvirus 3		10335
PQ625279.1			PARTIAL	1	China	Asia									Homo sapiens		9606	true				2017-03-02	VZVs/Liaoning.CHN/9.17/3			2526				1		2024-12-10T00:00:00Z		GenBank		Liaoning Provincial Center for Disease Control and Prevention, Immunization Planning Institute	China	Wang,W.,Wang,Y.,Fang,X.,Guo,J.	2024-12-10T00:00:00Z								Human alphaherpesvirus 3		10335
PQ625280.1			PARTIAL	1	China	Asia									Homo sapiens		9606	true				2018-02-28	VZVs/Liaoning.CHN/9.18/3			2526				1		2024-12-10T00:00:00Z		GenBank		Liaoning Provincial Center for Disease Control and Prevention, Immunization Planning Institute	China	Wang,W.,Wang,Y.,Fang,X.,Guo,J.	2024-12-10T00:00:00Z								Human alphaherpesvirus 3		10335
PQ625281.1			PARTIAL	1	China	Asia									Homo sapiens		9606	true				2018-03-30	VZVs/Liaoning.CHN/13.18/1			2526				1		2024-12-10T00:00:00Z		GenBank		Liaoning Provincial Center for Disease Control and Prevention, Immunization Planning Institute	China	Wang,W.,Wang,Y.,Fang,X.,Guo,J.	2024-12-10T00:00:00Z								Human alphaherpesvirus 3		10335
PQ625282.1			PARTIAL	1	China	Asia									Homo sapiens		9606	true				2018-07-02	VZVs/Liaoning.CHN/27.18/1			2526				1		2024-12-10T00:00:00Z		GenBank		Liaoning Provincial Center for Disease Control and Prevention, Immunization Planning Institute	China	Wang,W.,Wang,Y.,Fang,X.,Guo,J.	2024-12-10T00:00:00Z								Human alphaherpesvirus 3		10335
PQ625283.1			PARTIAL	1	China	Asia									Homo sapiens		9606	true				2018-05-31	VZVs/Liaoning.CHN/22.18/1			2526				1		2024-12-10T00:00:00Z		GenBank		Liaoning Provincial Center for Disease Control and Prevention, Immunization Planning Institute	China	Wang,W.,Wang,Y.,Fang,X.,Guo,J.	2024-12-10T00:00:00Z								Human alphaherpesvirus 3		10335
PQ625284.1			PARTIAL	1	China	Asia									Homo sapiens		9606	true				2018-06-27	VZVs/Liaoning.CHN/26.18/1			2526				1		2024-12-10T00:00:00Z		GenBank		Liaoning Provincial Center for Disease Control and Prevention, Immunization Planning Institute	China	Wang,W.,Wang,Y.,Fang,X.,Guo,J.	2024-12-10T00:00:00Z								Human alphaherpesvirus 3		10335
PQ625285.1			PARTIAL	1	China	Asia									Homo sapiens		9606	true				2018-04-08	VZVs/Liaoning.CHN/15.18/1			2526				1		2024-12-10T00:00:00Z		GenBank		Liaoning Provincial Center for Disease Control and Prevention, Immunization Planning Institute	China	Wang,W.,Wang,Y.,Fang,X.,Guo,J.	2024-12-10T00:00:00Z								Human alphaherpesvirus 3		10335
PQ625286.1			PARTIAL	1	China	Asia									Homo sapiens		9606	true				2018-12-16	VZVs/Liaoning.CHN/51.18/1			2526				1		2024-12-10T00:00:00Z		GenBank		Liaoning Provincial Center for Disease Control and Prevention, Immunization Planning Institute	China	Wang,W.,Wang,Y.,Fang,X.,Guo,J.	2024-12-10T00:00:00Z								Human alphaherpesvirus 3		10335
PQ625287.1			PARTIAL	1	China	Asia									Homo sapiens		9606	true				2018-12-18	VZVs/Liaoning.CHN/51.18/2			2526				1		2024-12-10T00:00:00Z		GenBank		Liaoning Provincial Center for Disease Control and Prevention, Immunization Planning Institute	China	Wang,W.,Wang,Y.,Fang,X.,Guo,J.	2024-12-10T00:00:00Z								Human alphaherpesvirus 3		10335
PQ625288.1			PARTIAL	1	China	Asia									Homo sapiens		9606	true				2018-12-09	VZVs/Liaoning.CHN/50.18/1			2526				1		2024-12-10T00:00:00Z		GenBank		Liaoning Provincial Center for Disease Control and Prevention, Immunization Planning Institute	China	Wang,W.,Wang,Y.,Fang,X.,Guo,J.	2024-12-10T00:00:00Z								Human alphaherpesvirus 3		10335
PQ625289.1			PARTIAL	1	China	Asia									Homo sapiens		9606	true				2018-12-25	VZVs/Liaoning.CHN/52.18/2			2526				1		2024-12-10T00:00:00Z		GenBank		Liaoning Provincial Center for Disease Control and Prevention, Immunization Planning Institute	China	Wang,W.,Wang,Y.,Fang,X.,Guo,J.	2024-12-10T00:00:00Z								Human alphaherpesvirus 3		10335
PQ625290.1			PARTIAL	1	China	Asia									Homo sapiens		9606	true				2019-05-12	VZVs/Liaoning.CHN/20.19/2			2526				1		2024-12-10T00:00:00Z		GenBank		Liaoning Provincial Center for Disease Control and Prevention, Immunization Planning Institute	China	Wang,W.,Wang,Y.,Fang,X.,Guo,J.	2024-12-10T00:00:00Z								Human alphaherpesvirus 3		10335
PQ625291.1			PARTIAL	1	China	Asia									Homo sapiens		9606	true				2019-05-10	VZVs/Liaoning.CHN/19.19/2			2526				1		2024-12-10T00:00:00Z		GenBank		Liaoning Provincial Center for Disease Control and Prevention, Immunization Planning Institute	China	Wang,W.,Wang,Y.,Fang,X.,Guo,J.	2024-12-10T00:00:00Z								Human alphaherpesvirus 3		10335
PQ625292.1			PARTIAL	1	China	Asia									Homo sapiens		9606	true				2019-05-08	VZVs/Liaoning.CHN/19.19/1			2526				1		2024-12-10T00:00:00Z		GenBank		Liaoning Provincial Center for Disease Control and Prevention, Immunization Planning Institute	China	Wang,W.,Wang,Y.,Fang,X.,Guo,J.	2024-12-10T00:00:00Z								Human alphaherpesvirus 3		10335
PQ625293.1			PARTIAL	1	China	Asia									Homo sapiens		9606	true				2020-11-19	VZVs/Liaoning.CHN/47.20/1			2526				1		2024-12-10T00:00:00Z		GenBank		Liaoning Provincial Center for Disease Control and Prevention, Immunization Planning Institute	China	Wang,W.,Wang,Y.,Fang,X.,Guo,J.	2024-12-10T00:00:00Z								Human alphaherpesvirus 3		10335
PQ625294.1			PARTIAL	1	China	Asia									Homo sapiens		9606	true				2018-04-12	VZVs/Liaoning.CHN/17.18/1			2526				1		2024-12-10T00:00:00Z		GenBank		Liaoning Provincial Center for Disease Control and Prevention, Immunization Planning Institute	China	Wang,W.,Wang,Y.,Fang,X.,Guo,J.	2024-12-10T00:00:00Z								Human alphaherpesvirus 3		10335
PQ625295.1			PARTIAL	1	China	Asia									Homo sapiens		9606	true				2018-04-12	VZVs/Liaoning.CHN/15.18/2			2526				1		2024-12-10T00:00:00Z		GenBank		Liaoning Provincial Center for Disease Control and Prevention, Immunization Planning Institute	China	Wang,W.,Wang,Y.,Fang,X.,Guo,J.	2024-12-10T00:00:00Z								Human alphaherpesvirus 3		10335
PQ625296.1			PARTIAL	1	China	Asia									Homo sapiens		9606	true				2017-03-01	VZVs/Liaoning.CHN/9.17/2			2526				1		2024-12-10T00:00:00Z		GenBank		Liaoning Provincial Center for Disease Control and Prevention, Immunization Planning Institute	China	Wang,W.,Wang,Y.,Fang,X.,Guo,J.	2024-12-10T00:00:00Z								Human alphaherpesvirus 3		10335
PQ625297.1			PARTIAL	1	China	Asia									Homo sapiens		9606	true				2018-04-23	VZVs/Liaoning.CHN/17.18/2			2526				1		2024-12-10T00:00:00Z		GenBank		Liaoning Provincial Center for Disease Control and Prevention, Immunization Planning Institute	China	Wang,W.,Wang,Y.,Fang,X.,Guo,J.	2024-12-10T00:00:00Z								Human alphaherpesvirus 3		10335
PQ625298.1			PARTIAL	1	China	Asia									Homo sapiens		9606	true				2018-02-28	VZVs/Liaoning.CHN/9.18/1			2526				1		2024-12-10T00:00:00Z		GenBank		Liaoning Provincial Center for Disease Control and Prevention, Immunization Planning Institute	China	Wang,W.,Wang,Y.,Fang,X.,Guo,J.	2024-12-10T00:00:00Z								Human alphaherpesvirus 3		10335
PQ625299.1			PARTIAL	1	China	Asia									Homo sapiens		9606	true				2018-04-03	VZVs/Liaoning.CHN/14.18/2			2526				1		2024-12-10T00:00:00Z		GenBank		Liaoning Provincial Center for Disease Control and Prevention, Immunization Planning Institute	China	Wang,W.,Wang,Y.,Fang,X.,Guo,J.	2024-12-10T00:00:00Z								Human alphaherpesvirus 3		10335
PQ625300.1			PARTIAL	1	China	Asia									Homo sapiens		9606	true				2017-02-28	VZVs/Liaoning.CHN/9.17/1			1308				1		2024-12-10T00:00:00Z		GenBank		Liaoning Provincial Center for Disease Control and Prevention, Immunization Planning Institute	China	Wang,W.,Wang,Y.,Fang,X.,Guo,J.	2024-12-10T00:00:00Z								Human alphaherpesvirus 3		10335
PQ625301.1			PARTIAL	1	China	Asia									Homo sapiens		9606	true				2017-02-23	VZVs/Liaoning.CHN/8.17/1			1308				1		2024-12-10T00:00:00Z		GenBank		Liaoning Provincial Center for Disease Control and Prevention, Immunization Planning Institute	China	Wang,W.,Wang,Y.,Fang,X.,Guo,J.	2024-12-10T00:00:00Z								Human alphaherpesvirus 3		10335
PQ625302.1			PARTIAL	1	China	Asia									Homo sapiens		9606	true				2018-02-28	VZVs/Liaoning.CHN/9.18/2			1308				1		2024-12-10T00:00:00Z		GenBank		Liaoning Provincial Center for Disease Control and Prevention, Immunization Planning Institute	China	Wang,W.,Wang,Y.,Fang,X.,Guo,J.	2024-12-10T00:00:00Z								Human alphaherpesvirus 3		10335
PQ625303.1			PARTIAL	1	China	Asia									Homo sapiens		9606	true				2018-04-02	VZVs/Liaoning.CHN/14.18/1			1308				1		2024-12-10T00:00:00Z		GenBank		Liaoning Provincial Center for Disease Control and Prevention, Immunization Planning Institute	China	Wang,W.,Wang,Y.,Fang,X.,Guo,J.	2024-12-10T00:00:00Z								Human alphaherpesvirus 3		10335
PQ625304.1			PARTIAL	1	China	Asia									Homo sapiens		9606	true				2018-04-17	VZVs/Liaoning.CHN/16.18/1			1308				1		2024-12-10T00:00:00Z		GenBank		Liaoning Provincial Center for Disease Control and Prevention, Immunization Planning Institute	China	Wang,W.,Wang,Y.,Fang,X.,Guo,J.	2024-12-10T00:00:00Z								Human alphaherpesvirus 3		10335
PQ625305.1			PARTIAL	1	China	Asia									Homo sapiens		9606	true				2018-11-20	VZVs/Liaoning.CHN/47.18/1			1308				1		2024-12-10T00:00:00Z		GenBank		Liaoning Provincial Center for Disease Control and Prevention, Immunization Planning Institute	China	Wang,W.,Wang,Y.,Fang,X.,Guo,J.	2024-12-10T00:00:00Z								Human alphaherpesvirus 3		10335
PQ625306.1			PARTIAL	1	China	Asia									Homo sapiens		9606	true				2018-12-25	VZVs/Liaoning.CHN/52.18/1			1308				1		2024-12-10T00:00:00Z		GenBank		Liaoning Provincial Center for Disease Control and Prevention, Immunization Planning Institute	China	Wang,W.,Wang,Y.,Fang,X.,Guo,J.	2024-12-10T00:00:00Z								Human alphaherpesvirus 3		10335
PQ625307.1			PARTIAL	1	China	Asia									Homo sapiens		9606	true				2018-12-15	VZVs/Liaoning.CHN/50.18/2			1308				1		2024-12-10T00:00:00Z		GenBank		Liaoning Provincial Center for Disease Control and Prevention, Immunization Planning Institute	China	Wang,W.,Wang,Y.,Fang,X.,Guo,J.	2024-12-10T00:00:00Z								Human alphaherpesvirus 3		10335
PQ625308.1			PARTIAL	1	China	Asia									Homo sapiens		9606	true				2019-05-12	VZVs/Liaoning.CHN/20.19/1			1308				1		2024-12-10T00:00:00Z		GenBank		Liaoning Provincial Center for Disease Control and Prevention, Immunization Planning Institute	China	Wang,W.,Wang,Y.,Fang,X.,Guo,J.	2024-12-10T00:00:00Z								Human alphaherpesvirus 3		10335
PQ625309.1			PARTIAL	1	China	Asia									Homo sapiens		9606	true				2019-05-10	VZVs/Liaoning.CHN/19.19/3			1308				1		2024-12-10T00:00:00Z		GenBank		Liaoning Provincial Center for Disease Control and Prevention, Immunization Planning Institute	China	Wang,W.,Wang,Y.,Fang,X.,Guo,J.	2024-12-10T00:00:00Z								Human alphaherpesvirus 3		10335
PQ625310.1			PARTIAL	1	China	Asia									Homo sapiens		9606	true				2017-03-02	VZVs/Liaoning.CHN/9.17/3			1308				1		2024-12-10T00:00:00Z		GenBank		Liaoning Provincial Center for Disease Control and Prevention, Immunization Planning Institute	China	Wang,W.,Wang,Y.,Fang,X.,Guo,J.	2024-12-10T00:00:00Z								Human alphaherpesvirus 3		10335
PQ625311.1			PARTIAL	1	China	Asia									Homo sapiens		9606	true				2018-02-28	VZVs/Liaoning.CHN/9.18/3			1308				1		2024-12-10T00:00:00Z		GenBank		Liaoning Provincial Center for Disease Control and Prevention, Immunization Planning Institute	China	Wang,W.,Wang,Y.,Fang,X.,Guo,J.	2024-12-10T00:00:00Z								Human alphaherpesvirus 3		10335
PQ625312.1			PARTIAL	1	China	Asia									Homo sapiens		9606	true				2018-03-30	VZVs/Liaoning.CHN/13.18/1			1308				1		2024-12-10T00:00:00Z		GenBank		Liaoning Provincial Center for Disease Control and Prevention, Immunization Planning Institute	China	Wang,W.,Wang,Y.,Fang,X.,Guo,J.	2024-12-10T00:00:00Z								Human alphaherpesvirus 3		10335
PQ625313.1			PARTIAL	1	China	Asia									Homo sapiens		9606	true				2018-07-02	VZVs/Liaoning.CHN/27.18/1			1308				1		2024-12-10T00:00:00Z		GenBank		Liaoning Provincial Center for Disease Control and Prevention, Immunization Planning Institute	China	Wang,W.,Wang,Y.,Fang,X.,Guo,J.	2024-12-10T00:00:00Z								Human alphaherpesvirus 3		10335
PQ625314.1			PARTIAL	1	China	Asia									Homo sapiens		9606	true				2018-05-31	VZVs/Liaoning.CHN/22.18/1			1308				1		2024-12-10T00:00:00Z		GenBank		Liaoning Provincial Center for Disease Control and Prevention, Immunization Planning Institute	China	Wang,W.,Wang,Y.,Fang,X.,Guo,J.	2024-12-10T00:00:00Z								Human alphaherpesvirus 3		10335
PQ625315.1			PARTIAL	1	China	Asia									Homo sapiens		9606	true				2018-06-27	VZVs/Liaoning.CHN/26.18/1			1308				1		2024-12-10T00:00:00Z		GenBank		Liaoning Provincial Center for Disease Control and Prevention, Immunization Planning Institute	China	Wang,W.,Wang,Y.,Fang,X.,Guo,J.	2024-12-10T00:00:00Z								Human alphaherpesvirus 3		10335
PQ625316.1			PARTIAL	1	China	Asia									Homo sapiens		9606	true				2018-04-08	VZVs/Liaoning.CHN/15.18/1			1308				1		2024-12-10T00:00:00Z		GenBank		Liaoning Provincial Center for Disease Control and Prevention, Immunization Planning Institute	China	Wang,W.,Wang,Y.,Fang,X.,Guo,J.	2024-12-10T00:00:00Z								Human alphaherpesvirus 3		10335
PQ625317.1			PARTIAL	1	China	Asia									Homo sapiens		9606	true				2018-12-16	VZVs/Liaoning.CHN/51.18/1			1308				1		2024-12-10T00:00:00Z		GenBank		Liaoning Provincial Center for Disease Control and Prevention, Immunization Planning Institute	China	Wang,W.,Wang,Y.,Fang,X.,Guo,J.	2024-12-10T00:00:00Z								Human alphaherpesvirus 3		10335
PQ625318.1			PARTIAL	1	China	Asia									Homo sapiens		9606	true				2018-12-18	VZVs/Liaoning.CHN/51.18/2			1308				1		2024-12-10T00:00:00Z		GenBank		Liaoning Provincial Center for Disease Control and Prevention, Immunization Planning Institute	China	Wang,W.,Wang,Y.,Fang,X.,Guo,J.	2024-12-10T00:00:00Z								Human alphaherpesvirus 3		10335
PQ625319.1			PARTIAL	1	China	Asia									Homo sapiens		9606	true				2018-12-09	VZVs/Liaoning.CHN/50.18/1			1308				1		2024-12-10T00:00:00Z		GenBank		Liaoning Provincial Center for Disease Control and Prevention, Immunization Planning Institute	China	Wang,W.,Wang,Y.,Fang,X.,Guo,J.	2024-12-10T00:00:00Z								Human alphaherpesvirus 3		10335
PQ625320.1			PARTIAL	1	China	Asia									Homo sapiens		9606	true				2018-12-25	VZVs/Liaoning.CHN/52.18/2			1308				1		2024-12-10T00:00:00Z		GenBank		Liaoning Provincial Center for Disease Control and Prevention, Immunization Planning Institute	China	Wang,W.,Wang,Y.,Fang,X.,Guo,J.	2024-12-10T00:00:00Z								Human alphaherpesvirus 3		10335
PQ625321.1			PARTIAL	1	China	Asia									Homo sapiens		9606	true				2019-05-12	VZVs/Liaoning.CHN/20.19/2			1308				1		2024-12-10T00:00:00Z		GenBank		Liaoning Provincial Center for Disease Control and Prevention, Immunization Planning Institute	China	Wang,W.,Wang,Y.,Fang,X.,Guo,J.	2024-12-10T00:00:00Z								Human alphaherpesvirus 3		10335
PQ625322.1			PARTIAL	1	China	Asia									Homo sapiens		9606	true				2019-05-10	VZVs/Liaoning.CHN/19.19/2			1308				1		2024-12-10T00:00:00Z		GenBank		Liaoning Provincial Center for Disease Control and Prevention, Immunization Planning Institute	China	Wang,W.,Wang,Y.,Fang,X.,Guo,J.	2024-12-10T00:00:00Z								Human alphaherpesvirus 3		10335
PQ625323.1			PARTIAL	1	China	Asia									Homo sapiens		9606	true				2019-05-08	VZVs/Liaoning.CHN/19.19/1			1308				1		2024-12-10T00:00:00Z		GenBank		Liaoning Provincial Center for Disease Control and Prevention, Immunization Planning Institute	China	Wang,W.,Wang,Y.,Fang,X.,Guo,J.	2024-12-10T00:00:00Z								Human alphaherpesvirus 3		10335
PQ625324.1			PARTIAL	1	China	Asia									Homo sapiens		9606	true				2020-11-19	VZVs/Liaoning.CHN/47.20/1			1308				1		2024-12-10T00:00:00Z		GenBank		Liaoning Provincial Center for Disease Control and Prevention, Immunization Planning Institute	China	Wang,W.,Wang,Y.,Fang,X.,Guo,J.	2024-12-10T00:00:00Z								Human alphaherpesvirus 3		10335
PQ625325.1			PARTIAL	1	China	Asia									Homo sapiens		9606	true				2018-04-12	VZVs/Liaoning.CHN/17.18/1			1308				1		2024-12-10T00:00:00Z		GenBank		Liaoning Provincial Center for Disease Control and Prevention, Immunization Planning Institute	China	Wang,W.,Wang,Y.,Fang,X.,Guo,J.	2024-12-10T00:00:00Z								Human alphaherpesvirus 3		10335
PQ625326.1			PARTIAL	1	China	Asia									Homo sapiens		9606	true				2018-04-12	VZVs/Liaoning.CHN/15.18/2			1308				1		2024-12-10T00:00:00Z		GenBank		Liaoning Provincial Center for Disease Control and Prevention, Immunization Planning Institute	China	Wang,W.,Wang,Y.,Fang,X.,Guo,J.	2024-12-10T00:00:00Z								Human alphaherpesvirus 3		10335
PQ625327.1			PARTIAL	1	China	Asia									Homo sapiens		9606	true				2017-03-01	VZVs/Liaoning.CHN/9.17/2			1308				1		2024-12-10T00:00:00Z		GenBank		Liaoning Provincial Center for Disease Control and Prevention, Immunization Planning Institute	China	Wang,W.,Wang,Y.,Fang,X.,Guo,J.	2024-12-10T00:00:00Z								Human alphaherpesvirus 3		10335
PQ625328.1			PARTIAL	1	China	Asia									Homo sapiens		9606	true				2018-04-23	VZVs/Liaoning.CHN/17.18/2			1308				1		2024-12-10T00:00:00Z		GenBank		Liaoning Provincial Center for Disease Control and Prevention, Immunization Planning Institute	China	Wang,W.,Wang,Y.,Fang,X.,Guo,J.	2024-12-10T00:00:00Z								Human alphaherpesvirus 3		10335
PQ625329.1			PARTIAL	1	China	Asia									Homo sapiens		9606	true				2018-02-28	VZVs/Liaoning.CHN/9.18/1			1308				1		2024-12-10T00:00:00Z		GenBank		Liaoning Provincial Center for Disease Control and Prevention, Immunization Planning Institute	China	Wang,W.,Wang,Y.,Fang,X.,Guo,J.	2024-12-10T00:00:00Z								Human alphaherpesvirus 3		10335
PQ625330.1			PARTIAL	1	China	Asia									Homo sapiens		9606	true				2018-04-03	VZVs/Liaoning.CHN/14.18/2			1308				1		2024-12-10T00:00:00Z		GenBank		Liaoning Provincial Center for Disease Control and Prevention, Immunization Planning Institute	China	Wang,W.,Wang,Y.,Fang,X.,Guo,J.	2024-12-10T00:00:00Z								Human alphaherpesvirus 3		10335
PQ625331.1			PARTIAL	1	China	Asia									Homo sapiens		9606	true				2017-02-28	VZVs/Liaoning.CHN/9.17/1			483				1		2024-12-10T00:00:00Z		GenBank		Liaoning Provincial Center for Disease Control and Prevention, Immunization Planning Institute	China	Wang,W.,Wang,Y.,Fang,X.,Guo,J.	2024-12-10T00:00:00Z								Human alphaherpesvirus 3		10335
PQ625332.1			PARTIAL	1	China	Asia									Homo sapiens		9606	true				2017-02-23	VZVs/Liaoning.CHN/8.17/1			483				1		2024-12-10T00:00:00Z		GenBank		Liaoning Provincial Center for Disease Control and Prevention, Immunization Planning Institute	China	Wang,W.,Wang,Y.,Fang,X.,Guo,J.	2024-12-10T00:00:00Z								Human alphaherpesvirus 3		10335
PQ625333.1			PARTIAL	1	China	Asia									Homo sapiens		9606	true				2018-02-28	VZVs/Liaoning.CHN/9.18/2			483				1		2024-12-10T00:00:00Z		GenBank		Liaoning Provincial Center for Disease Control and Prevention, Immunization Planning Institute	China	Wang,W.,Wang,Y.,Fang,X.,Guo,J.	2024-12-10T00:00:00Z								Human alphaherpesvirus 3		10335
PQ625334.1			PARTIAL	1	China	Asia									Homo sapiens		9606	true				2018-04-02	VZVs/Liaoning.CHN/14.18/1			483				1		2024-12-10T00:00:00Z		GenBank		Liaoning Provincial Center for Disease Control and Prevention, Immunization Planning Institute	China	Wang,W.,Wang,Y.,Fang,X.,Guo,J.	2024-12-10T00:00:00Z								Human alphaherpesvirus 3		10335
PQ625335.1			PARTIAL	1	China	Asia									Homo sapiens		9606	true				2018-04-17	VZVs/Liaoning.CHN/16.18/1			483				1		2024-12-10T00:00:00Z		GenBank		Liaoning Provincial Center for Disease Control and Prevention, Immunization Planning Institute	China	Wang,W.,Wang,Y.,Fang,X.,Guo,J.	2024-12-10T00:00:00Z								Human alphaherpesvirus 3		10335
PQ625336.1			PARTIAL	1	China	Asia									Homo sapiens		9606	true				2018-11-20	VZVs/Liaoning.CHN/47.18/1			483				1		2024-12-10T00:00:00Z		GenBank		Liaoning Provincial Center for Disease Control and Prevention, Immunization Planning Institute	China	Wang,W.,Wang,Y.,Fang,X.,Guo,J.	2024-12-10T00:00:00Z								Human alphaherpesvirus 3		10335
PQ625337.1			PARTIAL	1	China	Asia									Homo sapiens		9606	true				2018-12-25	VZVs/Liaoning.CHN/52.18/1			483				1		2024-12-10T00:00:00Z		GenBank		Liaoning Provincial Center for Disease Control and Prevention, Immunization Planning Institute	China	Wang,W.,Wang,Y.,Fang,X.,Guo,J.	2024-12-10T00:00:00Z								Human alphaherpesvirus 3		10335
PQ625338.1			PARTIAL	1	China	Asia									Homo sapiens		9606	true				2018-12-15	VZVs/Liaoning.CHN/50.18/2			483				1		2024-12-10T00:00:00Z		GenBank		Liaoning Provincial Center for Disease Control and Prevention, Immunization Planning Institute	China	Wang,W.,Wang,Y.,Fang,X.,Guo,J.	2024-12-10T00:00:00Z								Human alphaherpesvirus 3		10335
PQ625339.1			PARTIAL	1	China	Asia									Homo sapiens		9606	true				2019-05-12	VZVs/Liaoning.CHN/20.19/1			483				1		2024-12-10T00:00:00Z		GenBank		Liaoning Provincial Center for Disease Control and Prevention, Immunization Planning Institute	China	Wang,W.,Wang,Y.,Fang,X.,Guo,J.	2024-12-10T00:00:00Z								Human alphaherpesvirus 3		10335
PQ625340.1			PARTIAL	1	China	Asia									Homo sapiens		9606	true				2019-05-10	VZVs/Liaoning.CHN/19.19/3			483				1		2024-12-10T00:00:00Z		GenBank		Liaoning Provincial Center for Disease Control and Prevention, Immunization Planning Institute	China	Wang,W.,Wang,Y.,Fang,X.,Guo,J.	2024-12-10T00:00:00Z								Human alphaherpesvirus 3		10335
PQ625341.1			PARTIAL	1	China	Asia									Homo sapiens		9606	true				2017-03-02	VZVs/Liaoning.CHN/9.17/3			483				1		2024-12-10T00:00:00Z		GenBank		Liaoning Provincial Center for Disease Control and Prevention, Immunization Planning Institute	China	Wang,W.,Wang,Y.,Fang,X.,Guo,J.	2024-12-10T00:00:00Z								Human alphaherpesvirus 3		10335
PQ625342.1			PARTIAL	1	China	Asia									Homo sapiens		9606	true				2018-02-28	VZVs/Liaoning.CHN/9.18/3			483				1		2024-12-10T00:00:00Z		GenBank		Liaoning Provincial Center for Disease Control and Prevention, Immunization Planning Institute	China	Wang,W.,Wang,Y.,Fang,X.,Guo,J.	2024-12-10T00:00:00Z								Human alphaherpesvirus 3		10335
PQ625343.1			PARTIAL	1	China	Asia									Homo sapiens		9606	true				2018-03-30	VZVs/Liaoning.CHN/13.18/1			483				1		2024-12-10T00:00:00Z		GenBank		Liaoning Provincial Center for Disease Control and Prevention, Immunization Planning Institute	China	Wang,W.,Wang,Y.,Fang,X.,Guo,J.	2024-12-10T00:00:00Z								Human alphaherpesvirus 3		10335
PQ625344.1			PARTIAL	1	China	Asia									Homo sapiens		9606	true				2018-07-02	VZVs/Liaoning.CHN/27.18/1			483				1		2024-12-10T00:00:00Z		GenBank		Liaoning Provincial Center for Disease Control and Prevention, Immunization Planning Institute	China	Wang,W.,Wang,Y.,Fang,X.,Guo,J.	2024-12-10T00:00:00Z								Human alphaherpesvirus 3		10335
PQ625345.1			PARTIAL	1	China	Asia									Homo sapiens		9606	true				2018-05-31	VZVs/Liaoning.CHN/22.18/1			483				1		2024-12-10T00:00:00Z		GenBank		Liaoning Provincial Center for Disease Control and Prevention, Immunization Planning Institute	China	Wang,W.,Wang,Y.,Fang,X.,Guo,J.	2024-12-10T00:00:00Z								Human alphaherpesvirus 3		10335
PQ625346.1			PARTIAL	1	China	Asia									Homo sapiens		9606	true				2018-06-27	VZVs/Liaoning.CHN/26.18/1			483				1		2024-12-10T00:00:00Z		GenBank		Liaoning Provincial Center for Disease Control and Prevention, Immunization Planning Institute	China	Wang,W.,Wang,Y.,Fang,X.,Guo,J.	2024-12-10T00:00:00Z								Human alphaherpesvirus 3		10335
PQ625347.1			PARTIAL	1	China	Asia									Homo sapiens		9606	true				2018-04-08	VZVs/Liaoning.CHN/15.18/1			483				1		2024-12-10T00:00:00Z		GenBank		Liaoning Provincial Center for Disease Control and Prevention, Immunization Planning Institute	China	Wang,W.,Wang,Y.,Fang,X.,Guo,J.	2024-12-10T00:00:00Z								Human alphaherpesvirus 3		10335
PQ625348.1			PARTIAL	1	China	Asia									Homo sapiens		9606	true				2018-12-16	VZVs/Liaoning.CHN/51.18/1			483				1		2024-12-10T00:00:00Z		GenBank		Liaoning Provincial Center for Disease Control and Prevention, Immunization Planning Institute	China	Wang,W.,Wang,Y.,Fang,X.,Guo,J.	2024-12-10T00:00:00Z								Human alphaherpesvirus 3		10335
PQ625349.1			PARTIAL	1	China	Asia									Homo sapiens		9606	true				2018-12-18	VZVs/Liaoning.CHN/51.18/2			483				1		2024-12-10T00:00:00Z		GenBank		Liaoning Provincial Center for Disease Control and Prevention, Immunization Planning Institute	China	Wang,W.,Wang,Y.,Fang,X.,Guo,J.	2024-12-10T00:00:00Z								Human alphaherpesvirus 3		10335
PQ625350.1			PARTIAL	1	China	Asia									Homo sapiens		9606	true				2018-12-09	VZVs/Liaoning.CHN/50.18/1			483				1		2024-12-10T00:00:00Z		GenBank		Liaoning Provincial Center for Disease Control and Prevention, Immunization Planning Institute	China	Wang,W.,Wang,Y.,Fang,X.,Guo,J.	2024-12-10T00:00:00Z								Human alphaherpesvirus 3		10335
PQ625351.1			PARTIAL	1	China	Asia									Homo sapiens		9606	true				2018-12-25	VZVs/Liaoning.CHN/52.18/2			483				1		2024-12-10T00:00:00Z		GenBank		Liaoning Provincial Center for Disease Control and Prevention, Immunization Planning Institute	China	Wang,W.,Wang,Y.,Fang,X.,Guo,J.	2024-12-10T00:00:00Z								Human alphaherpesvirus 3		10335
PQ625352.1			PARTIAL	1	China	Asia									Homo sapiens		9606	true				2019-05-12	VZVs/Liaoning.CHN/20.19/2			483				1		2024-12-10T00:00:00Z		GenBank		Liaoning Provincial Center for Disease Control and Prevention, Immunization Planning Institute	China	Wang,W.,Wang,Y.,Fang,X.,Guo,J.	2024-12-10T00:00:00Z								Human alphaherpesvirus 3		10335
PQ625353.1			PARTIAL	1	China	Asia									Homo sapiens		9606	true				2019-05-10	VZVs/Liaoning.CHN/19.19/2			483				1		2024-12-10T00:00:00Z		GenBank		Liaoning Provincial Center for Disease Control and Prevention, Immunization Planning Institute	China	Wang,W.,Wang,Y.,Fang,X.,Guo,J.	2024-12-10T00:00:00Z								Human alphaherpesvirus 3		10335
PQ625354.1			PARTIAL	1	China	Asia									Homo sapiens		9606	true				2019-05-08	VZVs/Liaoning.CHN/19.19/1			483				1		2024-12-10T00:00:00Z		GenBank		Liaoning Provincial Center for Disease Control and Prevention, Immunization Planning Institute	China	Wang,W.,Wang,Y.,Fang,X.,Guo,J.	2024-12-10T00:00:00Z								Human alphaherpesvirus 3		10335
PQ625355.1			PARTIAL	1	China	Asia									Homo sapiens		9606	true				2020-11-19	VZVs/Liaoning.CHN/47.20/1			483				1		2024-12-10T00:00:00Z		GenBank		Liaoning Provincial Center for Disease Control and Prevention, Immunization Planning Institute	China	Wang,W.,Wang,Y.,Fang,X.,Guo,J.	2024-12-10T00:00:00Z								Human alphaherpesvirus 3		10335
PQ625356.1			PARTIAL	1	China	Asia									Homo sapiens		9606	true				2018-04-12	VZVs/Liaoning.CHN/17.18/1			483				1		2024-12-10T00:00:00Z		GenBank		Liaoning Provincial Center for Disease Control and Prevention, Immunization Planning Institute	China	Wang,W.,Wang,Y.,Fang,X.,Guo,J.	2024-12-10T00:00:00Z								Human alphaherpesvirus 3		10335
PQ625357.1			PARTIAL	1	China	Asia									Homo sapiens		9606	true				2018-04-12	VZVs/Liaoning.CHN/15.18/2			483				1		2024-12-10T00:00:00Z		GenBank		Liaoning Provincial Center for Disease Control and Prevention, Immunization Planning Institute	China	Wang,W.,Wang,Y.,Fang,X.,Guo,J.	2024-12-10T00:00:00Z								Human alphaherpesvirus 3		10335
PQ625358.1			PARTIAL	1	China	Asia									Homo sapiens		9606	true				2017-03-01	VZVs/Liaoning.CHN/9.17/2			483				1		2024-12-10T00:00:00Z		GenBank		Liaoning Provincial Center for Disease Control and Prevention, Immunization Planning Institute	China	Wang,W.,Wang,Y.,Fang,X.,Guo,J.	2024-12-10T00:00:00Z								Human alphaherpesvirus 3		10335
PQ625359.1			PARTIAL	1	China	Asia									Homo sapiens		9606	true				2018-04-23	VZVs/Liaoning.CHN/17.18/2			483				1		2024-12-10T00:00:00Z		GenBank		Liaoning Provincial Center for Disease Control and Prevention, Immunization Planning Institute	China	Wang,W.,Wang,Y.,Fang,X.,Guo,J.	2024-12-10T00:00:00Z								Human alphaherpesvirus 3		10335
PQ625360.1			PARTIAL	1	China	Asia									Homo sapiens		9606	true				2018-02-28	VZVs/Liaoning.CHN/9.18/1			483				1		2024-12-10T00:00:00Z		GenBank		Liaoning Provincial Center for Disease Control and Prevention, Immunization Planning Institute	China	Wang,W.,Wang,Y.,Fang,X.,Guo,J.	2024-12-10T00:00:00Z								Human alphaherpesvirus 3		10335
PQ625361.1			PARTIAL	1	China	Asia									Homo sapiens		9606	true				2018-04-03	VZVs/Liaoning.CHN/14.18/2			483				1		2024-12-10T00:00:00Z		GenBank		Liaoning Provincial Center for Disease Control and Prevention, Immunization Planning Institute	China	Wang,W.,Wang,Y.,Fang,X.,Guo,J.	2024-12-10T00:00:00Z								Human alphaherpesvirus 3		10335
PQ641243.1			COMPLETE	70	India	Asia									Homo sapiens		9606	true				2017	PS24	lesion		124848				70		2025-01-22T00:00:00Z		GenBank		Sri Ramachandra Institute of Higher Education and Research, Microbiology	India	Arumugam,I.,Srikanth,P.,Davis G,D.J.,Paraman,V.,V,S.,Krishnasamy,K.	2025-01-22T00:00:00Z								Human alphaherpesvirus 3		10335
PV061461.1			COMPLETE	73	India	Asia									Homo sapiens		9606	true				2023-06	Assam.INDIA/GMCH/VZV01			124866				73		2025-03-05T00:00:00Z		GenBank		Gauhati Medical College, Microbiology	India	Sarmah,K.,Sharma,A.,Sarma,K.	2025-03-05T00:00:00Z								Human alphaherpesvirus 3		10335
PV268493.1			PARTIAL	1	China: Taiyuan, Shanxi	Asia									Homo sapiens		9606	true				2023-02-17	SX-1			1872				1		2025-04-01T00:00:00Z		GenBank		Taiyuan Center for Disease Control and Prevention, Microbiology Laboratory	China	Gao,R.R.	2025-04-01T00:00:00Z								Human alphaherpesvirus 3		10335
PV268494.1			PARTIAL	1	China: Taiyuan, Shanxi	Asia									Homo sapiens		9606	true				2023-02-17	SX-2			1872				1		2025-04-01T00:00:00Z		GenBank		Taiyuan Center for Disease Control and Prevention, Microbiology Laboratory	China	Gao,R.R.	2025-04-01T00:00:00Z								Human alphaherpesvirus 3		10335
PV268495.1			PARTIAL	1	China: Taiyuan, Shanxi	Asia									Homo sapiens		9606	true				2023-02-17	SX-3			1872				1		2025-04-01T00:00:00Z		GenBank		Taiyuan Center for Disease Control and Prevention, Microbiology Laboratory	China	Gao,R.R.	2025-04-01T00:00:00Z								Human alphaherpesvirus 3		10335
PV268496.1			PARTIAL	1	China: Taiyuan, Shanxi	Asia									Homo sapiens		9606	true				2023-02-17	SX-4			1872				1		2025-04-01T00:00:00Z		GenBank		Taiyuan Center for Disease Control and Prevention, Microbiology Laboratory	China	Gao,R.R.	2025-04-01T00:00:00Z								Human alphaherpesvirus 3		10335
PV268497.1			PARTIAL	1	China: Taiyuan, Shanxi	Asia									Homo sapiens		9606	true				2023-02-17	SX-5			1872				1		2025-04-01T00:00:00Z		GenBank		Taiyuan Center for Disease Control and Prevention, Microbiology Laboratory	China	Gao,R.R.	2025-04-01T00:00:00Z								Human alphaherpesvirus 3		10335
PV268498.1			PARTIAL	1	China: Taiyuan, Shanxi	Asia									Homo sapiens		9606	true				2023-02-17	SX-6			1872				1		2025-04-01T00:00:00Z		GenBank		Taiyuan Center for Disease Control and Prevention, Microbiology Laboratory	China	Gao,R.R.	2025-04-01T00:00:00Z								Human alphaherpesvirus 3		10335
PV268499.1			PARTIAL	1	China: Taiyuan, Shanxi	Asia									Homo sapiens		9606	true				2023-02-17	SX-7			1872				1		2025-04-01T00:00:00Z		GenBank		Taiyuan Center for Disease Control and Prevention, Microbiology Laboratory	China	Gao,R.R.	2025-04-01T00:00:00Z								Human alphaherpesvirus 3		10335
PV268500.1			PARTIAL	1	China: Taiyuan, Shanxi	Asia									Homo sapiens		9606	true				2023-02-17	SX-8			1872				1		2025-04-01T00:00:00Z		GenBank		Taiyuan Center for Disease Control and Prevention, Microbiology Laboratory	China	Gao,R.R.	2025-04-01T00:00:00Z								Human alphaherpesvirus 3		10335
PV268501.1			PARTIAL	1	China: Taiyuan, Shanxi	Asia									Homo sapiens		9606	true				2023-02-17	SX-9			1872				1		2025-04-01T00:00:00Z		GenBank		Taiyuan Center for Disease Control and Prevention, Microbiology Laboratory	China	Gao,R.R.	2025-04-01T00:00:00Z								Human alphaherpesvirus 3		10335
PV268502.1			PARTIAL	1	China: Taiyuan, Shanxi	Asia									Homo sapiens		9606	true				2023-02-17	SX-10			1872				1		2025-04-01T00:00:00Z		GenBank		Taiyuan Center for Disease Control and Prevention, Microbiology Laboratory	China	Gao,R.R.	2025-04-01T00:00:00Z								Human alphaherpesvirus 3		10335
PV268503.1			PARTIAL	1	China: Taiyuan, Shanxi	Asia									Homo sapiens		9606	true				2023-02-17	SX-11			1872				1		2025-04-01T00:00:00Z		GenBank		Taiyuan Center for Disease Control and Prevention, Microbiology Laboratory	China	Gao,R.R.	2025-04-01T00:00:00Z								Human alphaherpesvirus 3		10335
PV268504.1			PARTIAL	1	China: Taiyuan, Shanxi	Asia									Homo sapiens		9606	true				2023-02-17	SX-12			1872				1		2025-04-01T00:00:00Z		GenBank		Taiyuan Center for Disease Control and Prevention, Microbiology Laboratory	China	Gao,R.R.	2025-04-01T00:00:00Z								Human alphaherpesvirus 3		10335
PV268505.1			PARTIAL	1	China: Taiyuan, Shanxi	Asia									Homo sapiens		9606	true				2023-02-17	SX-13			1872				1		2025-04-01T00:00:00Z		GenBank		Taiyuan Center for Disease Control and Prevention, Microbiology Laboratory	China	Gao,R.R.	2025-04-01T00:00:00Z								Human alphaherpesvirus 3		10335
PV268506.1			PARTIAL	1	China: Taiyuan, Shanxi	Asia									Homo sapiens		9606	true				2023-02-17	SX-14			1872				1		2025-04-01T00:00:00Z		GenBank		Taiyuan Center for Disease Control and Prevention, Microbiology Laboratory	China	Gao,R.R.	2025-04-01T00:00:00Z								Human alphaherpesvirus 3		10335
PV268507.1			PARTIAL	1	China: Taiyuan, Shanxi	Asia									Homo sapiens		9606	true				2023-02-17	SX-15			1872				1		2025-04-01T00:00:00Z		GenBank		Taiyuan Center for Disease Control and Prevention, Microbiology Laboratory	China	Gao,R.R.	2025-04-01T00:00:00Z								Human alphaherpesvirus 3		10335
PV268508.1			PARTIAL	1	China: Taiyuan, Shanxi	Asia									Homo sapiens		9606	true				2023-02-17	SX-16			1872				1		2025-04-01T00:00:00Z		GenBank		Taiyuan Center for Disease Control and Prevention, Microbiology Laboratory	China	Gao,R.R.	2025-04-01T00:00:00Z								Human alphaherpesvirus 3		10335
PV268509.1			PARTIAL	1	China: Taiyuan, Shanxi	Asia									Homo sapiens		9606	true				2023-02-17	SX-17			1872				1		2025-04-01T00:00:00Z		GenBank		Taiyuan Center for Disease Control and Prevention, Microbiology Laboratory	China	Gao,R.R.	2025-04-01T00:00:00Z								Human alphaherpesvirus 3		10335
PV268510.1			PARTIAL	1	China: Taiyuan, Shanxi	Asia									Homo sapiens		9606	true				2023-02-17	SX-18			1872				1		2025-04-01T00:00:00Z		GenBank		Taiyuan Center for Disease Control and Prevention, Microbiology Laboratory	China	Gao,R.R.	2025-04-01T00:00:00Z								Human alphaherpesvirus 3		10335
PV268511.1			PARTIAL	1	China: Taiyuan, Shanxi	Asia									Homo sapiens		9606	true				2023-02-17	SX-19			1872				1		2025-04-01T00:00:00Z		GenBank		Taiyuan Center for Disease Control and Prevention, Microbiology Laboratory	China	Gao,R.R.	2025-04-01T00:00:00Z								Human alphaherpesvirus 3		10335
PV268512.1			PARTIAL	1	China: Taiyuan, Shanxi	Asia									Homo sapiens		9606	true				2023-02-17	SX-20			1872				1		2025-04-01T00:00:00Z		GenBank		Taiyuan Center for Disease Control and Prevention, Microbiology Laboratory	China	Gao,R.R.	2025-04-01T00:00:00Z								Human alphaherpesvirus 3		10335
PV268513.1			PARTIAL	1	China: Taiyuan, Shanxi	Asia									Homo sapiens		9606	true				2023-02-17	SX-21			1872				1		2025-04-01T00:00:00Z		GenBank		Taiyuan Center for Disease Control and Prevention, Microbiology Laboratory	China	Gao,R.R.	2025-04-01T00:00:00Z								Human alphaherpesvirus 3		10335
PV268514.1			PARTIAL	1	China: Taiyuan, Shanxi	Asia									Homo sapiens		9606	true				2023-02-17	SX-22			1872				1		2025-04-01T00:00:00Z		GenBank		Taiyuan Center for Disease Control and Prevention, Microbiology Laboratory	China	Gao,R.R.	2025-04-01T00:00:00Z								Human alphaherpesvirus 3		10335
PV268515.1			PARTIAL	1	China: Taiyuan, Shanxi	Asia									Homo sapiens		9606	true				2023-02-17	SX-23			1872				1		2025-04-01T00:00:00Z		GenBank		Taiyuan Center for Disease Control and Prevention, Microbiology Laboratory	China	Gao,R.R.	2025-04-01T00:00:00Z								Human alphaherpesvirus 3		10335
PV268516.1			PARTIAL	1	China: Taiyuan, Shanxi	Asia									Homo sapiens		9606	true				2023-02-17	SX-24			1872				1		2025-04-01T00:00:00Z		GenBank		Taiyuan Center for Disease Control and Prevention, Microbiology Laboratory	China	Gao,R.R.	2025-04-01T00:00:00Z								Human alphaherpesvirus 3		10335
PV268517.1			PARTIAL	1	China: Taiyuan, Shanxi	Asia									Homo sapiens		9606	true				2023-02-17	SX-25			1872				1		2025-04-01T00:00:00Z		GenBank		Taiyuan Center for Disease Control and Prevention, Microbiology Laboratory	China	Gao,R.R.	2025-04-01T00:00:00Z								Human alphaherpesvirus 3		10335
PV268518.1			PARTIAL	1	China: Taiyuan, Shanxi	Asia									Homo sapiens		9606	true				2023-02-17	SX-26			1872				1		2025-04-01T00:00:00Z		GenBank		Taiyuan Center for Disease Control and Prevention, Microbiology Laboratory	China	Gao,R.R.	2025-04-01T00:00:00Z								Human alphaherpesvirus 3		10335
PV268519.1			PARTIAL	1	China: Taiyuan, Shanxi	Asia									Homo sapiens		9606	true				2023-02-17	SX-27			1872				1		2025-04-01T00:00:00Z		GenBank		Taiyuan Center for Disease Control and Prevention, Microbiology Laboratory	China	Gao,R.R.	2025-04-01T00:00:00Z								Human alphaherpesvirus 3		10335
PV268520.1			PARTIAL	1	China: Taiyuan, Shanxi	Asia									Homo sapiens		9606	true				2023-02-17	SX-28			1872				1		2025-04-01T00:00:00Z		GenBank		Taiyuan Center for Disease Control and Prevention, Microbiology Laboratory	China	Gao,R.R.	2025-04-01T00:00:00Z								Human alphaherpesvirus 3		10335
PV268521.1			PARTIAL	1	China: Taiyuan, Shanxi	Asia									Homo sapiens		9606	true				2023-02-17	SX-29			1872				1		2025-04-01T00:00:00Z		GenBank		Taiyuan Center for Disease Control and Prevention, Microbiology Laboratory	China	Gao,R.R.	2025-04-01T00:00:00Z								Human alphaherpesvirus 3		10335
PV268522.1			PARTIAL	1	China: Taiyuan, Shanxi	Asia									Homo sapiens		9606	true				2023-02-17	SX-30			1872				1		2025-04-01T00:00:00Z		GenBank		Taiyuan Center for Disease Control and Prevention, Microbiology Laboratory	China	Gao,R.R.	2025-04-01T00:00:00Z								Human alphaherpesvirus 3		10335
PV268523.1			PARTIAL	1	China: Taiyuan, Shanxi	Asia									Homo sapiens		9606	true				2023-02-17	SX-31			1872				1		2025-04-01T00:00:00Z		GenBank		Taiyuan Center for Disease Control and Prevention, Microbiology Laboratory	China	Gao,R.R.	2025-04-01T00:00:00Z								Human alphaherpesvirus 3		10335
PV268524.1			PARTIAL	1	China: Taiyuan, Shanxi	Asia									Homo sapiens		9606	true				2023-02-17	SX-32			1872				1		2025-04-01T00:00:00Z		GenBank		Taiyuan Center for Disease Control and Prevention, Microbiology Laboratory	China	Gao,R.R.	2025-04-01T00:00:00Z								Human alphaherpesvirus 3		10335
PV268525.1			PARTIAL	1	China: Taiyuan, Shanxi	Asia									Homo sapiens		9606	true				2023-02-17	SX-33			1872				1		2025-04-01T00:00:00Z		GenBank		Taiyuan Center for Disease Control and Prevention, Microbiology Laboratory	China	Gao,R.R.	2025-04-01T00:00:00Z								Human alphaherpesvirus 3		10335
PV268526.1			PARTIAL	1	China: Taiyuan, Shanxi	Asia									Homo sapiens		9606	true				2023-02-17	SX-34			1872				1		2025-04-01T00:00:00Z		GenBank		Taiyuan Center for Disease Control and Prevention, Microbiology Laboratory	China	Gao,R.R.	2025-04-01T00:00:00Z								Human alphaherpesvirus 3		10335
PV268527.1			PARTIAL	1	China: Taiyuan, Shanxi	Asia									Homo sapiens		9606	true				2023-02-17	SX-35			1872				1		2025-04-01T00:00:00Z		GenBank		Taiyuan Center for Disease Control and Prevention, Microbiology Laboratory	China	Gao,R.R.	2025-04-01T00:00:00Z								Human alphaherpesvirus 3		10335
PV268528.1			PARTIAL	1	China: Taiyuan, Shanxi	Asia									Homo sapiens		9606	true				2023-02-17	SX-36			1872				1		2025-04-01T00:00:00Z		GenBank		Taiyuan Center for Disease Control and Prevention, Microbiology Laboratory	China	Gao,R.R.	2025-04-01T00:00:00Z								Human alphaherpesvirus 3		10335
PV268529.1			PARTIAL	1	China: Taiyuan, Shanxi	Asia									Homo sapiens		9606	true				2023-02-17	SX-37			1872				1		2025-04-01T00:00:00Z		GenBank		Taiyuan Center for Disease Control and Prevention, Microbiology Laboratory	China	Gao,R.R.	2025-04-01T00:00:00Z								Human alphaherpesvirus 3		10335
PV268530.1			PARTIAL	1	China: Taiyuan, Shanxi	Asia									Homo sapiens		9606	true				2023-02-17	SX-38			1872				1		2025-04-01T00:00:00Z		GenBank		Taiyuan Center for Disease Control and Prevention, Microbiology Laboratory	China	Gao,R.R.	2025-04-01T00:00:00Z								Human alphaherpesvirus 3		10335
PV268531.1			PARTIAL	1	China: Taiyuan, Shanxi	Asia									Homo sapiens		9606	true				2023-02-17	SX-39			1872				1		2025-04-01T00:00:00Z		GenBank		Taiyuan Center for Disease Control and Prevention, Microbiology Laboratory	China	Gao,R.R.	2025-04-01T00:00:00Z								Human alphaherpesvirus 3		10335
PV268532.1			PARTIAL	1	China: Taiyuan, Shanxi	Asia									Homo sapiens		9606	true				2023-02-17	SX-40			1872				1		2025-04-01T00:00:00Z		GenBank		Taiyuan Center for Disease Control and Prevention, Microbiology Laboratory	China	Gao,R.R.	2025-04-01T00:00:00Z								Human alphaherpesvirus 3		10335
PV610060.1			PARTIAL		China	Asia									Homo sapiens		9606					2024	FT2024017			422						2025-05-13T00:00:00Z		GenBank		Beijing Fengtai District Center for Disease Control and Prevention	China	Qin,M.,Lan,B.	2025-05-13T00:00:00Z								Human alphaherpesvirus 3		10335
PV610061.1			PARTIAL		China	Asia									Homo sapiens		9606					2024	FT2024018			422						2025-05-13T00:00:00Z		GenBank		Beijing Fengtai District Center for Disease Control and Prevention	China	Qin,M.,Lan,B.	2025-05-13T00:00:00Z								Human alphaherpesvirus 3		10335
PV610062.1			PARTIAL		China	Asia									Homo sapiens		9606					2024	FT2024019			422						2025-05-13T00:00:00Z		GenBank		Beijing Fengtai District Center for Disease Control and Prevention	China	Qin,M.,Lan,B.	2025-05-13T00:00:00Z								Human alphaherpesvirus 3		10335
PV610063.1			PARTIAL		China	Asia									Homo sapiens		9606					2024	FT2024020			422						2025-05-13T00:00:00Z		GenBank		Beijing Fengtai District Center for Disease Control and Prevention	China	Qin,M.,Lan,B.	2025-05-13T00:00:00Z								Human alphaherpesvirus 3		10335
PV610064.1			PARTIAL		China	Asia									Homo sapiens		9606					2024	FT2024021			422						2025-05-13T00:00:00Z		GenBank		Beijing Fengtai District Center for Disease Control and Prevention	China	Qin,M.,Lan,B.	2025-05-13T00:00:00Z								Human alphaherpesvirus 3		10335
PV610065.1			PARTIAL		China	Asia									Homo sapiens		9606					2024	FT2024022			422						2025-05-13T00:00:00Z		GenBank		Beijing Fengtai District Center for Disease Control and Prevention	China	Qin,M.,Lan,B.	2025-05-13T00:00:00Z								Human alphaherpesvirus 3		10335
PV610066.1			PARTIAL		China	Asia									Homo sapiens		9606					2024	FT2024023			422						2025-05-13T00:00:00Z		GenBank		Beijing Fengtai District Center for Disease Control and Prevention	China	Qin,M.,Lan,B.	2025-05-13T00:00:00Z								Human alphaherpesvirus 3		10335
PV610067.1			PARTIAL		China	Asia									Homo sapiens		9606					2024	FT2024024			422						2025-05-13T00:00:00Z		GenBank		Beijing Fengtai District Center for Disease Control and Prevention	China	Qin,M.,Lan,B.	2025-05-13T00:00:00Z								Human alphaherpesvirus 3		10335
PV610068.1			PARTIAL		China	Asia									Homo sapiens		9606					2024	FT2024025			422						2025-05-13T00:00:00Z		GenBank		Beijing Fengtai District Center for Disease Control and Prevention	China	Qin,M.,Lan,B.	2025-05-13T00:00:00Z								Human alphaherpesvirus 3		10335
PV610069.1			PARTIAL		China	Asia									Homo sapiens		9606					2024	FT2024026			422						2025-05-13T00:00:00Z		GenBank		Beijing Fengtai District Center for Disease Control and Prevention	China	Qin,M.,Lan,B.	2025-05-13T00:00:00Z								Human alphaherpesvirus 3		10335
PV610070.1			PARTIAL		China	Asia									Homo sapiens		9606					2024	FT2024027			422						2025-05-13T00:00:00Z		GenBank		Beijing Fengtai District Center for Disease Control and Prevention	China	Qin,M.,Lan,B.	2025-05-13T00:00:00Z								Human alphaherpesvirus 3		10335
PV610071.1			PARTIAL		China	Asia									Homo sapiens		9606					2024	FT2024028			422						2025-05-13T00:00:00Z		GenBank		Beijing Fengtai District Center for Disease Control and Prevention	China	Qin,M.,Lan,B.	2025-05-13T00:00:00Z								Human alphaherpesvirus 3		10335
PV610072.1			PARTIAL		China	Asia									Homo sapiens		9606					2024	FT2024029			422						2025-05-13T00:00:00Z		GenBank		Beijing Fengtai District Center for Disease Control and Prevention	China	Qin,M.,Lan,B.	2025-05-13T00:00:00Z								Human alphaherpesvirus 3		10335
PV610073.1			PARTIAL		China	Asia									Homo sapiens		9606					2024	FT2024030			422						2025-05-13T00:00:00Z		GenBank		Beijing Fengtai District Center for Disease Control and Prevention	China	Qin,M.,Lan,B.	2025-05-13T00:00:00Z								Human alphaherpesvirus 3		10335
PV610074.1			PARTIAL		China	Asia									Homo sapiens		9606					2024	FT2024031			422						2025-05-13T00:00:00Z		GenBank		Beijing Fengtai District Center for Disease Control and Prevention	China	Qin,M.,Lan,B.	2025-05-13T00:00:00Z								Human alphaherpesvirus 3		10335
PV610075.1			PARTIAL		China	Asia									Homo sapiens		9606					2024	FT2024032			422						2025-05-13T00:00:00Z		GenBank		Beijing Fengtai District Center for Disease Control and Prevention	China	Qin,M.,Lan,B.	2025-05-13T00:00:00Z								Human alphaherpesvirus 3		10335
PV610076.1			PARTIAL		China	Asia									Homo sapiens		9606					2024	FT2024033			422						2025-05-13T00:00:00Z		GenBank		Beijing Fengtai District Center for Disease Control and Prevention	China	Qin,M.,Lan,B.	2025-05-13T00:00:00Z								Human alphaherpesvirus 3		10335
PV610077.1			PARTIAL		China	Asia									Homo sapiens		9606					2024	FT2024034			422						2025-05-13T00:00:00Z		GenBank		Beijing Fengtai District Center for Disease Control and Prevention	China	Qin,M.,Lan,B.	2025-05-13T00:00:00Z								Human alphaherpesvirus 3		10335
PV610078.1			PARTIAL		China	Asia									Homo sapiens		9606					2024	FT2024035			422						2025-05-13T00:00:00Z		GenBank		Beijing Fengtai District Center for Disease Control and Prevention	China	Qin,M.,Lan,B.	2025-05-13T00:00:00Z								Human alphaherpesvirus 3		10335
PV610079.1			PARTIAL		China	Asia									Homo sapiens		9606					2024	FT2024036			422						2025-05-13T00:00:00Z		GenBank		Beijing Fengtai District Center for Disease Control and Prevention	China	Qin,M.,Lan,B.	2025-05-13T00:00:00Z								Human alphaherpesvirus 3		10335
PV610080.1			PARTIAL		China	Asia									Homo sapiens		9606					2024	FT2024037			422						2025-05-13T00:00:00Z		GenBank		Beijing Fengtai District Center for Disease Control and Prevention	China	Qin,M.,Lan,B.	2025-05-13T00:00:00Z								Human alphaherpesvirus 3		10335
PV610081.1			PARTIAL		China	Asia									Homo sapiens		9606					2024	FT2024038			422						2025-05-13T00:00:00Z		GenBank		Beijing Fengtai District Center for Disease Control and Prevention	China	Qin,M.,Lan,B.	2025-05-13T00:00:00Z								Human alphaherpesvirus 3		10335
PV610082.1			PARTIAL		China	Asia									Homo sapiens		9606					2024	FT2024039			422						2025-05-13T00:00:00Z		GenBank		Beijing Fengtai District Center for Disease Control and Prevention	China	Qin,M.,Lan,B.	2025-05-13T00:00:00Z								Human alphaherpesvirus 3		10335
PV610083.1			PARTIAL		China	Asia									Homo sapiens		9606					2024	FT2024040			422						2025-05-13T00:00:00Z		GenBank		Beijing Fengtai District Center for Disease Control and Prevention	China	Qin,M.,Lan,B.	2025-05-13T00:00:00Z								Human alphaherpesvirus 3		10335
PV610084.1			PARTIAL		China	Asia									Homo sapiens		9606					2024	FT2024041			422						2025-05-13T00:00:00Z		GenBank		Beijing Fengtai District Center for Disease Control and Prevention	China	Qin,M.,Lan,B.	2025-05-13T00:00:00Z								Human alphaherpesvirus 3		10335
PV610085.1			PARTIAL		China	Asia									Homo sapiens		9606					2024	FT2024042			422						2025-05-13T00:00:00Z		GenBank		Beijing Fengtai District Center for Disease Control and Prevention	China	Qin,M.,Lan,B.	2025-05-13T00:00:00Z								Human alphaherpesvirus 3		10335
PV610086.1			PARTIAL		China	Asia									Homo sapiens		9606					2024	FT2024043			422						2025-05-13T00:00:00Z		GenBank		Beijing Fengtai District Center for Disease Control and Prevention	China	Qin,M.,Lan,B.	2025-05-13T00:00:00Z								Human alphaherpesvirus 3		10335
PV610087.1			PARTIAL		China	Asia									Homo sapiens		9606					2024	FT2024044			422						2025-05-13T00:00:00Z		GenBank		Beijing Fengtai District Center for Disease Control and Prevention	China	Qin,M.,Lan,B.	2025-05-13T00:00:00Z								Human alphaherpesvirus 3		10335
PV610088.1			PARTIAL		China	Asia									Homo sapiens		9606					2024	FT2024045			422						2025-05-13T00:00:00Z		GenBank		Beijing Fengtai District Center for Disease Control and Prevention	China	Qin,M.,Lan,B.	2025-05-13T00:00:00Z								Human alphaherpesvirus 3		10335
PV610089.1			PARTIAL		China	Asia									Homo sapiens		9606					2024	FT2024046			422						2025-05-13T00:00:00Z		GenBank		Beijing Fengtai District Center for Disease Control and Prevention	China	Qin,M.,Lan,B.	2025-05-13T00:00:00Z								Human alphaherpesvirus 3		10335
PV610090.1			PARTIAL		China	Asia									Homo sapiens		9606					2024	FT2024047			422						2025-05-13T00:00:00Z		GenBank		Beijing Fengtai District Center for Disease Control and Prevention	China	Qin,M.,Lan,B.	2025-05-13T00:00:00Z								Human alphaherpesvirus 3		10335
PV610091.1			PARTIAL		China	Asia									Homo sapiens		9606					2024	FT2024048			422						2025-05-13T00:00:00Z		GenBank		Beijing Fengtai District Center for Disease Control and Prevention	China	Qin,M.,Lan,B.	2025-05-13T00:00:00Z								Human alphaherpesvirus 3		10335
PV610092.1			PARTIAL		China	Asia									Homo sapiens		9606					2024	FT2024049			422						2025-05-13T00:00:00Z		GenBank		Beijing Fengtai District Center for Disease Control and Prevention	China	Qin,M.,Lan,B.	2025-05-13T00:00:00Z								Human alphaherpesvirus 3		10335
PV610093.1			PARTIAL		China	Asia									Homo sapiens		9606					2024	FT2024050			422						2025-05-13T00:00:00Z		GenBank		Beijing Fengtai District Center for Disease Control and Prevention	China	Qin,M.,Lan,B.	2025-05-13T00:00:00Z								Human alphaherpesvirus 3		10335
PV610094.1			PARTIAL		China	Asia									Homo sapiens		9606					2024	FT2024051			422						2025-05-13T00:00:00Z		GenBank		Beijing Fengtai District Center for Disease Control and Prevention	China	Qin,M.,Lan,B.	2025-05-13T00:00:00Z								Human alphaherpesvirus 3		10335
PV610095.1			PARTIAL		China	Asia									Homo sapiens		9606					2024	FT2024052			422						2025-05-13T00:00:00Z		GenBank		Beijing Fengtai District Center for Disease Control and Prevention	China	Qin,M.,Lan,B.	2025-05-13T00:00:00Z								Human alphaherpesvirus 3		10335
PV610096.1			PARTIAL		China	Asia									Homo sapiens		9606					2024	FT2024053			422						2025-05-13T00:00:00Z		GenBank		Beijing Fengtai District Center for Disease Control and Prevention	China	Qin,M.,Lan,B.	2025-05-13T00:00:00Z								Human alphaherpesvirus 3		10335
PV610097.1			PARTIAL		China	Asia									Homo sapiens		9606					2024	FT2024054			422						2025-05-13T00:00:00Z		GenBank		Beijing Fengtai District Center for Disease Control and Prevention	China	Qin,M.,Lan,B.	2025-05-13T00:00:00Z								Human alphaherpesvirus 3		10335
PV610098.1			PARTIAL		China	Asia									Homo sapiens		9606					2024	FT2024055			422						2025-05-13T00:00:00Z		GenBank		Beijing Fengtai District Center for Disease Control and Prevention	China	Qin,M.,Lan,B.	2025-05-13T00:00:00Z								Human alphaherpesvirus 3		10335
PV610099.1			PARTIAL		China	Asia									Homo sapiens		9606					2024	FT2024056			422						2025-05-13T00:00:00Z		GenBank		Beijing Fengtai District Center for Disease Control and Prevention	China	Qin,M.,Lan,B.	2025-05-13T00:00:00Z								Human alphaherpesvirus 3		10335
PV610100.1			PARTIAL		China	Asia									Homo sapiens		9606					2024	FT2024057			422						2025-05-13T00:00:00Z		GenBank		Beijing Fengtai District Center for Disease Control and Prevention	China	Qin,M.,Lan,B.	2025-05-13T00:00:00Z								Human alphaherpesvirus 3		10335
PV610101.1			PARTIAL		China	Asia									Homo sapiens		9606					2024	FT2024058			422						2025-05-13T00:00:00Z		GenBank		Beijing Fengtai District Center for Disease Control and Prevention	China	Qin,M.,Lan,B.	2025-05-13T00:00:00Z								Human alphaherpesvirus 3		10335
PV610102.1			PARTIAL		China	Asia									Homo sapiens		9606					2024	FT2024059			422						2025-05-13T00:00:00Z		GenBank		Beijing Fengtai District Center for Disease Control and Prevention	China	Qin,M.,Lan,B.	2025-05-13T00:00:00Z								Human alphaherpesvirus 3		10335
PV610103.1			PARTIAL		China	Asia									Homo sapiens		9606					2024	FT2024060			422						2025-05-13T00:00:00Z		GenBank		Beijing Fengtai District Center for Disease Control and Prevention	China	Qin,M.,Lan,B.	2025-05-13T00:00:00Z								Human alphaherpesvirus 3		10335
PV610104.1			PARTIAL		China	Asia									Homo sapiens		9606					2024	FT2024061			422						2025-05-13T00:00:00Z		GenBank		Beijing Fengtai District Center for Disease Control and Prevention	China	Qin,M.,Lan,B.	2025-05-13T00:00:00Z								Human alphaherpesvirus 3		10335
PV610105.1			PARTIAL		China	Asia									Homo sapiens		9606					2024	FT2024062			422						2025-05-13T00:00:00Z		GenBank		Beijing Fengtai District Center for Disease Control and Prevention	China	Qin,M.,Lan,B.	2025-05-13T00:00:00Z								Human alphaherpesvirus 3		10335
PV610106.1			PARTIAL		China	Asia									Homo sapiens		9606					2024	FT2024063			422						2025-05-13T00:00:00Z		GenBank		Beijing Fengtai District Center for Disease Control and Prevention	China	Qin,M.,Lan,B.	2025-05-13T00:00:00Z								Human alphaherpesvirus 3		10335
PV610107.1			PARTIAL		China	Asia									Homo sapiens		9606					2024	FT2024064			422						2025-05-13T00:00:00Z		GenBank		Beijing Fengtai District Center for Disease Control and Prevention	China	Qin,M.,Lan,B.	2025-05-13T00:00:00Z								Human alphaherpesvirus 3		10335
PV610108.1			PARTIAL		China	Asia									Homo sapiens		9606					2024	FT2024065			422						2025-05-13T00:00:00Z		GenBank		Beijing Fengtai District Center for Disease Control and Prevention	China	Qin,M.,Lan,B.	2025-05-13T00:00:00Z								Human alphaherpesvirus 3		10335
PV610109.1			PARTIAL		China	Asia									Homo sapiens		9606					2024	FT2024066			422						2025-05-13T00:00:00Z		GenBank		Beijing Fengtai District Center for Disease Control and Prevention	China	Qin,M.,Lan,B.	2025-05-13T00:00:00Z								Human alphaherpesvirus 3		10335
PV610110.1			PARTIAL		China	Asia									Homo sapiens		9606					2024	FT2024067			422						2025-05-13T00:00:00Z		GenBank		Beijing Fengtai District Center for Disease Control and Prevention	China	Qin,M.,Lan,B.	2025-05-13T00:00:00Z								Human alphaherpesvirus 3		10335
PV610111.1			PARTIAL		China	Asia									Homo sapiens		9606					2024	FT2024068			422						2025-05-13T00:00:00Z		GenBank		Beijing Fengtai District Center for Disease Control and Prevention	China	Qin,M.,Lan,B.	2025-05-13T00:00:00Z								Human alphaherpesvirus 3		10335
PV610112.1			PARTIAL		China	Asia									Homo sapiens		9606					2024	FT2024070			422						2025-05-13T00:00:00Z		GenBank		Beijing Fengtai District Center for Disease Control and Prevention	China	Qin,M.,Lan,B.	2025-05-13T00:00:00Z								Human alphaherpesvirus 3		10335
PV610113.1			PARTIAL		China	Asia									Homo sapiens		9606					2024	FT2024071			422						2025-05-13T00:00:00Z		GenBank		Beijing Fengtai District Center for Disease Control and Prevention	China	Qin,M.,Lan,B.	2025-05-13T00:00:00Z								Human alphaherpesvirus 3		10335
PV610114.1			PARTIAL		China	Asia									Homo sapiens		9606					2024	FT2024072			422						2025-05-13T00:00:00Z		GenBank		Beijing Fengtai District Center for Disease Control and Prevention	China	Qin,M.,Lan,B.	2025-05-13T00:00:00Z								Human alphaherpesvirus 3		10335
PV610115.1			PARTIAL		China	Asia									Homo sapiens		9606					2024	FT2024073			422						2025-05-13T00:00:00Z		GenBank		Beijing Fengtai District Center for Disease Control and Prevention	China	Qin,M.,Lan,B.	2025-05-13T00:00:00Z								Human alphaherpesvirus 3		10335
PV610116.1			PARTIAL		China	Asia									Homo sapiens		9606					2024	FT2024074			422						2025-05-13T00:00:00Z		GenBank		Beijing Fengtai District Center for Disease Control and Prevention	China	Qin,M.,Lan,B.	2025-05-13T00:00:00Z								Human alphaherpesvirus 3		10335
PV610117.1			PARTIAL		China	Asia									Homo sapiens		9606					2024	FT2024075			422						2025-05-13T00:00:00Z		GenBank		Beijing Fengtai District Center for Disease Control and Prevention	China	Qin,M.,Lan,B.	2025-05-13T00:00:00Z								Human alphaherpesvirus 3		10335
PV610118.1			PARTIAL		China	Asia									Homo sapiens		9606					2024	FT2024076			422						2025-05-13T00:00:00Z		GenBank		Beijing Fengtai District Center for Disease Control and Prevention	China	Qin,M.,Lan,B.	2025-05-13T00:00:00Z								Human alphaherpesvirus 3		10335
PV610119.1			PARTIAL		China	Asia									Homo sapiens		9606					2024	FT2024077			422						2025-05-13T00:00:00Z		GenBank		Beijing Fengtai District Center for Disease Control and Prevention	China	Qin,M.,Lan,B.	2025-05-13T00:00:00Z								Human alphaherpesvirus 3		10335
PV610120.1			PARTIAL		China	Asia									Homo sapiens		9606					2024	FT2024078			422						2025-05-13T00:00:00Z		GenBank		Beijing Fengtai District Center for Disease Control and Prevention	China	Qin,M.,Lan,B.	2025-05-13T00:00:00Z								Human alphaherpesvirus 3		10335
PV610121.1			PARTIAL		China	Asia									Homo sapiens		9606					2024	FT2024079			422						2025-05-13T00:00:00Z		GenBank		Beijing Fengtai District Center for Disease Control and Prevention	China	Qin,M.,Lan,B.	2025-05-13T00:00:00Z								Human alphaherpesvirus 3		10335
PV610122.1			PARTIAL		China	Asia									Homo sapiens		9606					2024	FT2024080			422						2025-05-13T00:00:00Z		GenBank		Beijing Fengtai District Center for Disease Control and Prevention	China	Qin,M.,Lan,B.	2025-05-13T00:00:00Z								Human alphaherpesvirus 3		10335
PV610123.1			PARTIAL		China	Asia									Homo sapiens		9606					2024	FT2024081			422						2025-05-13T00:00:00Z		GenBank		Beijing Fengtai District Center for Disease Control and Prevention	China	Qin,M.,Lan,B.	2025-05-13T00:00:00Z								Human alphaherpesvirus 3		10335
PV610124.1			PARTIAL		China	Asia									Homo sapiens		9606					2024	FT2024082			422						2025-05-13T00:00:00Z		GenBank		Beijing Fengtai District Center for Disease Control and Prevention	China	Qin,M.,Lan,B.	2025-05-13T00:00:00Z								Human alphaherpesvirus 3		10335
PV610125.1			PARTIAL		China	Asia									Homo sapiens		9606					2024	FT2024083			422						2025-05-13T00:00:00Z		GenBank		Beijing Fengtai District Center for Disease Control and Prevention	China	Qin,M.,Lan,B.	2025-05-13T00:00:00Z								Human alphaherpesvirus 3		10335
PV610126.1			PARTIAL		China	Asia									Homo sapiens		9606					2024	FT2024084			422						2025-05-13T00:00:00Z		GenBank		Beijing Fengtai District Center for Disease Control and Prevention	China	Qin,M.,Lan,B.	2025-05-13T00:00:00Z								Human alphaherpesvirus 3		10335
PV610127.1			PARTIAL		China	Asia									Homo sapiens		9606					2024	FT2024085			422						2025-05-13T00:00:00Z		GenBank		Beijing Fengtai District Center for Disease Control and Prevention	China	Qin,M.,Lan,B.	2025-05-13T00:00:00Z								Human alphaherpesvirus 3		10335
PV610128.1			PARTIAL		China	Asia									Homo sapiens		9606					2024	FT2024086			422						2025-05-13T00:00:00Z		GenBank		Beijing Fengtai District Center for Disease Control and Prevention	China	Qin,M.,Lan,B.	2025-05-13T00:00:00Z								Human alphaherpesvirus 3		10335
PV610129.1			PARTIAL		China	Asia									Homo sapiens		9606					2024	FT2024087			422						2025-05-13T00:00:00Z		GenBank		Beijing Fengtai District Center for Disease Control and Prevention	China	Qin,M.,Lan,B.	2025-05-13T00:00:00Z								Human alphaherpesvirus 3		10335
PV610130.1			PARTIAL		China	Asia									Homo sapiens		9606					2024	FT2024088			422						2025-05-13T00:00:00Z		GenBank		Beijing Fengtai District Center for Disease Control and Prevention	China	Qin,M.,Lan,B.	2025-05-13T00:00:00Z								Human alphaherpesvirus 3		10335
PV610131.1			PARTIAL		China	Asia									Homo sapiens		9606					2024	FT2024089			422						2025-05-13T00:00:00Z		GenBank		Beijing Fengtai District Center for Disease Control and Prevention	China	Qin,M.,Lan,B.	2025-05-13T00:00:00Z								Human alphaherpesvirus 3		10335
PV610132.1			PARTIAL		China	Asia									Homo sapiens		9606					2024	FT2024090			422						2025-05-13T00:00:00Z		GenBank		Beijing Fengtai District Center for Disease Control and Prevention	China	Qin,M.,Lan,B.	2025-05-13T00:00:00Z								Human alphaherpesvirus 3		10335
PV610133.1			PARTIAL		China	Asia									Homo sapiens		9606					2024	FT2024091			422						2025-05-13T00:00:00Z		GenBank		Beijing Fengtai District Center for Disease Control and Prevention	China	Qin,M.,Lan,B.	2025-05-13T00:00:00Z								Human alphaherpesvirus 3		10335
PV610134.1			PARTIAL		China	Asia									Homo sapiens		9606					2024	FT2024092			422						2025-05-13T00:00:00Z		GenBank		Beijing Fengtai District Center for Disease Control and Prevention	China	Qin,M.,Lan,B.	2025-05-13T00:00:00Z								Human alphaherpesvirus 3		10335
PV610135.1			PARTIAL		China	Asia									Homo sapiens		9606					2024	FT2024093			422						2025-05-13T00:00:00Z		GenBank		Beijing Fengtai District Center for Disease Control and Prevention	China	Qin,M.,Lan,B.	2025-05-13T00:00:00Z								Human alphaherpesvirus 3		10335
PV610136.1			PARTIAL		China	Asia									Homo sapiens		9606					2024	FT2024094			422						2025-05-13T00:00:00Z		GenBank		Beijing Fengtai District Center for Disease Control and Prevention	China	Qin,M.,Lan,B.	2025-05-13T00:00:00Z								Human alphaherpesvirus 3		10335
PV610137.1			PARTIAL		China	Asia									Homo sapiens		9606					2024	FT2024095			422						2025-05-13T00:00:00Z		GenBank		Beijing Fengtai District Center for Disease Control and Prevention	China	Qin,M.,Lan,B.	2025-05-13T00:00:00Z								Human alphaherpesvirus 3		10335
PV610138.1			PARTIAL		China	Asia									Homo sapiens		9606					2024	FT2024096			422						2025-05-13T00:00:00Z		GenBank		Beijing Fengtai District Center for Disease Control and Prevention	China	Qin,M.,Lan,B.	2025-05-13T00:00:00Z								Human alphaherpesvirus 3		10335
PV610139.1			PARTIAL		China	Asia									Homo sapiens		9606					2024	FT2024097			422						2025-05-13T00:00:00Z		GenBank		Beijing Fengtai District Center for Disease Control and Prevention	China	Qin,M.,Lan,B.	2025-05-13T00:00:00Z								Human alphaherpesvirus 3		10335
PV610140.1			PARTIAL		China	Asia									Homo sapiens		9606					2024	FT2024098			422						2025-05-13T00:00:00Z		GenBank		Beijing Fengtai District Center for Disease Control and Prevention	China	Qin,M.,Lan,B.	2025-05-13T00:00:00Z								Human alphaherpesvirus 3		10335
PV610141.1			PARTIAL		China	Asia									Homo sapiens		9606					2024	FT2024099			422						2025-05-13T00:00:00Z		GenBank		Beijing Fengtai District Center for Disease Control and Prevention	China	Qin,M.,Lan,B.	2025-05-13T00:00:00Z								Human alphaherpesvirus 3		10335
PV610142.1			PARTIAL		China	Asia									Homo sapiens		9606					2024	FT2024100			422						2025-05-13T00:00:00Z		GenBank		Beijing Fengtai District Center for Disease Control and Prevention	China	Qin,M.,Lan,B.	2025-05-13T00:00:00Z								Human alphaherpesvirus 3		10335
PV610143.1			PARTIAL		China	Asia									Homo sapiens		9606					2024	FT2024101			422						2025-05-13T00:00:00Z		GenBank		Beijing Fengtai District Center for Disease Control and Prevention	China	Qin,M.,Lan,B.	2025-05-13T00:00:00Z								Human alphaherpesvirus 3		10335
PV610144.1			PARTIAL		China	Asia									Homo sapiens		9606					2024	FT2024102			422						2025-05-13T00:00:00Z		GenBank		Beijing Fengtai District Center for Disease Control and Prevention	China	Qin,M.,Lan,B.	2025-05-13T00:00:00Z								Human alphaherpesvirus 3		10335
PV610145.1			PARTIAL		China	Asia									Homo sapiens		9606					2024	FT2024103			422						2025-05-13T00:00:00Z		GenBank		Beijing Fengtai District Center for Disease Control and Prevention	China	Qin,M.,Lan,B.	2025-05-13T00:00:00Z								Human alphaherpesvirus 3		10335
PV610146.1			PARTIAL		China	Asia									Homo sapiens		9606					2024	FT2024104			422						2025-05-13T00:00:00Z		GenBank		Beijing Fengtai District Center for Disease Control and Prevention	China	Qin,M.,Lan,B.	2025-05-13T00:00:00Z								Human alphaherpesvirus 3		10335
PV610147.1			PARTIAL		China	Asia									Homo sapiens		9606					2024	FT2024105			422						2025-05-13T00:00:00Z		GenBank		Beijing Fengtai District Center for Disease Control and Prevention	China	Qin,M.,Lan,B.	2025-05-13T00:00:00Z								Human alphaherpesvirus 3		10335
PV610148.1			PARTIAL		China	Asia									Homo sapiens		9606					2024	FT2024106			422						2025-05-13T00:00:00Z		GenBank		Beijing Fengtai District Center for Disease Control and Prevention	China	Qin,M.,Lan,B.	2025-05-13T00:00:00Z								Human alphaherpesvirus 3		10335
PV610149.1			PARTIAL		China	Asia									Homo sapiens		9606					2024	FT2024107			422						2025-05-13T00:00:00Z		GenBank		Beijing Fengtai District Center for Disease Control and Prevention	China	Qin,M.,Lan,B.	2025-05-13T00:00:00Z								Human alphaherpesvirus 3		10335
PV610150.1			PARTIAL		China	Asia									Homo sapiens		9606					2024	FT2024108			422						2025-05-13T00:00:00Z		GenBank		Beijing Fengtai District Center for Disease Control and Prevention	China	Qin,M.,Lan,B.	2025-05-13T00:00:00Z								Human alphaherpesvirus 3		10335
PV610151.1			PARTIAL		China	Asia									Homo sapiens		9606					2024	FT2024109			422						2025-05-13T00:00:00Z		GenBank		Beijing Fengtai District Center for Disease Control and Prevention	China	Qin,M.,Lan,B.	2025-05-13T00:00:00Z								Human alphaherpesvirus 3		10335
PV610152.1			PARTIAL		China	Asia									Homo sapiens		9606					2024	FT2024110			422						2025-05-13T00:00:00Z		GenBank		Beijing Fengtai District Center for Disease Control and Prevention	China	Qin,M.,Lan,B.	2025-05-13T00:00:00Z								Human alphaherpesvirus 3		10335
PV610153.1			PARTIAL		China	Asia									Homo sapiens		9606					2024	FT2024111			422						2025-05-13T00:00:00Z		GenBank		Beijing Fengtai District Center for Disease Control and Prevention	China	Qin,M.,Lan,B.	2025-05-13T00:00:00Z								Human alphaherpesvirus 3		10335
PV610154.1			PARTIAL		China	Asia									Homo sapiens		9606					2024	FT2024112			422						2025-05-13T00:00:00Z		GenBank		Beijing Fengtai District Center for Disease Control and Prevention	China	Qin,M.,Lan,B.	2025-05-13T00:00:00Z								Human alphaherpesvirus 3		10335
PV610155.1			PARTIAL		China	Asia									Homo sapiens		9606					2024	FT2024113			422						2025-05-13T00:00:00Z		GenBank		Beijing Fengtai District Center for Disease Control and Prevention	China	Qin,M.,Lan,B.	2025-05-13T00:00:00Z								Human alphaherpesvirus 3		10335
PV610156.1			PARTIAL		China	Asia									Homo sapiens		9606					2024	FT2024114			422						2025-05-13T00:00:00Z		GenBank		Beijing Fengtai District Center for Disease Control and Prevention	China	Qin,M.,Lan,B.	2025-05-13T00:00:00Z								Human alphaherpesvirus 3		10335
PV610157.1			PARTIAL		China	Asia									Homo sapiens		9606					2024	FT2024115			422						2025-05-13T00:00:00Z		GenBank		Beijing Fengtai District Center for Disease Control and Prevention	China	Qin,M.,Lan,B.	2025-05-13T00:00:00Z								Human alphaherpesvirus 3		10335
PV610158.1			PARTIAL		China	Asia									Homo sapiens		9606					2024	FT2024116			422						2025-05-13T00:00:00Z		GenBank		Beijing Fengtai District Center for Disease Control and Prevention	China	Qin,M.,Lan,B.	2025-05-13T00:00:00Z								Human alphaherpesvirus 3		10335
PV610159.1			PARTIAL		China	Asia									Homo sapiens		9606					2024	FT2024117			422						2025-05-13T00:00:00Z		GenBank		Beijing Fengtai District Center for Disease Control and Prevention	China	Qin,M.,Lan,B.	2025-05-13T00:00:00Z								Human alphaherpesvirus 3		10335
PV610160.1			PARTIAL		China	Asia									Homo sapiens		9606					2024	FT2024118			422						2025-05-13T00:00:00Z		GenBank		Beijing Fengtai District Center for Disease Control and Prevention	China	Qin,M.,Lan,B.	2025-05-13T00:00:00Z								Human alphaherpesvirus 3		10335
PV610161.1			PARTIAL		China	Asia									Homo sapiens		9606					2024	FT2024119			422						2025-05-13T00:00:00Z		GenBank		Beijing Fengtai District Center for Disease Control and Prevention	China	Qin,M.,Lan,B.	2025-05-13T00:00:00Z								Human alphaherpesvirus 3		10335
PV610162.1			PARTIAL		China	Asia									Homo sapiens		9606					2024	FT2024120			422						2025-05-13T00:00:00Z		GenBank		Beijing Fengtai District Center for Disease Control and Prevention	China	Qin,M.,Lan,B.	2025-05-13T00:00:00Z								Human alphaherpesvirus 3		10335
PV610163.1			PARTIAL		China	Asia									Homo sapiens		9606					2024	FT2024121			422						2025-05-13T00:00:00Z		GenBank		Beijing Fengtai District Center for Disease Control and Prevention	China	Qin,M.,Lan,B.	2025-05-13T00:00:00Z								Human alphaherpesvirus 3		10335
PV610164.1			PARTIAL		China	Asia									Homo sapiens		9606					2024	FT2024122			422						2025-05-13T00:00:00Z		GenBank		Beijing Fengtai District Center for Disease Control and Prevention	China	Qin,M.,Lan,B.	2025-05-13T00:00:00Z								Human alphaherpesvirus 3		10335
PV610165.1			PARTIAL		China	Asia									Homo sapiens		9606					2024	FT2024123			422						2025-05-13T00:00:00Z		GenBank		Beijing Fengtai District Center for Disease Control and Prevention	China	Qin,M.,Lan,B.	2025-05-13T00:00:00Z								Human alphaherpesvirus 3		10335
PV610166.1			PARTIAL		China	Asia									Homo sapiens		9606					2024	FT2024124			422						2025-05-13T00:00:00Z		GenBank		Beijing Fengtai District Center for Disease Control and Prevention	China	Qin,M.,Lan,B.	2025-05-13T00:00:00Z								Human alphaherpesvirus 3		10335
PV610167.1			PARTIAL		China	Asia									Homo sapiens		9606					2024	FT2024125			422						2025-05-13T00:00:00Z		GenBank		Beijing Fengtai District Center for Disease Control and Prevention	China	Qin,M.,Lan,B.	2025-05-13T00:00:00Z								Human alphaherpesvirus 3		10335
PV610168.1			PARTIAL		China	Asia									Homo sapiens		9606					2024	FT2024126			422						2025-05-13T00:00:00Z		GenBank		Beijing Fengtai District Center for Disease Control and Prevention	China	Qin,M.,Lan,B.	2025-05-13T00:00:00Z								Human alphaherpesvirus 3		10335
PV610169.1			PARTIAL		China	Asia									Homo sapiens		9606					2024	FT2024127			422						2025-05-13T00:00:00Z		GenBank		Beijing Fengtai District Center for Disease Control and Prevention	China	Qin,M.,Lan,B.	2025-05-13T00:00:00Z								Human alphaherpesvirus 3		10335
PV610170.1			PARTIAL		China	Asia									Homo sapiens		9606					2024	FT2024128			422						2025-05-13T00:00:00Z		GenBank		Beijing Fengtai District Center for Disease Control and Prevention	China	Qin,M.,Lan,B.	2025-05-13T00:00:00Z								Human alphaherpesvirus 3		10335
PV610171.1			PARTIAL		China	Asia									Homo sapiens		9606					2024	FT2024129			422						2025-05-13T00:00:00Z		GenBank		Beijing Fengtai District Center for Disease Control and Prevention	China	Qin,M.,Lan,B.	2025-05-13T00:00:00Z								Human alphaherpesvirus 3		10335
PV610172.1			PARTIAL		China	Asia									Homo sapiens		9606					2024	FT2024130			422						2025-05-13T00:00:00Z		GenBank		Beijing Fengtai District Center for Disease Control and Prevention	China	Qin,M.,Lan,B.	2025-05-13T00:00:00Z								Human alphaherpesvirus 3		10335
PV610173.1			PARTIAL		China	Asia									Homo sapiens		9606					2024	FT2024131			422						2025-05-13T00:00:00Z		GenBank		Beijing Fengtai District Center for Disease Control and Prevention	China	Qin,M.,Lan,B.	2025-05-13T00:00:00Z								Human alphaherpesvirus 3		10335
PV610174.1			PARTIAL		China	Asia									Homo sapiens		9606					2024	FT2024132			422						2025-05-13T00:00:00Z		GenBank		Beijing Fengtai District Center for Disease Control and Prevention	China	Qin,M.,Lan,B.	2025-05-13T00:00:00Z								Human alphaherpesvirus 3		10335
PV610175.1			PARTIAL		China	Asia									Homo sapiens		9606					2024	FT2024133			422						2025-05-13T00:00:00Z		GenBank		Beijing Fengtai District Center for Disease Control and Prevention	China	Qin,M.,Lan,B.	2025-05-13T00:00:00Z								Human alphaherpesvirus 3		10335
PV610176.1			PARTIAL		China	Asia									Homo sapiens		9606					2024	FT2024135			422						2025-05-13T00:00:00Z		GenBank		Beijing Fengtai District Center for Disease Control and Prevention	China	Qin,M.,Lan,B.	2025-05-13T00:00:00Z								Human alphaherpesvirus 3		10335
PV610177.1			PARTIAL		China	Asia									Homo sapiens		9606					2024	FT2024136			422						2025-05-13T00:00:00Z		GenBank		Beijing Fengtai District Center for Disease Control and Prevention	China	Qin,M.,Lan,B.	2025-05-13T00:00:00Z								Human alphaherpesvirus 3		10335
PV610178.1			PARTIAL		China	Asia									Homo sapiens		9606					2024	FT2024137			422						2025-05-13T00:00:00Z		GenBank		Beijing Fengtai District Center for Disease Control and Prevention	China	Qin,M.,Lan,B.	2025-05-13T00:00:00Z								Human alphaherpesvirus 3		10335
PV610179.1			PARTIAL		China	Asia									Homo sapiens		9606					2024	FT2024138			422						2025-05-13T00:00:00Z		GenBank		Beijing Fengtai District Center for Disease Control and Prevention	China	Qin,M.,Lan,B.	2025-05-13T00:00:00Z								Human alphaherpesvirus 3		10335
PV610180.1			PARTIAL		China	Asia									Homo sapiens		9606					2024	FT2024139			422						2025-05-13T00:00:00Z		GenBank		Beijing Fengtai District Center for Disease Control and Prevention	China	Qin,M.,Lan,B.	2025-05-13T00:00:00Z								Human alphaherpesvirus 3		10335
PV610181.1			PARTIAL		China	Asia									Homo sapiens		9606					2024	FT2024140			422						2025-05-13T00:00:00Z		GenBank		Beijing Fengtai District Center for Disease Control and Prevention	China	Qin,M.,Lan,B.	2025-05-13T00:00:00Z								Human alphaherpesvirus 3		10335
PV610182.1			PARTIAL		China	Asia									Homo sapiens		9606					2024	FT2024141			422						2025-05-13T00:00:00Z		GenBank		Beijing Fengtai District Center for Disease Control and Prevention	China	Qin,M.,Lan,B.	2025-05-13T00:00:00Z								Human alphaherpesvirus 3		10335
PV610183.1			PARTIAL		China	Asia									Homo sapiens		9606					2024	FT2024142			422						2025-05-13T00:00:00Z		GenBank		Beijing Fengtai District Center for Disease Control and Prevention	China	Qin,M.,Lan,B.	2025-05-13T00:00:00Z								Human alphaherpesvirus 3		10335
PV610184.1			PARTIAL		China	Asia									Homo sapiens		9606					2024	FT2024143			422						2025-05-13T00:00:00Z		GenBank		Beijing Fengtai District Center for Disease Control and Prevention	China	Qin,M.,Lan,B.	2025-05-13T00:00:00Z								Human alphaherpesvirus 3		10335
PV610185.1			PARTIAL		China	Asia									Homo sapiens		9606					2024	FT2024144			422						2025-05-13T00:00:00Z		GenBank		Beijing Fengtai District Center for Disease Control and Prevention	China	Qin,M.,Lan,B.	2025-05-13T00:00:00Z								Human alphaherpesvirus 3		10335
PV610186.1			PARTIAL		China	Asia									Homo sapiens		9606					2024	FT2024145			422						2025-05-13T00:00:00Z		GenBank		Beijing Fengtai District Center for Disease Control and Prevention	China	Qin,M.,Lan,B.	2025-05-13T00:00:00Z								Human alphaherpesvirus 3		10335
PV610187.1			PARTIAL		China	Asia									Homo sapiens		9606					2024	FT2024146			422						2025-05-13T00:00:00Z		GenBank		Beijing Fengtai District Center for Disease Control and Prevention	China	Qin,M.,Lan,B.	2025-05-13T00:00:00Z								Human alphaherpesvirus 3		10335
PV610188.1			PARTIAL		China	Asia									Homo sapiens		9606					2024	FT2024147			422						2025-05-13T00:00:00Z		GenBank		Beijing Fengtai District Center for Disease Control and Prevention	China	Qin,M.,Lan,B.	2025-05-13T00:00:00Z								Human alphaherpesvirus 3		10335
PV610189.1			PARTIAL		China	Asia									Homo sapiens		9606					2024	FT2024148			422						2025-05-13T00:00:00Z		GenBank		Beijing Fengtai District Center for Disease Control and Prevention	China	Qin,M.,Lan,B.	2025-05-13T00:00:00Z								Human alphaherpesvirus 3		10335
PV610190.1			PARTIAL		China	Asia									Homo sapiens		9606					2024	FT2024149			422						2025-05-13T00:00:00Z		GenBank		Beijing Fengtai District Center for Disease Control and Prevention	China	Qin,M.,Lan,B.	2025-05-13T00:00:00Z								Human alphaherpesvirus 3		10335
PV610191.1			PARTIAL		China	Asia									Homo sapiens		9606					2024	FT2024150			422						2025-05-13T00:00:00Z		GenBank		Beijing Fengtai District Center for Disease Control and Prevention	China	Qin,M.,Lan,B.	2025-05-13T00:00:00Z								Human alphaherpesvirus 3		10335
PV610192.1			PARTIAL		China	Asia									Homo sapiens		9606					2024	FT2024151			422						2025-05-13T00:00:00Z		GenBank		Beijing Fengtai District Center for Disease Control and Prevention	China	Qin,M.,Lan,B.	2025-05-13T00:00:00Z								Human alphaherpesvirus 3		10335
PV610193.1			PARTIAL		China	Asia									Homo sapiens		9606					2024	FT2024152			422						2025-05-13T00:00:00Z		GenBank		Beijing Fengtai District Center for Disease Control and Prevention	China	Qin,M.,Lan,B.	2025-05-13T00:00:00Z								Human alphaherpesvirus 3		10335
PV610194.1			PARTIAL		China	Asia									Homo sapiens		9606					2024	FT2024153			422						2025-05-13T00:00:00Z		GenBank		Beijing Fengtai District Center for Disease Control and Prevention	China	Qin,M.,Lan,B.	2025-05-13T00:00:00Z								Human alphaherpesvirus 3		10335
PV610195.1			PARTIAL		China	Asia									Homo sapiens		9606					2024	FT2024154			422						2025-05-13T00:00:00Z		GenBank		Beijing Fengtai District Center for Disease Control and Prevention	China	Qin,M.,Lan,B.	2025-05-13T00:00:00Z								Human alphaherpesvirus 3		10335
PV610196.1			PARTIAL		China	Asia									Homo sapiens		9606					2024	FT2024155			422						2025-05-13T00:00:00Z		GenBank		Beijing Fengtai District Center for Disease Control and Prevention	China	Qin,M.,Lan,B.	2025-05-13T00:00:00Z								Human alphaherpesvirus 3		10335
PV610197.1			PARTIAL		China	Asia									Homo sapiens		9606					2024	FT2024156			422						2025-05-13T00:00:00Z		GenBank		Beijing Fengtai District Center for Disease Control and Prevention	China	Qin,M.,Lan,B.	2025-05-13T00:00:00Z								Human alphaherpesvirus 3		10335
PV610198.1			PARTIAL		China	Asia									Homo sapiens		9606					2024	FT2024157			422						2025-05-13T00:00:00Z		GenBank		Beijing Fengtai District Center for Disease Control and Prevention	China	Qin,M.,Lan,B.	2025-05-13T00:00:00Z								Human alphaherpesvirus 3		10335
PV610199.1			PARTIAL		China	Asia									Homo sapiens		9606					2024	FT2024158			422						2025-05-13T00:00:00Z		GenBank		Beijing Fengtai District Center for Disease Control and Prevention	China	Qin,M.,Lan,B.	2025-05-13T00:00:00Z								Human alphaherpesvirus 3		10335
PV610200.1			PARTIAL		China	Asia									Homo sapiens		9606					2024	FT2024159			422						2025-05-13T00:00:00Z		GenBank		Beijing Fengtai District Center for Disease Control and Prevention	China	Qin,M.,Lan,B.	2025-05-13T00:00:00Z								Human alphaherpesvirus 3		10335
PV610201.1			PARTIAL		China	Asia									Homo sapiens		9606					2024	FT2024160			422						2025-05-13T00:00:00Z		GenBank		Beijing Fengtai District Center for Disease Control and Prevention	China	Qin,M.,Lan,B.	2025-05-13T00:00:00Z								Human alphaherpesvirus 3		10335
PY002089.1			PARTIAL																							1993						2026-02-08T00:00:00Z		GenBank				Reed,S.,Carter,D.,Khandhar,A.,Archer,J.,Berglund,L.,Erasmus,J.,Berube,B.,Duthie,M.	2026-02-08T00:00:00Z								Human alphaherpesvirus 3		10335
PY002100.1			PARTIAL																							1072						2026-02-08T00:00:00Z		GenBank				Reed,S.,Carter,D.,Khandhar,A.,Archer,J.,Berglund,L.,Erasmus,J.,Berube,B.,Duthie,M.	2026-02-08T00:00:00Z								Human alphaherpesvirus 3		10335
S56042.1			PARTIAL	1														true					Scott			167				1		1992-07-10T00:00:00Z		GenBank				Ling,P.,Kinchington,P.R.,Ruyechan,W.T.,Hay,J.	2016-07-24T00:00:00Z								Human alphaherpesvirus 3		10335
S56048.1			PARTIAL	1														true					Scott			499						1993-05-07T00:00:00Z		GenBank				Ling,P.,Kinchington,P.R.,Ruyechan,W.T.,Hay,J.	1992-07-10T00:00:00Z								Human alphaherpesvirus 3		10335
S74211.1			PARTIAL	1											Homo sapiens		9606	true								158						1995-03-16T00:00:00Z		GenBank				Cohrs,R.J.,Srock,K.,Barbour,M.B.,Owens,G.,Mahalingam,R.,Devlin,M.E.,Wellish,M.,Gilden,D.H.	2018-07-27T00:00:00Z								Human alphaherpesvirus 3		10335
U68702.1			PARTIAL	1														true					Oka			1134				1		1996-10-18T00:00:00Z		GenBank		Aviron, 297 N. Bernardo Ave, Mountain View, CA 94043	USA	Kemble,G.W.,Winter,R.E.,Cha,T.-A.,Spaete,R.R.	1996-10-11T00:00:00Z								Human alphaherpesvirus 3		10335
X00208.1			PARTIAL	5														true								6084				5		1985-02-20T00:00:00Z		GenBank				Davison,A.J.	1993-09-12T00:00:00Z								Human alphaherpesvirus 3		10335
X02132.1			PARTIAL	3														true								7747				3		1986-07-02T00:00:00Z		GenBank				Davison,A.J.,Scott,J.E.	1999-02-10T00:00:00Z								Human alphaherpesvirus 3		10335
X04370.1			COMPLETE	73														true					Dumas			124884				73		1987-09-19T00:00:00Z		GenBank				Davison,A.J.,Scott,J.E.	2005-04-18T00:00:00Z								Human herpesvirus 3 strain Dumas		10338
